receive_time,receive_date,receive_timestamp_ms,type,sensor_name,node_id,sequence,mesh_time_us,uptime_ms,bmp280_connected,temperature_c,humidity_percent,pressure_hpa,error,raw_json
2026-09-20T22:26:20.485,2026-09-20 00:00:00,1789907180485,sensor_data,Sensor_B,1611764737,63588,1085653540,317937784,True,26.39,,995.15,,"{""type"":""sensor_data"",""sensor_name"":""Sensor_B"",""node_id"":1611764737,""sequence"":63588,""mesh_time_us"":1085653540,""uptime_ms"":317937784,""bmp280_connected"":true,""temperature_c"":26.39,""pressure_hpa"":995.15,""bmp280_address"":""0x76""}"
2026-09-20T22:26:25.483,2026-09-20 00:00:00,1789907185483,sensor_data,Sensor_B,1611764737,63589,1090653503,317942784,True,26.4,,995.16,,"{""type"":""sensor_data"",""sensor_name"":""Sensor_B"",""node_id"":1611764737,""sequence"":63589,""mesh_time_us"":1090653503,""uptime_ms"":317942784,""bmp280_connected"":true,""temperature_c"":26.40,""pressure_hpa"":995.16,""bmp280_address"":""0x76""}"
2026-09-20T22:26:30.488,2026-09-20 00:00:00,1789907190488,sensor_data,Sensor_B,1611764737,63590,1095653499,317947784,True,26.42,,995.17,,"{""type"":""sensor_data"",""sensor_name"":""Sensor_B"",""node_id"":1611764737,""sequence"":63590,""mesh_time_us"":1095653499,""uptime_ms"":317947784,""bmp280_connected"":true,""temperature_c"":26.42,""pressure_hpa"":995.17,""bmp280_address"":""0x76""}"
2026-09-20T22:26:35.484,2026-09-20 00:00:00,1789907195484,sensor_data,Sensor_B,1611764737,63591,1100653541,317952784,True,26.42,,995.18,,"{""type"":""sensor_data"",""sensor_name"":""Sensor_B"",""node_id"":1611764737,""sequence"":63591,""mesh_time_us"":1100653541,""uptime_ms"":317952784,""bmp280_connected"":true,""temperature_c"":26.42,""pressure_hpa"":995.18,""bmp280_address"":""0x76""}"
2026-09-20T22:26:40.483,2026-09-20 00:00:00,1789907200483,sensor_data,Sensor_B,1611764737,63592,1105653465,317957784,True,26.44,,995.2,,"{""type"":""sensor_data"",""sensor_name"":""Sensor_B"",""node_id"":1611764737,""sequence"":63592,""mesh_time_us"":1105653465,""uptime_ms"":317957784,""bmp280_connected"":true,""temperature_c"":26.44,""pressure_hpa"":995.20,""bmp280_address"":""0x76""}"
2026-09-20T22:26:45.485,2026-09-20 00:00:00,1789907205485,sensor_data,Sensor_B,1611764737,63593,1110653538,317962784,True,26.45,,995.16,,"{""type"":""sensor_data"",""sensor_name"":""Sensor_B"",""node_id"":1611764737,""sequence"":63593,""mesh_time_us"":1110653538,""uptime_ms"":317962784,""bmp280_connected"":true,""temperature_c"":26.45,""pressure_hpa"":995.16,""bmp280_address"":""0x76""}"
2026-09-20T22:26:50.484,2026-09-20 00:00:00,1789907210484,sensor_data,Sensor_B,1611764737,63594,1115653503,317967784,True,26.46,,995.14,,"{""type"":""sensor_data"",""sensor_name"":""Sensor_B"",""node_id"":1611764737,""sequence"":63594,""mesh_time_us"":1115653503,""uptime_ms"":317967784,""bmp280_connected"":true,""temperature_c"":26.46,""pressure_hpa"":995.14,""bmp280_address"":""0x76""}"
2026-09-20T22:26:55.484,2026-09-20 00:00:00,1789907215484,sensor_data,Sensor_B,1611764737,63595,1120653518,317972784,True,26.47,,995.14,,"{""type"":""sensor_data"",""sensor_name"":""Sensor_B"",""node_id"":1611764737,""sequence"":63595,""mesh_time_us"":1120653518,""uptime_ms"":317972784,""bmp280_connected"":true,""temperature_c"":26.47,""pressure_hpa"":995.14,""bmp280_address"":""0x76""}"
2026-09-20T22:27:00.485,2026-09-20 00:00:00,1789907220485,sensor_data,Sensor_B,1611764737,63596,1125653556,317977784,True,26.46,,995.1,,"{""type"":""sensor_data"",""sensor_name"":""Sensor_B"",""node_id"":1611764737,""sequence"":63596,""mesh_time_us"":1125653556,""uptime_ms"":317977784,""bmp280_connected"":true,""temperature_c"":26.46,""pressure_hpa"":995.10,""bmp280_address"":""0x76""}"
2026-09-20T22:27:05.486,2026-09-20 00:00:00,1789907225486,sensor_data,Sensor_B,1611764737,63597,1130653515,317982784,True,26.45,,995.07,,"{""type"":""sensor_data"",""sensor_name"":""Sensor_B"",""node_id"":1611764737,""sequence"":63597,""mesh_time_us"":1130653515,""uptime_ms"":317982784,""bmp280_connected"":true,""temperature_c"":26.45,""pressure_hpa"":995.07,""bmp280_address"":""0x76""}"
2026-09-20T22:27:10.483,2026-09-20 00:00:00,1789907230483,sensor_data,Sensor_B,1611764737,63598,1135653578,317987784,True,26.44,,995.04,,"{""type"":""sensor_data"",""sensor_name"":""Sensor_B"",""node_id"":1611764737,""sequence"":63598,""mesh_time_us"":1135653578,""uptime_ms"":317987784,""bmp280_connected"":true,""temperature_c"":26.44,""pressure_hpa"":995.04,""bmp280_address"":""0x76""}"
2026-09-20T22:27:15.493,2026-09-20 00:00:00,1789907235493,sensor_data,Sensor_B,1611764737,63599,1140653598,317992784,True,26.44,,995.03,,"{""type"":""sensor_data"",""sensor_name"":""Sensor_B"",""node_id"":1611764737,""sequence"":63599,""mesh_time_us"":1140653598,""uptime_ms"":317992784,""bmp280_connected"":true,""temperature_c"":26.44,""pressure_hpa"":995.03,""bmp280_address"":""0x76""}"
2026-09-20T22:27:15.803,2026-09-20 00:00:00,1789907235803,sensor_data,Sensor_D,1549410049,136,1140821633,676896,True,23.2,,994.93,,"{""type"":""sensor_data"",""sensor_name"":""Sensor_D"",""node_id"":1549410049,""sequence"":136,""mesh_time_us"":1140821633,""uptime_ms"":676896,""bmp280_connected"":true,""temperature_c"":23.20,""pressure_hpa"":994.93,""bmp280_address"":""0x76""}"
2026-09-20T22:27:20.486,2026-09-20 00:00:00,1789907240486,sensor_data,Sensor_B,1611764737,63600,1145653567,317997784,True,26.44,,995.01,,"{""type"":""sensor_data"",""sensor_name"":""Sensor_B"",""node_id"":1611764737,""sequence"":63600,""mesh_time_us"":1145653567,""uptime_ms"":317997784,""bmp280_connected"":true,""temperature_c"":26.44,""pressure_hpa"":995.01,""bmp280_address"":""0x76""}"
2026-09-20T22:27:20.746,2026-09-20 00:00:00,1789907240746,sensor_data,Sensor_D,1549410049,137,1145821655,681896,True,23.18,,994.93,,"{""type"":""sensor_data"",""sensor_name"":""Sensor_D"",""node_id"":1549410049,""sequence"":137,""mesh_time_us"":1145821655,""uptime_ms"":681896,""bmp280_connected"":true,""temperature_c"":23.18,""pressure_hpa"":994.93,""bmp280_address"":""0x76""}"
2026-09-20T22:27:25.484,2026-09-20 00:00:00,1789907245484,sensor_data,Sensor_B,1611764737,63601,1150653608,318002784,True,26.43,,995.05,,"{""type"":""sensor_data"",""sensor_name"":""Sensor_B"",""node_id"":1611764737,""sequence"":63601,""mesh_time_us"":1150653608,""uptime_ms"":318002784,""bmp280_connected"":true,""temperature_c"":26.43,""pressure_hpa"":995.05,""bmp280_address"":""0x76""}"
2026-09-20T22:27:25.839,2026-09-20 00:00:00,1789907245839,sensor_data,Sensor_D,1549410049,138,1150827863,686902,True,23.17,,995,,"{""type"":""sensor_data"",""sensor_name"":""Sensor_D"",""node_id"":1549410049,""sequence"":138,""mesh_time_us"":1150827863,""uptime_ms"":686902,""bmp280_connected"":true,""temperature_c"":23.17,""pressure_hpa"":995.00,""bmp280_address"":""0x76""}"
2026-09-20T22:27:30.491,2026-09-20 00:00:00,1789907250491,sensor_data,Sensor_B,1611764737,63602,1155653588,318007784,True,26.43,,995.12,,"{""type"":""sensor_data"",""sensor_name"":""Sensor_B"",""node_id"":1611764737,""sequence"":63602,""mesh_time_us"":1155653588,""uptime_ms"":318007784,""bmp280_connected"":true,""temperature_c"":26.43,""pressure_hpa"":995.12,""bmp280_address"":""0x76""}"
2026-09-20T22:27:30.755,2026-09-20 00:00:00,1789907250755,sensor_data,Sensor_D,1549410049,139,1155821641,691896,True,23.15,,995.02,,"{""type"":""sensor_data"",""sensor_name"":""Sensor_D"",""node_id"":1549410049,""sequence"":139,""mesh_time_us"":1155821641,""uptime_ms"":691896,""bmp280_connected"":true,""temperature_c"":23.15,""pressure_hpa"":995.02,""bmp280_address"":""0x76""}"
2026-09-20T22:27:35.484,2026-09-20 00:00:00,1789907255484,sensor_data,Sensor_B,1611764737,63603,1160653538,318012784,True,26.41,,995.14,,"{""type"":""sensor_data"",""sensor_name"":""Sensor_B"",""node_id"":1611764737,""sequence"":63603,""mesh_time_us"":1160653538,""uptime_ms"":318012784,""bmp280_connected"":true,""temperature_c"":26.41,""pressure_hpa"":995.14,""bmp280_address"":""0x76""}"
2026-09-20T22:27:35.873,2026-09-20 00:00:00,1789907255873,sensor_data,Sensor_D,1549410049,140,1160821666,696896,True,23.14,,995.03,,"{""type"":""sensor_data"",""sensor_name"":""Sensor_D"",""node_id"":1549410049,""sequence"":140,""mesh_time_us"":1160821666,""uptime_ms"":696896,""bmp280_connected"":true,""temperature_c"":23.14,""pressure_hpa"":995.03,""bmp280_address"":""0x76""}"
2026-09-20T22:27:40.485,2026-09-20 00:00:00,1789907260485,sensor_data,Sensor_B,1611764737,63604,1165653586,318017784,True,26.41,,995.17,,"{""type"":""sensor_data"",""sensor_name"":""Sensor_B"",""node_id"":1611764737,""sequence"":63604,""mesh_time_us"":1165653586,""uptime_ms"":318017784,""bmp280_connected"":true,""temperature_c"":26.41,""pressure_hpa"":995.17,""bmp280_address"":""0x76""}"
2026-09-20T22:27:40.791,2026-09-20 00:00:00,1789907260791,sensor_data,Sensor_D,1549410049,141,1165821631,701896,True,23.13,,995,,"{""type"":""sensor_data"",""sensor_name"":""Sensor_D"",""node_id"":1549410049,""sequence"":141,""mesh_time_us"":1165821631,""uptime_ms"":701896,""bmp280_connected"":true,""temperature_c"":23.13,""pressure_hpa"":995.00,""bmp280_address"":""0x76""}"
2026-09-20T22:27:45.485,2026-09-20 00:00:00,1789907265485,sensor_data,Sensor_B,1611764737,63605,1170653536,318022784,True,26.42,,995.19,,"{""type"":""sensor_data"",""sensor_name"":""Sensor_B"",""node_id"":1611764737,""sequence"":63605,""mesh_time_us"":1170653536,""uptime_ms"":318022784,""bmp280_connected"":true,""temperature_c"":26.42,""pressure_hpa"":995.19,""bmp280_address"":""0x76""}"
2026-09-20T22:27:50.486,2026-09-20 00:00:00,1789907270486,sensor_data,Sensor_B,1611764737,63606,1175653553,318027784,True,26.41,,995.2,,"{""type"":""sensor_data"",""sensor_name"":""Sensor_B"",""node_id"":1611764737,""sequence"":63606,""mesh_time_us"":1175653553,""uptime_ms"":318027784,""bmp280_connected"":true,""temperature_c"":26.41,""pressure_hpa"":995.20,""bmp280_address"":""0x76""}"
2026-09-20T22:27:51.342,2026-09-20 00:00:00,1789907271342,sensor_data,Sensor_D,1549410049,142,1170821626,706896,True,23.12,,995,,"{""type"":""sensor_data"",""sensor_name"":""Sensor_D"",""node_id"":1549410049,""sequence"":142,""mesh_time_us"":1170821626,""uptime_ms"":706896,""bmp280_connected"":true,""temperature_c"":23.12,""pressure_hpa"":995.00,""bmp280_address"":""0x76""}"
2026-09-20T22:27:51.864,2026-09-20 00:00:00,1789907271864,sensor_data,Sensor_D,1549410049,143,1175821629,711896,True,23.1,,994.98,,"{""type"":""sensor_data"",""sensor_name"":""Sensor_D"",""node_id"":1549410049,""sequence"":143,""mesh_time_us"":1175821629,""uptime_ms"":711896,""bmp280_connected"":true,""temperature_c"":23.10,""pressure_hpa"":994.98,""bmp280_address"":""0x76""}"
2026-09-20T22:27:55.484,2026-09-20 00:00:00,1789907275484,sensor_data,Sensor_B,1611764737,63607,1180653565,318032784,True,26.42,,995.21,,"{""type"":""sensor_data"",""sensor_name"":""Sensor_B"",""node_id"":1611764737,""sequence"":63607,""mesh_time_us"":1180653565,""uptime_ms"":318032784,""bmp280_connected"":true,""temperature_c"":26.42,""pressure_hpa"":995.21,""bmp280_address"":""0x76""}"
2026-09-20T22:28:00.485,2026-09-20 00:00:00,1789907280485,sensor_data,Sensor_B,1611764737,63608,1185653592,318037784,True,26.43,,995.21,,"{""type"":""sensor_data"",""sensor_name"":""Sensor_B"",""node_id"":1611764737,""sequence"":63608,""mesh_time_us"":1185653592,""uptime_ms"":318037784,""bmp280_connected"":true,""temperature_c"":26.43,""pressure_hpa"":995.21,""bmp280_address"":""0x76""}"
2026-09-20T22:28:01.299,2026-09-20 00:00:00,1789907281299,sensor_data,Sensor_D,1549410049,144,1180821616,716896,True,23.09,,994.98,,"{""type"":""sensor_data"",""sensor_name"":""Sensor_D"",""node_id"":1549410049,""sequence"":144,""mesh_time_us"":1180821616,""uptime_ms"":716896,""bmp280_connected"":true,""temperature_c"":23.09,""pressure_hpa"":994.98,""bmp280_address"":""0x76""}"
2026-09-20T22:28:01.472,2026-09-20 00:00:00,1789907281472,sensor_data,Sensor_D,1549410049,145,1185821602,721896,True,23.08,,995.01,,"{""type"":""sensor_data"",""sensor_name"":""Sensor_D"",""node_id"":1549410049,""sequence"":145,""mesh_time_us"":1185821602,""uptime_ms"":721896,""bmp280_connected"":true,""temperature_c"":23.08,""pressure_hpa"":995.01,""bmp280_address"":""0x76""}"
2026-09-20T22:28:05.487,2026-09-20 00:00:00,1789907285487,sensor_data,Sensor_B,1611764737,63609,1190653571,318042784,True,26.43,,995.21,,"{""type"":""sensor_data"",""sensor_name"":""Sensor_B"",""node_id"":1611764737,""sequence"":63609,""mesh_time_us"":1190653571,""uptime_ms"":318042784,""bmp280_connected"":true,""temperature_c"":26.43,""pressure_hpa"":995.21,""bmp280_address"":""0x76""}"
2026-09-20T22:28:05.835,2026-09-20 00:00:00,1789907285835,sensor_data,Sensor_D,1549410049,146,1190821616,726896,True,23.07,,995.03,,"{""type"":""sensor_data"",""sensor_name"":""Sensor_D"",""node_id"":1549410049,""sequence"":146,""mesh_time_us"":1190821616,""uptime_ms"":726896,""bmp280_connected"":true,""temperature_c"":23.07,""pressure_hpa"":995.03,""bmp280_address"":""0x76""}"
2026-09-20T22:28:10.485,2026-09-20 00:00:00,1789907290485,sensor_data,Sensor_B,1611764737,63610,1195653594,318047784,True,26.42,,995.24,,"{""type"":""sensor_data"",""sensor_name"":""Sensor_B"",""node_id"":1611764737,""sequence"":63610,""mesh_time_us"":1195653594,""uptime_ms"":318047784,""bmp280_connected"":true,""temperature_c"":26.42,""pressure_hpa"":995.24,""bmp280_address"":""0x76""}"
2026-09-20T22:28:10.897,2026-09-20 00:00:00,1789907290897,sensor_data,Sensor_D,1549410049,147,1195821630,731896,True,23.06,,995.07,,"{""type"":""sensor_data"",""sensor_name"":""Sensor_D"",""node_id"":1549410049,""sequence"":147,""mesh_time_us"":1195821630,""uptime_ms"":731896,""bmp280_connected"":true,""temperature_c"":23.06,""pressure_hpa"":995.07,""bmp280_address"":""0x76""}"
2026-09-20T22:28:15.487,2026-09-20 00:00:00,1789907295487,sensor_data,Sensor_B,1611764737,63611,1200653622,318052784,True,26.41,,995.26,,"{""type"":""sensor_data"",""sensor_name"":""Sensor_B"",""node_id"":1611764737,""sequence"":63611,""mesh_time_us"":1200653622,""uptime_ms"":318052784,""bmp280_connected"":true,""temperature_c"":26.41,""pressure_hpa"":995.26,""bmp280_address"":""0x76""}"
2026-09-20T22:28:15.809,2026-09-20 00:00:00,1789907295809,sensor_data,Sensor_D,1549410049,148,1200828712,736896,True,23.04,,995.08,,"{""type"":""sensor_data"",""sensor_name"":""Sensor_D"",""node_id"":1549410049,""sequence"":148,""mesh_time_us"":1200828712,""uptime_ms"":736896,""bmp280_connected"":true,""temperature_c"":23.04,""pressure_hpa"":995.08,""bmp280_address"":""0x76""}"
2026-09-20T22:28:20.487,2026-09-20 00:00:00,1789907300487,sensor_data,Sensor_B,1611764737,63612,1205653518,318057784,True,26.41,,995.27,,"{""type"":""sensor_data"",""sensor_name"":""Sensor_B"",""node_id"":1611764737,""sequence"":63612,""mesh_time_us"":1205653518,""uptime_ms"":318057784,""bmp280_connected"":true,""temperature_c"":26.41,""pressure_hpa"":995.27,""bmp280_address"":""0x76""}"
2026-09-20T22:28:22.155,2026-09-20 00:00:00,1789907302155,sensor_data,Sensor_D,1549410049,149,1205830314,741897,True,23.04,,995.09,,"{""type"":""sensor_data"",""sensor_name"":""Sensor_D"",""node_id"":1549410049,""sequence"":149,""mesh_time_us"":1205830314,""uptime_ms"":741897,""bmp280_connected"":true,""temperature_c"":23.04,""pressure_hpa"":995.09,""bmp280_address"":""0x76""}"
2026-09-20T22:28:25.485,2026-09-20 00:00:00,1789907305485,sensor_data,Sensor_B,1611764737,63613,1210653538,318062784,True,26.41,,995.24,,"{""type"":""sensor_data"",""sensor_name"":""Sensor_B"",""node_id"":1611764737,""sequence"":63613,""mesh_time_us"":1210653538,""uptime_ms"":318062784,""bmp280_connected"":true,""temperature_c"":26.41,""pressure_hpa"":995.24,""bmp280_address"":""0x76""}"
2026-09-20T22:28:25.844,2026-09-20 00:00:00,1789907305844,sensor_data,Sensor_D,1549410049,150,1210828714,746896,True,23.04,,995.08,,"{""type"":""sensor_data"",""sensor_name"":""Sensor_D"",""node_id"":1549410049,""sequence"":150,""mesh_time_us"":1210828714,""uptime_ms"":746896,""bmp280_connected"":true,""temperature_c"":23.04,""pressure_hpa"":995.08,""bmp280_address"":""0x76""}"
2026-09-20T22:28:30.487,2026-09-20 00:00:00,1789907310487,sensor_data,Sensor_B,1611764737,63614,1215653569,318067784,True,26.4,,995.21,,"{""type"":""sensor_data"",""sensor_name"":""Sensor_B"",""node_id"":1611764737,""sequence"":63614,""mesh_time_us"":1215653569,""uptime_ms"":318067784,""bmp280_connected"":true,""temperature_c"":26.40,""pressure_hpa"":995.21,""bmp280_address"":""0x76""}"
2026-09-20T22:28:30.716,2026-09-20 00:00:00,1789907310716,sensor_data,Sensor_D,1549410049,151,1215828746,751896,True,23.04,,995.09,,"{""type"":""sensor_data"",""sensor_name"":""Sensor_D"",""node_id"":1549410049,""sequence"":151,""mesh_time_us"":1215828746,""uptime_ms"":751896,""bmp280_connected"":true,""temperature_c"":23.04,""pressure_hpa"":995.09,""bmp280_address"":""0x76""}"
2026-09-20T22:28:35.484,2026-09-20 00:00:00,1789907315484,sensor_data,Sensor_B,1611764737,63615,1220653559,318072784,True,26.39,,995.19,,"{""type"":""sensor_data"",""sensor_name"":""Sensor_B"",""node_id"":1611764737,""sequence"":63615,""mesh_time_us"":1220653559,""uptime_ms"":318072784,""bmp280_connected"":true,""temperature_c"":26.39,""pressure_hpa"":995.19,""bmp280_address"":""0x76""}"
2026-09-20T22:28:35.881,2026-09-20 00:00:00,1789907315881,sensor_data,Sensor_D,1549410049,152,1220828763,756896,True,23.04,,995.09,,"{""type"":""sensor_data"",""sensor_name"":""Sensor_D"",""node_id"":1549410049,""sequence"":152,""mesh_time_us"":1220828763,""uptime_ms"":756896,""bmp280_connected"":true,""temperature_c"":23.04,""pressure_hpa"":995.09,""bmp280_address"":""0x76""}"
2026-09-20T22:28:40.485,2026-09-20 00:00:00,1789907320485,sensor_data,Sensor_B,1611764737,63616,1225653529,318077784,True,26.39,,995.21,,"{""type"":""sensor_data"",""sensor_name"":""Sensor_B"",""node_id"":1611764737,""sequence"":63616,""mesh_time_us"":1225653529,""uptime_ms"":318077784,""bmp280_connected"":true,""temperature_c"":26.39,""pressure_hpa"":995.21,""bmp280_address"":""0x76""}"
2026-09-20T22:28:42.289,2026-09-20 00:00:00,1789907322289,sensor_data,Sensor_D,1549410049,153,1225828727,761896,True,23.04,,995.1,,"{""type"":""sensor_data"",""sensor_name"":""Sensor_D"",""node_id"":1549410049,""sequence"":153,""mesh_time_us"":1225828727,""uptime_ms"":761896,""bmp280_connected"":true,""temperature_c"":23.04,""pressure_hpa"":995.10,""bmp280_address"":""0x76""}"
2026-09-20T22:28:45.487,2026-09-20 00:00:00,1789907325487,sensor_data,Sensor_B,1611764737,63617,1230653586,318082784,True,26.39,,995.22,,"{""type"":""sensor_data"",""sensor_name"":""Sensor_B"",""node_id"":1611764737,""sequence"":63617,""mesh_time_us"":1230653586,""uptime_ms"":318082784,""bmp280_connected"":true,""temperature_c"":26.39,""pressure_hpa"":995.22,""bmp280_address"":""0x76""}"
2026-09-20T22:28:45.725,2026-09-20 00:00:00,1789907325725,sensor_data,Sensor_D,1549410049,154,1230828714,766896,True,23.04,,995.13,,"{""type"":""sensor_data"",""sensor_name"":""Sensor_D"",""node_id"":1549410049,""sequence"":154,""mesh_time_us"":1230828714,""uptime_ms"":766896,""bmp280_connected"":true,""temperature_c"":23.04,""pressure_hpa"":995.13,""bmp280_address"":""0x76""}"
2026-09-20T22:28:50.485,2026-09-20 00:00:00,1789907330485,sensor_data,Sensor_B,1611764737,63618,1235653630,318087784,True,26.39,,995.26,,"{""type"":""sensor_data"",""sensor_name"":""Sensor_B"",""node_id"":1611764737,""sequence"":63618,""mesh_time_us"":1235653630,""uptime_ms"":318087784,""bmp280_connected"":true,""temperature_c"":26.39,""pressure_hpa"":995.26,""bmp280_address"":""0x76""}"
2026-09-20T22:28:50.831,2026-09-20 00:00:00,1789907330831,sensor_data,Sensor_D,1549410049,155,1235828741,771896,True,23.04,,995.14,,"{""type"":""sensor_data"",""sensor_name"":""Sensor_D"",""node_id"":1549410049,""sequence"":155,""mesh_time_us"":1235828741,""uptime_ms"":771896,""bmp280_connected"":true,""temperature_c"":23.04,""pressure_hpa"":995.14,""bmp280_address"":""0x76""}"
2026-09-20T22:28:55.489,2026-09-20 00:00:00,1789907335489,sensor_data,Sensor_B,1611764737,63619,1240653585,318092784,True,26.4,,995.27,,"{""type"":""sensor_data"",""sensor_name"":""Sensor_B"",""node_id"":1611764737,""sequence"":63619,""mesh_time_us"":1240653585,""uptime_ms"":318092784,""bmp280_connected"":true,""temperature_c"":26.40,""pressure_hpa"":995.27,""bmp280_address"":""0x76""}"
2026-09-20T22:28:55.748,2026-09-20 00:00:00,1789907335748,sensor_data,Sensor_D,1549410049,156,1240829765,776897,True,23.05,,995.14,,"{""type"":""sensor_data"",""sensor_name"":""Sensor_D"",""node_id"":1549410049,""sequence"":156,""mesh_time_us"":1240829765,""uptime_ms"":776897,""bmp280_connected"":true,""temperature_c"":23.05,""pressure_hpa"":995.14,""bmp280_address"":""0x76""}"
2026-09-20T22:29:00.486,2026-09-20 00:00:00,1789907340486,sensor_data,Sensor_B,1611764737,63620,1245653621,318097784,True,26.41,,995.29,,"{""type"":""sensor_data"",""sensor_name"":""Sensor_B"",""node_id"":1611764737,""sequence"":63620,""mesh_time_us"":1245653621,""uptime_ms"":318097784,""bmp280_connected"":true,""temperature_c"":26.41,""pressure_hpa"":995.29,""bmp280_address"":""0x76""}"
2026-09-20T22:29:00.869,2026-09-20 00:00:00,1789907340869,sensor_data,Sensor_D,1549410049,157,1245828755,781896,True,23.06,,995.16,,"{""type"":""sensor_data"",""sensor_name"":""Sensor_D"",""node_id"":1549410049,""sequence"":157,""mesh_time_us"":1245828755,""uptime_ms"":781896,""bmp280_connected"":true,""temperature_c"":23.06,""pressure_hpa"":995.16,""bmp280_address"":""0x76""}"
2026-09-20T22:29:05.485,2026-09-20 00:00:00,1789907345485,sensor_data,Sensor_B,1611764737,63621,1250653520,318102784,True,26.42,,995.29,,"{""type"":""sensor_data"",""sensor_name"":""Sensor_B"",""node_id"":1611764737,""sequence"":63621,""mesh_time_us"":1250653520,""uptime_ms"":318102784,""bmp280_connected"":true,""temperature_c"":26.42,""pressure_hpa"":995.29,""bmp280_address"":""0x76""}"
2026-09-20T22:29:05.781,2026-09-20 00:00:00,1789907345781,sensor_data,Sensor_D,1549410049,158,1250828740,786896,True,23.07,,995.2,,"{""type"":""sensor_data"",""sensor_name"":""Sensor_D"",""node_id"":1549410049,""sequence"":158,""mesh_time_us"":1250828740,""uptime_ms"":786896,""bmp280_connected"":true,""temperature_c"":23.07,""pressure_hpa"":995.20,""bmp280_address"":""0x76""}"
2026-09-20T22:29:10.494,2026-09-20 00:00:00,1789907350494,sensor_data,Sensor_B,1611764737,63622,1255653550,318107784,True,26.43,,995.32,,"{""type"":""sensor_data"",""sensor_name"":""Sensor_B"",""node_id"":1611764737,""sequence"":63622,""mesh_time_us"":1255653550,""uptime_ms"":318107784,""bmp280_connected"":true,""temperature_c"":26.43,""pressure_hpa"":995.32,""bmp280_address"":""0x76""}"
2026-09-20T22:29:10.697,2026-09-20 00:00:00,1789907350697,sensor_data,Sensor_D,1549410049,159,1255828754,791896,True,23.09,,995.22,,"{""type"":""sensor_data"",""sensor_name"":""Sensor_D"",""node_id"":1549410049,""sequence"":159,""mesh_time_us"":1255828754,""uptime_ms"":791896,""bmp280_connected"":true,""temperature_c"":23.09,""pressure_hpa"":995.22,""bmp280_address"":""0x76""}"
2026-09-20T22:29:15.485,2026-09-20 00:00:00,1789907355485,sensor_data,Sensor_B,1611764737,63623,1260653584,318112784,True,26.44,,995.32,,"{""type"":""sensor_data"",""sensor_name"":""Sensor_B"",""node_id"":1611764737,""sequence"":63623,""mesh_time_us"":1260653584,""uptime_ms"":318112784,""bmp280_connected"":true,""temperature_c"":26.44,""pressure_hpa"":995.32,""bmp280_address"":""0x76""}"
2026-09-20T22:29:15.817,2026-09-20 00:00:00,1789907355817,sensor_data,Sensor_D,1549410049,160,1260824544,796896,True,23.1,,995.22,,"{""type"":""sensor_data"",""sensor_name"":""Sensor_D"",""node_id"":1549410049,""sequence"":160,""mesh_time_us"":1260824544,""uptime_ms"":796896,""bmp280_connected"":true,""temperature_c"":23.10,""pressure_hpa"":995.22,""bmp280_address"":""0x76""}"
2026-09-20T22:29:20.486,2026-09-20 00:00:00,1789907360486,sensor_data,Sensor_B,1611764737,63624,1265653563,318117784,True,26.45,,995.33,,"{""type"":""sensor_data"",""sensor_name"":""Sensor_B"",""node_id"":1611764737,""sequence"":63624,""mesh_time_us"":1265653563,""uptime_ms"":318117784,""bmp280_connected"":true,""temperature_c"":26.45,""pressure_hpa"":995.33,""bmp280_address"":""0x76""}"
2026-09-20T22:29:20.733,2026-09-20 00:00:00,1789907360733,sensor_data,Sensor_D,1549410049,161,1265831351,801902,True,23.11,,995.22,,"{""type"":""sensor_data"",""sensor_name"":""Sensor_D"",""node_id"":1549410049,""sequence"":161,""mesh_time_us"":1265831351,""uptime_ms"":801902,""bmp280_connected"":true,""temperature_c"":23.11,""pressure_hpa"":995.22,""bmp280_address"":""0x76""}"
2026-09-20T22:29:25.486,2026-09-20 00:00:00,1789907365486,sensor_data,Sensor_B,1611764737,63625,1270653570,318122784,True,26.46,,995.37,,"{""type"":""sensor_data"",""sensor_name"":""Sensor_B"",""node_id"":1611764737,""sequence"":63625,""mesh_time_us"":1270653570,""uptime_ms"":318122784,""bmp280_connected"":true,""temperature_c"":26.46,""pressure_hpa"":995.37,""bmp280_address"":""0x76""}"
2026-09-20T22:29:27.614,2026-09-20 00:00:00,1789907367614,sensor_data,Sensor_D,1549410049,162,1270824513,806896,True,23.12,,995.23,,"{""type"":""sensor_data"",""sensor_name"":""Sensor_D"",""node_id"":1549410049,""sequence"":162,""mesh_time_us"":1270824513,""uptime_ms"":806896,""bmp280_connected"":true,""temperature_c"":23.12,""pressure_hpa"":995.23,""bmp280_address"":""0x76""}"
2026-09-20T22:29:30.486,2026-09-20 00:00:00,1789907370486,sensor_data,Sensor_B,1611764737,63626,1275653519,318127784,True,26.47,,995.37,,"{""type"":""sensor_data"",""sensor_name"":""Sensor_B"",""node_id"":1611764737,""sequence"":63626,""mesh_time_us"":1275653519,""uptime_ms"":318127784,""bmp280_connected"":true,""temperature_c"":26.47,""pressure_hpa"":995.37,""bmp280_address"":""0x76""}"
2026-09-20T22:29:30.775,2026-09-20 00:00:00,1789907370775,sensor_data,Sensor_D,1549410049,163,1275824546,811896,True,23.14,,995.23,,"{""type"":""sensor_data"",""sensor_name"":""Sensor_D"",""node_id"":1549410049,""sequence"":163,""mesh_time_us"":1275824546,""uptime_ms"":811896,""bmp280_connected"":true,""temperature_c"":23.14,""pressure_hpa"":995.23,""bmp280_address"":""0x76""}"
2026-09-20T22:29:35.487,2026-09-20 00:00:00,1789907375487,sensor_data,Sensor_B,1611764737,63627,1280653599,318132784,True,26.47,,995.4,,"{""type"":""sensor_data"",""sensor_name"":""Sensor_B"",""node_id"":1611764737,""sequence"":63627,""mesh_time_us"":1280653599,""uptime_ms"":318132784,""bmp280_connected"":true,""temperature_c"":26.47,""pressure_hpa"":995.40,""bmp280_address"":""0x76""}"
2026-09-20T22:29:35.689,2026-09-20 00:00:00,1789907375689,sensor_data,Sensor_D,1549410049,164,1280824507,816896,True,23.15,,995.25,,"{""type"":""sensor_data"",""sensor_name"":""Sensor_D"",""node_id"":1549410049,""sequence"":164,""mesh_time_us"":1280824507,""uptime_ms"":816896,""bmp280_connected"":true,""temperature_c"":23.15,""pressure_hpa"":995.25,""bmp280_address"":""0x76""}"
2026-09-20T22:29:40.488,2026-09-20 00:00:00,1789907380488,sensor_data,Sensor_B,1611764737,63628,1285653557,318137784,True,26.47,,995.41,,"{""type"":""sensor_data"",""sensor_name"":""Sensor_B"",""node_id"":1611764737,""sequence"":63628,""mesh_time_us"":1285653557,""uptime_ms"":318137784,""bmp280_connected"":true,""temperature_c"":26.47,""pressure_hpa"":995.41,""bmp280_address"":""0x76""}"
2026-09-20T22:29:40.803,2026-09-20 00:00:00,1789907380803,sensor_data,Sensor_D,1549410049,165,1285824507,821896,True,23.15,,995.28,,"{""type"":""sensor_data"",""sensor_name"":""Sensor_D"",""node_id"":1549410049,""sequence"":165,""mesh_time_us"":1285824507,""uptime_ms"":821896,""bmp280_connected"":true,""temperature_c"":23.15,""pressure_hpa"":995.28,""bmp280_address"":""0x76""}"
2026-09-20T22:29:45.486,2026-09-20 00:00:00,1789907385486,sensor_data,Sensor_B,1611764737,63629,1290653608,318142784,True,26.45,,995.44,,"{""type"":""sensor_data"",""sensor_name"":""Sensor_B"",""node_id"":1611764737,""sequence"":63629,""mesh_time_us"":1290653608,""uptime_ms"":318142784,""bmp280_connected"":true,""temperature_c"":26.45,""pressure_hpa"":995.44,""bmp280_address"":""0x76""}"
2026-09-20T22:29:45.924,2026-09-20 00:00:00,1789907385924,sensor_data,Sensor_D,1549410049,166,1290824546,826896,True,23.16,,995.3,,"{""type"":""sensor_data"",""sensor_name"":""Sensor_D"",""node_id"":1549410049,""sequence"":166,""mesh_time_us"":1290824546,""uptime_ms"":826896,""bmp280_connected"":true,""temperature_c"":23.16,""pressure_hpa"":995.30,""bmp280_address"":""0x76""}"
2026-09-20T22:29:50.488,2026-09-20 00:00:00,1789907390488,sensor_data,Sensor_B,1611764737,63630,1295653588,318147784,True,26.44,,995.44,,"{""type"":""sensor_data"",""sensor_name"":""Sensor_B"",""node_id"":1611764737,""sequence"":63630,""mesh_time_us"":1295653588,""uptime_ms"":318147784,""bmp280_connected"":true,""temperature_c"":26.44,""pressure_hpa"":995.44,""bmp280_address"":""0x76""}"
2026-09-20T22:29:50.839,2026-09-20 00:00:00,1789907390839,sensor_data,Sensor_D,1549410049,167,1295824546,831896,True,23.17,,995.32,,"{""type"":""sensor_data"",""sensor_name"":""Sensor_D"",""node_id"":1549410049,""sequence"":167,""mesh_time_us"":1295824546,""uptime_ms"":831896,""bmp280_connected"":true,""temperature_c"":23.17,""pressure_hpa"":995.32,""bmp280_address"":""0x76""}"
2026-09-20T22:29:55.490,2026-09-20 00:00:00,1789907395490,sensor_data,Sensor_B,1611764737,63631,1300653591,318152784,True,26.44,,995.46,,"{""type"":""sensor_data"",""sensor_name"":""Sensor_B"",""node_id"":1611764737,""sequence"":63631,""mesh_time_us"":1300653591,""uptime_ms"":318152784,""bmp280_connected"":true,""temperature_c"":26.44,""pressure_hpa"":995.46,""bmp280_address"":""0x76""}"
2026-09-20T22:29:55.753,2026-09-20 00:00:00,1789907395753,sensor_data,Sensor_D,1549410049,168,1300824561,836896,True,23.18,,995.33,,"{""type"":""sensor_data"",""sensor_name"":""Sensor_D"",""node_id"":1549410049,""sequence"":168,""mesh_time_us"":1300824561,""uptime_ms"":836896,""bmp280_connected"":true,""temperature_c"":23.18,""pressure_hpa"":995.33,""bmp280_address"":""0x76""}"
2026-09-20T22:30:00.673,2026-09-20 00:00:00,1789907400673,sensor_data,Sensor_B,1611764737,63632,1305653539,318157784,True,26.44,,995.49,,"{""type"":""sensor_data"",""sensor_name"":""Sensor_B"",""node_id"":1611764737,""sequence"":63632,""mesh_time_us"":1305653539,""uptime_ms"":318157784,""bmp280_connected"":true,""temperature_c"":26.44,""pressure_hpa"":995.49,""bmp280_address"":""0x76""}"
2026-09-20T22:30:00.728,2026-09-20 00:00:00,1789907400728,sensor_data,Sensor_D,1549410049,169,1305824572,841896,True,23.18,,995.34,,"{""type"":""sensor_data"",""sensor_name"":""Sensor_D"",""node_id"":1549410049,""sequence"":169,""mesh_time_us"":1305824572,""uptime_ms"":841896,""bmp280_connected"":true,""temperature_c"":23.18,""pressure_hpa"":995.34,""bmp280_address"":""0x76""}"
2026-09-20T22:30:05.488,2026-09-20 00:00:00,1789907405488,sensor_data,Sensor_B,1611764737,63633,1310653591,318162784,True,26.42,,995.51,,"{""type"":""sensor_data"",""sensor_name"":""Sensor_B"",""node_id"":1611764737,""sequence"":63633,""mesh_time_us"":1310653591,""uptime_ms"":318162784,""bmp280_connected"":true,""temperature_c"":26.42,""pressure_hpa"":995.51,""bmp280_address"":""0x76""}"
2026-09-20T22:30:05.691,2026-09-20 00:00:00,1789907405691,sensor_data,Sensor_D,1549410049,170,1310824522,846896,True,23.19,,995.38,,"{""type"":""sensor_data"",""sensor_name"":""Sensor_D"",""node_id"":1549410049,""sequence"":170,""mesh_time_us"":1310824522,""uptime_ms"":846896,""bmp280_connected"":true,""temperature_c"":23.19,""pressure_hpa"":995.38,""bmp280_address"":""0x76""}"
2026-09-20T22:30:10.488,2026-09-20 00:00:00,1789907410488,sensor_data,Sensor_B,1611764737,63634,1315653569,318167784,True,26.42,,995.53,,"{""type"":""sensor_data"",""sensor_name"":""Sensor_B"",""node_id"":1611764737,""sequence"":63634,""mesh_time_us"":1315653569,""uptime_ms"":318167784,""bmp280_connected"":true,""temperature_c"":26.42,""pressure_hpa"":995.53,""bmp280_address"":""0x76""}"
2026-09-20T22:30:10.908,2026-09-20 00:00:00,1789907410908,sensor_data,Sensor_D,1549410049,171,1315824591,851896,True,23.2,,995.42,,"{""type"":""sensor_data"",""sensor_name"":""Sensor_D"",""node_id"":1549410049,""sequence"":171,""mesh_time_us"":1315824591,""uptime_ms"":851896,""bmp280_connected"":true,""temperature_c"":23.20,""pressure_hpa"":995.42,""bmp280_address"":""0x76""}"
2026-09-20T22:30:15.486,2026-09-20 00:00:00,1789907415486,sensor_data,Sensor_B,1611764737,63635,1320653581,318172784,True,26.4,,995.54,,"{""type"":""sensor_data"",""sensor_name"":""Sensor_B"",""node_id"":1611764737,""sequence"":63635,""mesh_time_us"":1320653581,""uptime_ms"":318172784,""bmp280_connected"":true,""temperature_c"":26.40,""pressure_hpa"":995.54,""bmp280_address"":""0x76""}"
2026-09-20T22:30:15.826,2026-09-20 00:00:00,1789907415826,sensor_data,Sensor_D,1549410049,172,1320827742,856896,True,23.2,,995.45,,"{""type"":""sensor_data"",""sensor_name"":""Sensor_D"",""node_id"":1549410049,""sequence"":172,""mesh_time_us"":1320827742,""uptime_ms"":856896,""bmp280_connected"":true,""temperature_c"":23.20,""pressure_hpa"":995.45,""bmp280_address"":""0x76""}"
2026-09-20T22:30:20.487,2026-09-20 00:00:00,1789907420487,sensor_data,Sensor_B,1611764737,63636,1325653540,318177784,True,26.4,,995.57,,"{""type"":""sensor_data"",""sensor_name"":""Sensor_B"",""node_id"":1611764737,""sequence"":63636,""mesh_time_us"":1325653540,""uptime_ms"":318177784,""bmp280_connected"":true,""temperature_c"":26.40,""pressure_hpa"":995.57,""bmp280_address"":""0x76""}"
2026-09-20T22:30:20.740,2026-09-20 00:00:00,1789907420740,sensor_data,Sensor_D,1549410049,173,1325827719,861896,True,23.21,,995.54,,"{""type"":""sensor_data"",""sensor_name"":""Sensor_D"",""node_id"":1549410049,""sequence"":173,""mesh_time_us"":1325827719,""uptime_ms"":861896,""bmp280_connected"":true,""temperature_c"":23.21,""pressure_hpa"":995.54,""bmp280_address"":""0x76""}"
2026-09-20T22:30:25.487,2026-09-20 00:00:00,1789907425487,sensor_data,Sensor_B,1611764737,63637,1330653586,318182784,True,26.39,,995.59,,"{""type"":""sensor_data"",""sensor_name"":""Sensor_B"",""node_id"":1611764737,""sequence"":63637,""mesh_time_us"":1330653586,""uptime_ms"":318182784,""bmp280_connected"":true,""temperature_c"":26.39,""pressure_hpa"":995.59,""bmp280_address"":""0x76""}"
2026-09-20T22:30:25.861,2026-09-20 00:00:00,1789907425861,sensor_data,Sensor_D,1549410049,174,1330827746,866896,True,23.21,,995.59,,"{""type"":""sensor_data"",""sensor_name"":""Sensor_D"",""node_id"":1549410049,""sequence"":174,""mesh_time_us"":1330827746,""uptime_ms"":866896,""bmp280_connected"":true,""temperature_c"":23.21,""pressure_hpa"":995.59,""bmp280_address"":""0x76""}"
2026-09-20T22:30:30.492,2026-09-20 00:00:00,1789907430492,sensor_data,Sensor_B,1611764737,63638,1335653557,318187784,True,26.4,,995.59,,"{""type"":""sensor_data"",""sensor_name"":""Sensor_B"",""node_id"":1611764737,""sequence"":63638,""mesh_time_us"":1335653557,""uptime_ms"":318187784,""bmp280_connected"":true,""temperature_c"":26.40,""pressure_hpa"":995.59,""bmp280_address"":""0x76""}"
2026-09-20T22:30:31.026,2026-09-20 00:00:00,1789907431026,sensor_data,Sensor_D,1549410049,175,1335827753,871896,True,23.23,,995.54,,"{""type"":""sensor_data"",""sensor_name"":""Sensor_D"",""node_id"":1549410049,""sequence"":175,""mesh_time_us"":1335827753,""uptime_ms"":871896,""bmp280_connected"":true,""temperature_c"":23.23,""pressure_hpa"":995.54,""bmp280_address"":""0x76""}"
2026-09-20T22:30:35.486,2026-09-20 00:00:00,1789907435486,sensor_data,Sensor_B,1611764737,63639,1340653604,318192784,True,26.4,,995.58,,"{""type"":""sensor_data"",""sensor_name"":""Sensor_B"",""node_id"":1611764737,""sequence"":63639,""mesh_time_us"":1340653604,""uptime_ms"":318192784,""bmp280_connected"":true,""temperature_c"":26.40,""pressure_hpa"":995.58,""bmp280_address"":""0x76""}"
2026-09-20T22:30:35.892,2026-09-20 00:00:00,1789907435892,sensor_data,Sensor_D,1549410049,176,1340827758,876896,True,23.23,,995.49,,"{""type"":""sensor_data"",""sensor_name"":""Sensor_D"",""node_id"":1549410049,""sequence"":176,""mesh_time_us"":1340827758,""uptime_ms"":876896,""bmp280_connected"":true,""temperature_c"":23.23,""pressure_hpa"":995.49,""bmp280_address"":""0x76""}"
2026-09-20T22:30:40.486,2026-09-20 00:00:00,1789907440486,sensor_data,Sensor_B,1611764737,63640,1345653523,318197784,True,26.4,,995.57,,"{""type"":""sensor_data"",""sensor_name"":""Sensor_B"",""node_id"":1611764737,""sequence"":63640,""mesh_time_us"":1345653523,""uptime_ms"":318197784,""bmp280_connected"":true,""temperature_c"":26.40,""pressure_hpa"":995.57,""bmp280_address"":""0x76""}"
2026-09-20T22:30:40.811,2026-09-20 00:00:00,1789907440811,sensor_data,Sensor_D,1549410049,177,1345827738,881896,True,23.23,,995.44,,"{""type"":""sensor_data"",""sensor_name"":""Sensor_D"",""node_id"":1549410049,""sequence"":177,""mesh_time_us"":1345827738,""uptime_ms"":881896,""bmp280_connected"":true,""temperature_c"":23.23,""pressure_hpa"":995.44,""bmp280_address"":""0x76""}"
2026-09-20T22:30:45.485,2026-09-20 00:00:00,1789907445485,sensor_data,Sensor_B,1611764737,63641,1350653591,318202784,True,26.41,,995.57,,"{""type"":""sensor_data"",""sensor_name"":""Sensor_B"",""node_id"":1611764737,""sequence"":63641,""mesh_time_us"":1350653591,""uptime_ms"":318202784,""bmp280_connected"":true,""temperature_c"":26.41,""pressure_hpa"":995.57,""bmp280_address"":""0x76""}"
2026-09-20T22:30:45.930,2026-09-20 00:00:00,1789907445930,sensor_data,Sensor_D,1549410049,178,1350827770,886896,True,23.23,,995.4,,"{""type"":""sensor_data"",""sensor_name"":""Sensor_D"",""node_id"":1549410049,""sequence"":178,""mesh_time_us"":1350827770,""uptime_ms"":886896,""bmp280_connected"":true,""temperature_c"":23.23,""pressure_hpa"":995.40,""bmp280_address"":""0x76""}"
2026-09-20T22:30:50.485,2026-09-20 00:00:00,1789907450485,sensor_data,Sensor_B,1611764737,63642,1355653534,318207784,True,26.41,,995.54,,"{""type"":""sensor_data"",""sensor_name"":""Sensor_B"",""node_id"":1611764737,""sequence"":63642,""mesh_time_us"":1355653534,""uptime_ms"":318207784,""bmp280_connected"":true,""temperature_c"":26.41,""pressure_hpa"":995.54,""bmp280_address"":""0x76""}"
2026-09-20T22:30:50.847,2026-09-20 00:00:00,1789907450847,sensor_data,Sensor_D,1549410049,179,1355827719,891896,True,23.23,,995.38,,"{""type"":""sensor_data"",""sensor_name"":""Sensor_D"",""node_id"":1549410049,""sequence"":179,""mesh_time_us"":1355827719,""uptime_ms"":891896,""bmp280_connected"":true,""temperature_c"":23.23,""pressure_hpa"":995.38,""bmp280_address"":""0x76""}"
2026-09-20T22:30:55.488,2026-09-20 00:00:00,1789907455488,sensor_data,Sensor_B,1611764737,63643,1360653535,318212784,True,26.42,,995.49,,"{""type"":""sensor_data"",""sensor_name"":""Sensor_B"",""node_id"":1611764737,""sequence"":63643,""mesh_time_us"":1360653535,""uptime_ms"":318212784,""bmp280_connected"":true,""temperature_c"":26.42,""pressure_hpa"":995.49,""bmp280_address"":""0x76""}"
2026-09-20T22:30:55.725,2026-09-20 00:00:00,1789907455725,sensor_data,Sensor_D,1549410049,180,1360841851,896910,True,23.23,,995.36,,"{""type"":""sensor_data"",""sensor_name"":""Sensor_D"",""node_id"":1549410049,""sequence"":180,""mesh_time_us"":1360841851,""uptime_ms"":896910,""bmp280_connected"":true,""temperature_c"":23.23,""pressure_hpa"":995.36,""bmp280_address"":""0x76""}"
2026-09-20T22:31:00.894,2026-09-20 00:00:00,1789907460894,sensor_data,Sensor_B,1611764737,63644,1365653542,318217784,True,26.42,,995.46,,"{""type"":""sensor_data"",""sensor_name"":""Sensor_B"",""node_id"":1611764737,""sequence"":63644,""mesh_time_us"":1365653542,""uptime_ms"":318217784,""bmp280_connected"":true,""temperature_c"":26.42,""pressure_hpa"":995.46,""bmp280_address"":""0x76""}"
2026-09-20T22:31:00.940,2026-09-20 00:00:00,1789907460940,sensor_data,Sensor_D,1549410049,181,1365827754,901896,True,23.23,,995.37,,"{""type"":""sensor_data"",""sensor_name"":""Sensor_D"",""node_id"":1549410049,""sequence"":181,""mesh_time_us"":1365827754,""uptime_ms"":901896,""bmp280_connected"":true,""temperature_c"":23.23,""pressure_hpa"":995.37,""bmp280_address"":""0x76""}"
2026-09-20T22:31:05.491,2026-09-20 00:00:00,1789907465491,sensor_data,Sensor_B,1611764737,63645,1370653574,318222784,True,26.43,,995.44,,"{""type"":""sensor_data"",""sensor_name"":""Sensor_B"",""node_id"":1611764737,""sequence"":63645,""mesh_time_us"":1370653574,""uptime_ms"":318222784,""bmp280_connected"":true,""temperature_c"":26.43,""pressure_hpa"":995.44,""bmp280_address"":""0x76""}"
2026-09-20T22:31:05.729,2026-09-20 00:00:00,1789907465729,sensor_data,Sensor_D,1549410049,182,1370827730,906896,True,23.24,,995.37,,"{""type"":""sensor_data"",""sensor_name"":""Sensor_D"",""node_id"":1549410049,""sequence"":182,""mesh_time_us"":1370827730,""uptime_ms"":906896,""bmp280_connected"":true,""temperature_c"":23.24,""pressure_hpa"":995.37,""bmp280_address"":""0x76""}"
2026-09-20T22:31:10.487,2026-09-20 00:00:00,1789907470487,sensor_data,Sensor_B,1611764737,63646,1375653529,318227784,True,26.42,,995.41,,"{""type"":""sensor_data"",""sensor_name"":""Sensor_B"",""node_id"":1611764737,""sequence"":63646,""mesh_time_us"":1375653529,""uptime_ms"":318227784,""bmp280_connected"":true,""temperature_c"":26.42,""pressure_hpa"":995.41,""bmp280_address"":""0x76""}"
2026-09-20T22:31:11.081,2026-09-20 00:00:00,1789907471081,sensor_data,Sensor_D,1549410049,183,1375827796,911896,True,23.24,,995.37,,"{""type"":""sensor_data"",""sensor_name"":""Sensor_D"",""node_id"":1549410049,""sequence"":183,""mesh_time_us"":1375827796,""uptime_ms"":911896,""bmp280_connected"":true,""temperature_c"":23.24,""pressure_hpa"":995.37,""bmp280_address"":""0x76""}"
2026-09-20T22:31:15.494,2026-09-20 00:00:00,1789907475494,sensor_data,Sensor_B,1611764737,63647,1380653563,318232784,True,26.41,,995.43,,"{""type"":""sensor_data"",""sensor_name"":""Sensor_B"",""node_id"":1611764737,""sequence"":63647,""mesh_time_us"":1380653563,""uptime_ms"":318232784,""bmp280_connected"":true,""temperature_c"":26.41,""pressure_hpa"":995.43,""bmp280_address"":""0x76""}"
2026-09-20T22:31:15.832,2026-09-20 00:00:00,1789907475832,sensor_data,Sensor_D,1549410049,184,1380822321,916896,True,23.24,,995.36,,"{""type"":""sensor_data"",""sensor_name"":""Sensor_D"",""node_id"":1549410049,""sequence"":184,""mesh_time_us"":1380822321,""uptime_ms"":916896,""bmp280_connected"":true,""temperature_c"":23.24,""pressure_hpa"":995.36,""bmp280_address"":""0x76""}"
2026-09-20T22:31:20.488,2026-09-20 00:00:00,1789907480488,sensor_data,Sensor_B,1611764737,63648,1385653523,318237784,True,26.41,,995.46,,"{""type"":""sensor_data"",""sensor_name"":""Sensor_B"",""node_id"":1611764737,""sequence"":63648,""mesh_time_us"":1385653523,""uptime_ms"":318237784,""bmp280_connected"":true,""temperature_c"":26.41,""pressure_hpa"":995.46,""bmp280_address"":""0x76""}"
2026-09-20T22:31:20.746,2026-09-20 00:00:00,1789907480746,sensor_data,Sensor_D,1549410049,185,1385822327,921896,True,23.25,,995.37,,"{""type"":""sensor_data"",""sensor_name"":""Sensor_D"",""node_id"":1549410049,""sequence"":185,""mesh_time_us"":1385822327,""uptime_ms"":921896,""bmp280_connected"":true,""temperature_c"":23.25,""pressure_hpa"":995.37,""bmp280_address"":""0x76""}"
2026-09-20T22:31:25.486,2026-09-20 00:00:00,1789907485486,sensor_data,Sensor_B,1611764737,63649,1390653578,318242784,True,26.42,,995.5,,"{""type"":""sensor_data"",""sensor_name"":""Sensor_B"",""node_id"":1611764737,""sequence"":63649,""mesh_time_us"":1390653578,""uptime_ms"":318242784,""bmp280_connected"":true,""temperature_c"":26.42,""pressure_hpa"":995.50,""bmp280_address"":""0x76""}"
2026-09-20T22:31:25.867,2026-09-20 00:00:00,1789907485867,sensor_data,Sensor_D,1549410049,186,1390822372,926896,True,23.25,,995.4,,"{""type"":""sensor_data"",""sensor_name"":""Sensor_D"",""node_id"":1549410049,""sequence"":186,""mesh_time_us"":1390822372,""uptime_ms"":926896,""bmp280_connected"":true,""temperature_c"":23.25,""pressure_hpa"":995.40,""bmp280_address"":""0x76""}"
2026-09-20T22:31:30.490,2026-09-20 00:00:00,1789907490490,sensor_data,Sensor_B,1611764737,63650,1395653587,318247784,True,26.42,,995.51,,"{""type"":""sensor_data"",""sensor_name"":""Sensor_B"",""node_id"":1611764737,""sequence"":63650,""mesh_time_us"":1395653587,""uptime_ms"":318247784,""bmp280_connected"":true,""temperature_c"":26.42,""pressure_hpa"":995.51,""bmp280_address"":""0x76""}"
2026-09-20T22:31:30.738,2026-09-20 00:00:00,1789907490738,sensor_data,Sensor_D,1549410049,187,1395822337,931896,True,23.25,,995.42,,"{""type"":""sensor_data"",""sensor_name"":""Sensor_D"",""node_id"":1549410049,""sequence"":187,""mesh_time_us"":1395822337,""uptime_ms"":931896,""bmp280_connected"":true,""temperature_c"":23.25,""pressure_hpa"":995.42,""bmp280_address"":""0x76""}"
2026-09-20T22:31:35.491,2026-09-20 00:00:00,1789907495491,sensor_data,Sensor_B,1611764737,63651,1400653538,318252784,True,26.42,,995.52,,"{""type"":""sensor_data"",""sensor_name"":""Sensor_B"",""node_id"":1611764737,""sequence"":63651,""mesh_time_us"":1400653538,""uptime_ms"":318252784,""bmp280_connected"":true,""temperature_c"":26.42,""pressure_hpa"":995.52,""bmp280_address"":""0x76""}"
2026-09-20T22:31:35.903,2026-09-20 00:00:00,1789907495903,sensor_data,Sensor_D,1549410049,188,1400822286,936896,True,23.24,,995.44,,"{""type"":""sensor_data"",""sensor_name"":""Sensor_D"",""node_id"":1549410049,""sequence"":188,""mesh_time_us"":1400822286,""uptime_ms"":936896,""bmp280_connected"":true,""temperature_c"":23.24,""pressure_hpa"":995.44,""bmp280_address"":""0x76""}"
2026-09-20T22:31:40.487,2026-09-20 00:00:00,1789907500487,sensor_data,Sensor_B,1611764737,63652,1405653566,318257784,True,26.42,,995.52,,"{""type"":""sensor_data"",""sensor_name"":""Sensor_B"",""node_id"":1611764737,""sequence"":63652,""mesh_time_us"":1405653566,""uptime_ms"":318257784,""bmp280_connected"":true,""temperature_c"":26.42,""pressure_hpa"":995.52,""bmp280_address"":""0x76""}"
2026-09-20T22:31:42.320,2026-09-20 00:00:00,1789907502320,sensor_data,Sensor_D,1549410049,189,1405822325,941896,True,23.25,,995.47,,"{""type"":""sensor_data"",""sensor_name"":""Sensor_D"",""node_id"":1549410049,""sequence"":189,""mesh_time_us"":1405822325,""uptime_ms"":941896,""bmp280_connected"":true,""temperature_c"":23.25,""pressure_hpa"":995.47,""bmp280_address"":""0x76""}"
2026-09-20T22:31:45.486,2026-09-20 00:00:00,1789907505486,sensor_data,Sensor_B,1611764737,63653,1410653538,318262784,True,26.42,,995.53,,"{""type"":""sensor_data"",""sensor_name"":""Sensor_B"",""node_id"":1611764737,""sequence"":63653,""mesh_time_us"":1410653538,""uptime_ms"":318262784,""bmp280_connected"":true,""temperature_c"":26.42,""pressure_hpa"":995.53,""bmp280_address"":""0x76""}"
2026-09-20T22:31:45.938,2026-09-20 00:00:00,1789907505938,sensor_data,Sensor_D,1549410049,190,1410827871,946901,True,23.25,,995.5,,"{""type"":""sensor_data"",""sensor_name"":""Sensor_D"",""node_id"":1549410049,""sequence"":190,""mesh_time_us"":1410827871,""uptime_ms"":946901,""bmp280_connected"":true,""temperature_c"":23.25,""pressure_hpa"":995.50,""bmp280_address"":""0x76""}"
2026-09-20T22:31:50.493,2026-09-20 00:00:00,1789907510493,sensor_data,Sensor_B,1611764737,63654,1415653506,318267784,True,26.43,,995.52,,"{""type"":""sensor_data"",""sensor_name"":""Sensor_B"",""node_id"":1611764737,""sequence"":63654,""mesh_time_us"":1415653506,""uptime_ms"":318267784,""bmp280_connected"":true,""temperature_c"":26.43,""pressure_hpa"":995.52,""bmp280_address"":""0x76""}"
2026-09-20T22:31:50.853,2026-09-20 00:00:00,1789907510853,sensor_data,Sensor_D,1549410049,191,1415822296,951896,True,23.25,,995.46,,"{""type"":""sensor_data"",""sensor_name"":""Sensor_D"",""node_id"":1549410049,""sequence"":191,""mesh_time_us"":1415822296,""uptime_ms"":951896,""bmp280_connected"":true,""temperature_c"":23.25,""pressure_hpa"":995.46,""bmp280_address"":""0x76""}"
2026-09-20T22:31:55.489,2026-09-20 00:00:00,1789907515489,sensor_data,Sensor_B,1611764737,63655,1420653504,318272784,True,26.42,,995.47,,"{""type"":""sensor_data"",""sensor_name"":""Sensor_B"",""node_id"":1611764737,""sequence"":63655,""mesh_time_us"":1420653504,""uptime_ms"":318272784,""bmp280_connected"":true,""temperature_c"":26.42,""pressure_hpa"":995.47,""bmp280_address"":""0x76""}"
2026-09-20T22:31:55.725,2026-09-20 00:00:00,1789907515725,sensor_data,Sensor_D,1549410049,192,1420843743,956917,True,23.24,,995.39,,"{""type"":""sensor_data"",""sensor_name"":""Sensor_D"",""node_id"":1549410049,""sequence"":192,""mesh_time_us"":1420843743,""uptime_ms"":956917,""bmp280_connected"":true,""temperature_c"":23.24,""pressure_hpa"":995.39,""bmp280_address"":""0x76""}"
2026-09-20T22:32:00.677,2026-09-20 00:00:00,1789907520677,sensor_data,Sensor_B,1611764737,63656,1425653561,318277784,True,26.43,,995.48,,"{""type"":""sensor_data"",""sensor_name"":""Sensor_B"",""node_id"":1611764737,""sequence"":63656,""mesh_time_us"":1425653561,""uptime_ms"":318277784,""bmp280_connected"":true,""temperature_c"":26.43,""pressure_hpa"":995.48,""bmp280_address"":""0x76""}"
2026-09-20T22:32:05.489,2026-09-20 00:00:00,1789907525489,sensor_data,Sensor_B,1611764737,63657,1430653594,318282784,True,26.42,,995.48,,"{""type"":""sensor_data"",""sensor_name"":""Sensor_B"",""node_id"":1611764737,""sequence"":63657,""mesh_time_us"":1430653594,""uptime_ms"":318282784,""bmp280_connected"":true,""temperature_c"":26.42,""pressure_hpa"":995.48,""bmp280_address"":""0x76""}"
2026-09-20T22:32:10.493,2026-09-20 00:00:00,1789907530493,sensor_data,Sensor_B,1611764737,63658,1435653543,318287784,True,26.4,,995.46,,"{""type"":""sensor_data"",""sensor_name"":""Sensor_B"",""node_id"":1611764737,""sequence"":63658,""mesh_time_us"":1435653543,""uptime_ms"":318287784,""bmp280_connected"":true,""temperature_c"":26.40,""pressure_hpa"":995.46,""bmp280_address"":""0x76""}"
2026-09-20T22:32:15.487,2026-09-20 00:00:00,1789907535487,sensor_data,Sensor_B,1611764737,63659,1440653538,318292784,True,26.39,,995.43,,"{""type"":""sensor_data"",""sensor_name"":""Sensor_B"",""node_id"":1611764737,""sequence"":63659,""mesh_time_us"":1440653538,""uptime_ms"":318292784,""bmp280_connected"":true,""temperature_c"":26.39,""pressure_hpa"":995.43,""bmp280_address"":""0x76""}"
2026-09-20T22:32:20.488,2026-09-20 00:00:00,1789907540488,sensor_data,Sensor_B,1611764737,63660,1445653538,318297784,True,26.36,,995.38,,"{""type"":""sensor_data"",""sensor_name"":""Sensor_B"",""node_id"":1611764737,""sequence"":63660,""mesh_time_us"":1445653538,""uptime_ms"":318297784,""bmp280_connected"":true,""temperature_c"":26.36,""pressure_hpa"":995.38,""bmp280_address"":""0x76""}"
2026-09-20T22:32:25.488,2026-09-20 00:00:00,1789907545488,sensor_data,Sensor_B,1611764737,63661,1450653549,318302784,True,26.36,,995.36,,"{""type"":""sensor_data"",""sensor_name"":""Sensor_B"",""node_id"":1611764737,""sequence"":63661,""mesh_time_us"":1450653549,""uptime_ms"":318302784,""bmp280_connected"":true,""temperature_c"":26.36,""pressure_hpa"":995.36,""bmp280_address"":""0x76""}"
2026-09-20T22:32:30.487,2026-09-20 00:00:00,1789907550487,sensor_data,Sensor_B,1611764737,63662,1455653549,318307784,True,26.36,,995.33,,"{""type"":""sensor_data"",""sensor_name"":""Sensor_B"",""node_id"":1611764737,""sequence"":63662,""mesh_time_us"":1455653549,""uptime_ms"":318307784,""bmp280_connected"":true,""temperature_c"":26.36,""pressure_hpa"":995.33,""bmp280_address"":""0x76""}"
2026-09-20T22:32:35.489,2026-09-20 00:00:00,1789907555489,sensor_data,Sensor_B,1611764737,63663,1460653567,318312784,True,26.37,,995.36,,"{""type"":""sensor_data"",""sensor_name"":""Sensor_B"",""node_id"":1611764737,""sequence"":63663,""mesh_time_us"":1460653567,""uptime_ms"":318312784,""bmp280_connected"":true,""temperature_c"":26.37,""pressure_hpa"":995.36,""bmp280_address"":""0x76""}"
2026-09-20T22:32:40.499,2026-09-20 00:00:00,1789907560499,sensor_data,Sensor_B,1611764737,63664,1465653555,318317784,True,26.37,,995.4,,"{""type"":""sensor_data"",""sensor_name"":""Sensor_B"",""node_id"":1611764737,""sequence"":63664,""mesh_time_us"":1465653555,""uptime_ms"":318317784,""bmp280_connected"":true,""temperature_c"":26.37,""pressure_hpa"":995.40,""bmp280_address"":""0x76""}"
2026-09-20T22:32:45.493,2026-09-20 00:00:00,1789907565493,sensor_data,Sensor_B,1611764737,63665,1470653542,318322784,True,26.38,,995.45,,"{""type"":""sensor_data"",""sensor_name"":""Sensor_B"",""node_id"":1611764737,""sequence"":63665,""mesh_time_us"":1470653542,""uptime_ms"":318322784,""bmp280_connected"":true,""temperature_c"":26.38,""pressure_hpa"":995.45,""bmp280_address"":""0x76""}"
2026-09-20T22:32:50.490,2026-09-20 00:00:00,1789907570490,sensor_data,Sensor_B,1611764737,63666,1475653578,318327784,True,26.36,,995.46,,"{""type"":""sensor_data"",""sensor_name"":""Sensor_B"",""node_id"":1611764737,""sequence"":63666,""mesh_time_us"":1475653578,""uptime_ms"":318327784,""bmp280_connected"":true,""temperature_c"":26.36,""pressure_hpa"":995.46,""bmp280_address"":""0x76""}"
2026-09-20T22:32:55.492,2026-09-20 00:00:00,1789907575492,sensor_data,Sensor_B,1611764737,63667,1480653541,318332784,True,26.37,,995.51,,"{""type"":""sensor_data"",""sensor_name"":""Sensor_B"",""node_id"":1611764737,""sequence"":63667,""mesh_time_us"":1480653541,""uptime_ms"":318332784,""bmp280_connected"":true,""temperature_c"":26.37,""pressure_hpa"":995.51,""bmp280_address"":""0x76""}"
2026-09-20T22:33:00.488,2026-09-20 00:00:00,1789907580488,sensor_data,Sensor_B,1611764737,63668,1485653539,318337784,True,26.39,,995.56,,"{""type"":""sensor_data"",""sensor_name"":""Sensor_B"",""node_id"":1611764737,""sequence"":63668,""mesh_time_us"":1485653539,""uptime_ms"":318337784,""bmp280_connected"":true,""temperature_c"":26.39,""pressure_hpa"":995.56,""bmp280_address"":""0x76""}"
2026-09-20T22:33:05.612,2026-09-20 00:00:00,1789907585612,sensor_data,Sensor_B,1611764737,63669,1490657347,318342784,True,26.4,,995.56,,"{""type"":""sensor_data"",""sensor_name"":""Sensor_B"",""node_id"":1611764737,""sequence"":63669,""mesh_time_us"":1490657347,""uptime_ms"":318342784,""bmp280_connected"":true,""temperature_c"":26.40,""pressure_hpa"":995.56,""bmp280_address"":""0x76""}"
2026-09-20T22:33:10.491,2026-09-20 00:00:00,1789907590491,sensor_data,Sensor_B,1611764737,63670,1495657343,318347784,True,26.41,,995.55,,"{""type"":""sensor_data"",""sensor_name"":""Sensor_B"",""node_id"":1611764737,""sequence"":63670,""mesh_time_us"":1495657343,""uptime_ms"":318347784,""bmp280_connected"":true,""temperature_c"":26.41,""pressure_hpa"":995.55,""bmp280_address"":""0x76""}"
2026-09-20T22:33:15.492,2026-09-20 00:00:00,1789907595492,sensor_data,Sensor_B,1611764737,63671,1500657329,318352784,True,26.44,,995.51,,"{""type"":""sensor_data"",""sensor_name"":""Sensor_B"",""node_id"":1611764737,""sequence"":63671,""mesh_time_us"":1500657329,""uptime_ms"":318352784,""bmp280_connected"":true,""temperature_c"":26.44,""pressure_hpa"":995.51,""bmp280_address"":""0x76""}"
2026-09-20T22:33:20.494,2026-09-20 00:00:00,1789907600494,sensor_data,Sensor_B,1611764737,63672,1505657322,318357784,True,26.43,,995.45,,"{""type"":""sensor_data"",""sensor_name"":""Sensor_B"",""node_id"":1611764737,""sequence"":63672,""mesh_time_us"":1505657322,""uptime_ms"":318357784,""bmp280_connected"":true,""temperature_c"":26.43,""pressure_hpa"":995.45,""bmp280_address"":""0x76""}"
2026-09-20T22:33:25.491,2026-09-20 00:00:00,1789907605491,sensor_data,Sensor_B,1611764737,63673,1510657347,318362784,True,26.44,,995.43,,"{""type"":""sensor_data"",""sensor_name"":""Sensor_B"",""node_id"":1611764737,""sequence"":63673,""mesh_time_us"":1510657347,""uptime_ms"":318362784,""bmp280_connected"":true,""temperature_c"":26.44,""pressure_hpa"":995.43,""bmp280_address"":""0x76""}"
2026-09-20T22:33:30.491,2026-09-20 00:00:00,1789907610491,sensor_data,Sensor_B,1611764737,63674,1515657276,318367784,True,26.45,,995.41,,"{""type"":""sensor_data"",""sensor_name"":""Sensor_B"",""node_id"":1611764737,""sequence"":63674,""mesh_time_us"":1515657276,""uptime_ms"":318367784,""bmp280_connected"":true,""temperature_c"":26.45,""pressure_hpa"":995.41,""bmp280_address"":""0x76""}"
2026-09-20T22:33:35.490,2026-09-20 00:00:00,1789907615490,sensor_data,Sensor_B,1611764737,63675,1520657324,318372784,True,26.45,,995.42,,"{""type"":""sensor_data"",""sensor_name"":""Sensor_B"",""node_id"":1611764737,""sequence"":63675,""mesh_time_us"":1520657324,""uptime_ms"":318372784,""bmp280_connected"":true,""temperature_c"":26.45,""pressure_hpa"":995.42,""bmp280_address"":""0x76""}"
2026-09-20T22:33:40.514,2026-09-20 00:00:00,1789907620514,sensor_data,Sensor_B,1611764737,63676,1525657275,318377784,True,26.45,,995.43,,"{""type"":""sensor_data"",""sensor_name"":""Sensor_B"",""node_id"":1611764737,""sequence"":63676,""mesh_time_us"":1525657275,""uptime_ms"":318377784,""bmp280_connected"":true,""temperature_c"":26.45,""pressure_hpa"":995.43,""bmp280_address"":""0x76""}"
2026-09-20T22:33:45.490,2026-09-20 00:00:00,1789907625490,sensor_data,Sensor_B,1611764737,63677,1530657327,318382784,True,26.45,,995.44,,"{""type"":""sensor_data"",""sensor_name"":""Sensor_B"",""node_id"":1611764737,""sequence"":63677,""mesh_time_us"":1530657327,""uptime_ms"":318382784,""bmp280_connected"":true,""temperature_c"":26.45,""pressure_hpa"":995.44,""bmp280_address"":""0x76""}"
2026-09-20T22:33:50.492,2026-09-20 00:00:00,1789907630492,sensor_data,Sensor_B,1611764737,63678,1535657321,318387784,True,26.44,,995.44,,"{""type"":""sensor_data"",""sensor_name"":""Sensor_B"",""node_id"":1611764737,""sequence"":63678,""mesh_time_us"":1535657321,""uptime_ms"":318387784,""bmp280_connected"":true,""temperature_c"":26.44,""pressure_hpa"":995.44,""bmp280_address"":""0x76""}"
2026-09-20T22:33:55.489,2026-09-20 00:00:00,1789907635489,sensor_data,Sensor_B,1611764737,63679,1540657318,318392784,True,26.45,,995.42,,"{""type"":""sensor_data"",""sensor_name"":""Sensor_B"",""node_id"":1611764737,""sequence"":63679,""mesh_time_us"":1540657318,""uptime_ms"":318392784,""bmp280_connected"":true,""temperature_c"":26.45,""pressure_hpa"":995.42,""bmp280_address"":""0x76""}"
2026-09-20T22:34:00.492,2026-09-20 00:00:00,1789907640492,sensor_data,Sensor_B,1611764737,63680,1545657330,318397784,True,26.45,,995.4,,"{""type"":""sensor_data"",""sensor_name"":""Sensor_B"",""node_id"":1611764737,""sequence"":63680,""mesh_time_us"":1545657330,""uptime_ms"":318397784,""bmp280_connected"":true,""temperature_c"":26.45,""pressure_hpa"":995.40,""bmp280_address"":""0x76""}"
2026-09-20T22:34:05.492,2026-09-20 00:00:00,1789907645492,sensor_data,Sensor_B,1611764737,63681,1550654375,318402784,True,26.45,,995.41,,"{""type"":""sensor_data"",""sensor_name"":""Sensor_B"",""node_id"":1611764737,""sequence"":63681,""mesh_time_us"":1550654375,""uptime_ms"":318402784,""bmp280_connected"":true,""temperature_c"":26.45,""pressure_hpa"":995.41,""bmp280_address"":""0x76""}"
2026-09-20T22:34:10.501,2026-09-20 00:00:00,1789907650501,sensor_data,Sensor_B,1611764737,63682,1555654357,318407784,True,26.45,,995.42,,"{""type"":""sensor_data"",""sensor_name"":""Sensor_B"",""node_id"":1611764737,""sequence"":63682,""mesh_time_us"":1555654357,""uptime_ms"":318407784,""bmp280_connected"":true,""temperature_c"":26.45,""pressure_hpa"":995.42,""bmp280_address"":""0x76""}"
2026-09-20T22:34:15.500,2026-09-20 00:00:00,1789907655500,sensor_data,Sensor_B,1611764737,63683,1560654367,318412784,True,26.43,,995.45,,"{""type"":""sensor_data"",""sensor_name"":""Sensor_B"",""node_id"":1611764737,""sequence"":63683,""mesh_time_us"":1560654367,""uptime_ms"":318412784,""bmp280_connected"":true,""temperature_c"":26.43,""pressure_hpa"":995.45,""bmp280_address"":""0x76""}"
2026-09-20T22:34:20.488,2026-09-20 00:00:00,1789907660488,sensor_data,Sensor_B,1611764737,63684,1565654401,318417784,True,26.42,,995.51,,"{""type"":""sensor_data"",""sensor_name"":""Sensor_B"",""node_id"":1611764737,""sequence"":63684,""mesh_time_us"":1565654401,""uptime_ms"":318417784,""bmp280_connected"":true,""temperature_c"":26.42,""pressure_hpa"":995.51,""bmp280_address"":""0x76""}"
2026-09-20T22:34:25.488,2026-09-20 00:00:00,1789907665488,sensor_data,Sensor_B,1611764737,63685,1570654351,318422784,True,26.42,,995.55,,"{""type"":""sensor_data"",""sensor_name"":""Sensor_B"",""node_id"":1611764737,""sequence"":63685,""mesh_time_us"":1570654351,""uptime_ms"":318422784,""bmp280_connected"":true,""temperature_c"":26.42,""pressure_hpa"":995.55,""bmp280_address"":""0x76""}"
2026-09-20T22:34:30.494,2026-09-20 00:00:00,1789907670494,sensor_data,Sensor_B,1611764737,63686,1575654375,318427784,True,26.42,,995.6,,"{""type"":""sensor_data"",""sensor_name"":""Sensor_B"",""node_id"":1611764737,""sequence"":63686,""mesh_time_us"":1575654375,""uptime_ms"":318427784,""bmp280_connected"":true,""temperature_c"":26.42,""pressure_hpa"":995.60,""bmp280_address"":""0x76""}"
2026-09-20T22:34:34.833,2026-09-20 00:00:00,1789907674833,sensor_data,Sensor_D,1549410049,223,1575828840,1111896,True,23.27,,995.45,,"{""type"":""sensor_data"",""sensor_name"":""Sensor_D"",""node_id"":1549410049,""sequence"":223,""mesh_time_us"":1575828840,""uptime_ms"":1111896,""bmp280_connected"":true,""temperature_c"":23.27,""pressure_hpa"":995.45,""bmp280_address"":""0x76""}"
2026-09-20T22:34:35.489,2026-09-20 00:00:00,1789907675489,sensor_data,Sensor_B,1611764737,63687,1580654414,318432784,True,26.4,,995.63,,"{""type"":""sensor_data"",""sensor_name"":""Sensor_B"",""node_id"":1611764737,""sequence"":63687,""mesh_time_us"":1580654414,""uptime_ms"":318432784,""bmp280_connected"":true,""temperature_c"":26.40,""pressure_hpa"":995.63,""bmp280_address"":""0x76""}"
2026-09-20T22:34:35.698,2026-09-20 00:00:00,1789907675698,sensor_data,Sensor_D,1549410049,224,1580824728,1116896,True,23.27,,995.43,,"{""type"":""sensor_data"",""sensor_name"":""Sensor_D"",""node_id"":1549410049,""sequence"":224,""mesh_time_us"":1580824728,""uptime_ms"":1116896,""bmp280_connected"":true,""temperature_c"":23.27,""pressure_hpa"":995.43,""bmp280_address"":""0x76""}"
2026-09-20T22:34:40.489,2026-09-20 00:00:00,1789907680489,sensor_data,Sensor_B,1611764737,63688,1585654414,318437784,True,26.39,,995.62,,"{""type"":""sensor_data"",""sensor_name"":""Sensor_B"",""node_id"":1611764737,""sequence"":63688,""mesh_time_us"":1585654414,""uptime_ms"":318437784,""bmp280_connected"":true,""temperature_c"":26.39,""pressure_hpa"":995.62,""bmp280_address"":""0x76""}"
2026-09-20T22:34:40.776,2026-09-20 00:00:00,1789907680776,sensor_data,Sensor_D,1549410049,225,1585824661,1121896,True,23.28,,995.43,,"{""type"":""sensor_data"",""sensor_name"":""Sensor_D"",""node_id"":1549410049,""sequence"":225,""mesh_time_us"":1585824661,""uptime_ms"":1121896,""bmp280_connected"":true,""temperature_c"":23.28,""pressure_hpa"":995.43,""bmp280_address"":""0x76""}"
2026-09-20T22:34:45.496,2026-09-20 00:00:00,1789907685496,sensor_data,Sensor_B,1611764737,63689,1590654417,318442784,True,26.39,,995.64,,"{""type"":""sensor_data"",""sensor_name"":""Sensor_B"",""node_id"":1611764737,""sequence"":63689,""mesh_time_us"":1590654417,""uptime_ms"":318442784,""bmp280_connected"":true,""temperature_c"":26.39,""pressure_hpa"":995.64,""bmp280_address"":""0x76""}"
2026-09-20T22:34:45.715,2026-09-20 00:00:00,1789907685715,sensor_data,Sensor_D,1549410049,226,1590824697,1126896,True,23.28,,995.44,,"{""type"":""sensor_data"",""sensor_name"":""Sensor_D"",""node_id"":1549410049,""sequence"":226,""mesh_time_us"":1590824697,""uptime_ms"":1126896,""bmp280_connected"":true,""temperature_c"":23.28,""pressure_hpa"":995.44,""bmp280_address"":""0x76""}"
2026-09-20T22:34:50.489,2026-09-20 00:00:00,1789907690489,sensor_data,Sensor_B,1611764737,63690,1595654401,318447784,True,26.39,,995.65,,"{""type"":""sensor_data"",""sensor_name"":""Sensor_B"",""node_id"":1611764737,""sequence"":63690,""mesh_time_us"":1595654401,""uptime_ms"":318447784,""bmp280_connected"":true,""temperature_c"":26.39,""pressure_hpa"":995.65,""bmp280_address"":""0x76""}"
2026-09-20T22:34:52.829,2026-09-20 00:00:00,1789907692829,sensor_data,Sensor_D,1549410049,227,1595824690,1131896,True,23.29,,995.47,,"{""type"":""sensor_data"",""sensor_name"":""Sensor_D"",""node_id"":1549410049,""sequence"":227,""mesh_time_us"":1595824690,""uptime_ms"":1131896,""bmp280_connected"":true,""temperature_c"":23.29,""pressure_hpa"":995.47,""bmp280_address"":""0x76""}"
2026-09-20T22:34:55.491,2026-09-20 00:00:00,1789907695491,sensor_data,Sensor_B,1611764737,63691,1600654359,318452784,True,26.39,,995.66,,"{""type"":""sensor_data"",""sensor_name"":""Sensor_B"",""node_id"":1611764737,""sequence"":63691,""mesh_time_us"":1600654359,""uptime_ms"":318452784,""bmp280_connected"":true,""temperature_c"":26.39,""pressure_hpa"":995.66,""bmp280_address"":""0x76""}"
2026-09-20T22:34:55.690,2026-09-20 00:00:00,1789907695690,sensor_data,Sensor_D,1549410049,228,1600824683,1136896,True,23.29,,995.48,,"{""type"":""sensor_data"",""sensor_name"":""Sensor_D"",""node_id"":1549410049,""sequence"":228,""mesh_time_us"":1600824683,""uptime_ms"":1136896,""bmp280_connected"":true,""temperature_c"":23.29,""pressure_hpa"":995.48,""bmp280_address"":""0x76""}"
2026-09-20T22:35:00.494,2026-09-20 00:00:00,1789907700494,sensor_data,Sensor_B,1611764737,63692,1605654435,318457784,True,26.39,,995.69,,"{""type"":""sensor_data"",""sensor_name"":""Sensor_B"",""node_id"":1611764737,""sequence"":63692,""mesh_time_us"":1605654435,""uptime_ms"":318457784,""bmp280_connected"":true,""temperature_c"":26.39,""pressure_hpa"":995.69,""bmp280_address"":""0x76""}"
2026-09-20T22:35:00.709,2026-09-20 00:00:00,1789907700709,sensor_data,Sensor_D,1549410049,229,1605824701,1141896,True,23.29,,995.53,,"{""type"":""sensor_data"",""sensor_name"":""Sensor_D"",""node_id"":1549410049,""sequence"":229,""mesh_time_us"":1605824701,""uptime_ms"":1141896,""bmp280_connected"":true,""temperature_c"":23.29,""pressure_hpa"":995.53,""bmp280_address"":""0x76""}"
2026-09-20T22:35:05.491,2026-09-20 00:00:00,1789907705491,sensor_data,Sensor_B,1611764737,63693,1610654455,318462784,True,26.38,,995.7,,"{""type"":""sensor_data"",""sensor_name"":""Sensor_B"",""node_id"":1611764737,""sequence"":63693,""mesh_time_us"":1610654455,""uptime_ms"":318462784,""bmp280_connected"":true,""temperature_c"":26.38,""pressure_hpa"":995.70,""bmp280_address"":""0x76""}"
2026-09-20T22:35:06.005,2026-09-20 00:00:00,1789907706005,sensor_data,Sensor_D,1549410049,230,1610824708,1146896,True,23.3,,995.56,,"{""type"":""sensor_data"",""sensor_name"":""Sensor_D"",""node_id"":1549410049,""sequence"":230,""mesh_time_us"":1610824708,""uptime_ms"":1146896,""bmp280_connected"":true,""temperature_c"":23.30,""pressure_hpa"":995.56,""bmp280_address"":""0x76""}"
2026-09-20T22:35:10.490,2026-09-20 00:00:00,1789907710490,sensor_data,Sensor_B,1611764737,63694,1615654371,318467784,True,26.38,,995.71,,"{""type"":""sensor_data"",""sensor_name"":""Sensor_B"",""node_id"":1611764737,""sequence"":63694,""mesh_time_us"":1615654371,""uptime_ms"":318467784,""bmp280_connected"":true,""temperature_c"":26.38,""pressure_hpa"":995.71,""bmp280_address"":""0x76""}"
2026-09-20T22:35:15.664,2026-09-20 00:00:00,1789907715664,sensor_data,Sensor_B,1611764737,63695,1620654399,318472784,True,26.4,,995.74,,"{""type"":""sensor_data"",""sensor_name"":""Sensor_B"",""node_id"":1611764737,""sequence"":63695,""mesh_time_us"":1620654399,""uptime_ms"":318472784,""bmp280_connected"":true,""temperature_c"":26.40,""pressure_hpa"":995.74,""bmp280_address"":""0x76""}"
2026-09-20T22:35:20.490,2026-09-20 00:00:00,1789907720490,sensor_data,Sensor_B,1611764737,63696,1625654406,318477784,True,26.39,,995.74,,"{""type"":""sensor_data"",""sensor_name"":""Sensor_B"",""node_id"":1611764737,""sequence"":63696,""mesh_time_us"":1625654406,""uptime_ms"":318477784,""bmp280_connected"":true,""temperature_c"":26.39,""pressure_hpa"":995.74,""bmp280_address"":""0x76""}"
2026-09-20T22:35:24.452,2026-09-20 00:00:00,1789907724452,sensor_data,Sensor_D,1549410049,231,1615824687,1151896,True,23.3,,995.58,,"{""type"":""sensor_data"",""sensor_name"":""Sensor_D"",""node_id"":1549410049,""sequence"":231,""mesh_time_us"":1615824687,""uptime_ms"":1151896,""bmp280_connected"":true,""temperature_c"":23.30,""pressure_hpa"":995.58,""bmp280_address"":""0x76""}"
2026-09-20T22:35:24.481,2026-09-20 00:00:00,1789907724481,sensor_data,Sensor_D,1549410049,232,1620824671,1156896,True,23.31,,995.6,,"{""type"":""sensor_data"",""sensor_name"":""Sensor_D"",""node_id"":1549410049,""sequence"":232,""mesh_time_us"":1620824671,""uptime_ms"":1156896,""bmp280_connected"":true,""temperature_c"":23.31,""pressure_hpa"":995.60,""bmp280_address"":""0x76""}"
2026-09-20T22:35:24.552,2026-09-20 00:00:00,1789907724552,sensor_data,Sensor_D,1549410049,233,1625824736,1161896,True,23.3,,995.61,,"{""type"":""sensor_data"",""sensor_name"":""Sensor_D"",""node_id"":1549410049,""sequence"":233,""mesh_time_us"":1625824736,""uptime_ms"":1161896,""bmp280_connected"":true,""temperature_c"":23.30,""pressure_hpa"":995.61,""bmp280_address"":""0x76""}"
2026-09-20T22:35:25.492,2026-09-20 00:00:00,1789907725492,sensor_data,Sensor_B,1611764737,63697,1630654423,318482784,True,26.39,,995.73,,"{""type"":""sensor_data"",""sensor_name"":""Sensor_B"",""node_id"":1611764737,""sequence"":63697,""mesh_time_us"":1630654423,""uptime_ms"":318482784,""bmp280_connected"":true,""temperature_c"":26.39,""pressure_hpa"":995.73,""bmp280_address"":""0x76""}"
2026-09-20T22:35:25.694,2026-09-20 00:00:00,1789907725694,sensor_data,Sensor_D,1549410049,234,1630824673,1166896,True,23.29,,995.6,,"{""type"":""sensor_data"",""sensor_name"":""Sensor_D"",""node_id"":1549410049,""sequence"":234,""mesh_time_us"":1630824673,""uptime_ms"":1166896,""bmp280_connected"":true,""temperature_c"":23.29,""pressure_hpa"":995.60,""bmp280_address"":""0x76""}"
2026-09-20T22:35:30.491,2026-09-20 00:00:00,1789907730491,sensor_data,Sensor_B,1611764737,63698,1635654388,318487784,True,26.38,,995.71,,"{""type"":""sensor_data"",""sensor_name"":""Sensor_B"",""node_id"":1611764737,""sequence"":63698,""mesh_time_us"":1635654388,""uptime_ms"":318487784,""bmp280_connected"":true,""temperature_c"":26.38,""pressure_hpa"":995.71,""bmp280_address"":""0x76""}"
2026-09-20T22:35:32.944,2026-09-20 00:00:00,1789907732944,sensor_data,Sensor_D,1549410049,235,1635824660,1171896,True,23.29,,995.6,,"{""type"":""sensor_data"",""sensor_name"":""Sensor_D"",""node_id"":1549410049,""sequence"":235,""mesh_time_us"":1635824660,""uptime_ms"":1171896,""bmp280_connected"":true,""temperature_c"":23.29,""pressure_hpa"":995.60,""bmp280_address"":""0x76""}"
2026-09-20T22:35:35.491,2026-09-20 00:00:00,1789907735491,sensor_data,Sensor_B,1611764737,63699,1640654394,318492784,True,26.37,,995.68,,"{""type"":""sensor_data"",""sensor_name"":""Sensor_B"",""node_id"":1611764737,""sequence"":63699,""mesh_time_us"":1640654394,""uptime_ms"":318492784,""bmp280_connected"":true,""temperature_c"":26.37,""pressure_hpa"":995.68,""bmp280_address"":""0x76""}"
2026-09-20T22:35:35.718,2026-09-20 00:00:00,1789907735718,sensor_data,Sensor_D,1549410049,236,1640824718,1176896,True,23.28,,995.55,,"{""type"":""sensor_data"",""sensor_name"":""Sensor_D"",""node_id"":1549410049,""sequence"":236,""mesh_time_us"":1640824718,""uptime_ms"":1176896,""bmp280_connected"":true,""temperature_c"":23.28,""pressure_hpa"":995.55,""bmp280_address"":""0x76""}"
2026-09-20T22:35:40.493,2026-09-20 00:00:00,1789907740493,sensor_data,Sensor_B,1611764737,63700,1645654353,318497784,True,26.37,,995.66,,"{""type"":""sensor_data"",""sensor_name"":""Sensor_B"",""node_id"":1611764737,""sequence"":63700,""mesh_time_us"":1645654353,""uptime_ms"":318497784,""bmp280_connected"":true,""temperature_c"":26.37,""pressure_hpa"":995.66,""bmp280_address"":""0x76""}"
2026-09-20T22:35:45.707,2026-09-20 00:00:00,1789907745707,sensor_data,Sensor_B,1611764737,63701,1650654437,318502784,True,26.38,,995.68,,"{""type"":""sensor_data"",""sensor_name"":""Sensor_B"",""node_id"":1611764737,""sequence"":63701,""mesh_time_us"":1650654437,""uptime_ms"":318502784,""bmp280_connected"":true,""temperature_c"":26.38,""pressure_hpa"":995.68,""bmp280_address"":""0x76""}"
2026-09-20T22:35:50.492,2026-09-20 00:00:00,1789907750492,sensor_data,Sensor_B,1611764737,63702,1655654364,318507784,True,26.39,,995.67,,"{""type"":""sensor_data"",""sensor_name"":""Sensor_B"",""node_id"":1611764737,""sequence"":63702,""mesh_time_us"":1655654364,""uptime_ms"":318507784,""bmp280_connected"":true,""temperature_c"":26.39,""pressure_hpa"":995.67,""bmp280_address"":""0x76""}"
2026-09-20T22:35:55.494,2026-09-20 00:00:00,1789907755494,sensor_data,Sensor_B,1611764737,63703,1660654402,318512784,True,26.38,,995.66,,"{""type"":""sensor_data"",""sensor_name"":""Sensor_B"",""node_id"":1611764737,""sequence"":63703,""mesh_time_us"":1660654402,""uptime_ms"":318512784,""bmp280_connected"":true,""temperature_c"":26.38,""pressure_hpa"":995.66,""bmp280_address"":""0x76""}"
2026-09-20T22:36:00.493,2026-09-20 00:00:00,1789907760493,sensor_data,Sensor_B,1611764737,63704,1665654409,318517784,True,26.39,,995.66,,"{""type"":""sensor_data"",""sensor_name"":""Sensor_B"",""node_id"":1611764737,""sequence"":63704,""mesh_time_us"":1665654409,""uptime_ms"":318517784,""bmp280_connected"":true,""temperature_c"":26.39,""pressure_hpa"":995.66,""bmp280_address"":""0x76""}"
2026-09-20T22:36:05.497,2026-09-20 00:00:00,1789907765497,sensor_data,Sensor_B,1611764737,63705,1670651225,318522784,True,26.38,,995.66,,"{""type"":""sensor_data"",""sensor_name"":""Sensor_B"",""node_id"":1611764737,""sequence"":63705,""mesh_time_us"":1670651225,""uptime_ms"":318522784,""bmp280_connected"":true,""temperature_c"":26.38,""pressure_hpa"":995.66,""bmp280_address"":""0x76""}"
2026-09-20T22:36:10.495,2026-09-20 00:00:00,1789907770495,sensor_data,Sensor_B,1611764737,63706,1675651172,318527784,True,26.39,,995.66,,"{""type"":""sensor_data"",""sensor_name"":""Sensor_B"",""node_id"":1611764737,""sequence"":63706,""mesh_time_us"":1675651172,""uptime_ms"":318527784,""bmp280_connected"":true,""temperature_c"":26.39,""pressure_hpa"":995.66,""bmp280_address"":""0x76""}"
2026-09-20T22:36:15.493,2026-09-20 00:00:00,1789907775493,sensor_data,Sensor_B,1611764737,63707,1680651187,318532784,True,26.38,,995.6,,"{""type"":""sensor_data"",""sensor_name"":""Sensor_B"",""node_id"":1611764737,""sequence"":63707,""mesh_time_us"":1680651187,""uptime_ms"":318532784,""bmp280_connected"":true,""temperature_c"":26.38,""pressure_hpa"":995.60,""bmp280_address"":""0x76""}"
2026-09-20T22:36:20.492,2026-09-20 00:00:00,1789907780492,sensor_data,Sensor_B,1611764737,63708,1685651193,318537784,True,26.39,,995.6,,"{""type"":""sensor_data"",""sensor_name"":""Sensor_B"",""node_id"":1611764737,""sequence"":63708,""mesh_time_us"":1685651193,""uptime_ms"":318537784,""bmp280_connected"":true,""temperature_c"":26.39,""pressure_hpa"":995.60,""bmp280_address"":""0x76""}"
2026-09-20T22:36:25.490,2026-09-20 00:00:00,1789907785490,sensor_data,Sensor_B,1611764737,63709,1690651195,318542784,True,26.4,,995.59,,"{""type"":""sensor_data"",""sensor_name"":""Sensor_B"",""node_id"":1611764737,""sequence"":63709,""mesh_time_us"":1690651195,""uptime_ms"":318542784,""bmp280_connected"":true,""temperature_c"":26.40,""pressure_hpa"":995.59,""bmp280_address"":""0x76""}"
2026-09-20T22:36:30.494,2026-09-20 00:00:00,1789907790494,sensor_data,Sensor_B,1611764737,63710,1695651149,318547784,True,26.41,,995.59,,"{""type"":""sensor_data"",""sensor_name"":""Sensor_B"",""node_id"":1611764737,""sequence"":63710,""mesh_time_us"":1695651149,""uptime_ms"":318547784,""bmp280_connected"":true,""temperature_c"":26.41,""pressure_hpa"":995.59,""bmp280_address"":""0x76""}"
2026-09-20T22:36:35.493,2026-09-20 00:00:00,1789907795493,sensor_data,Sensor_B,1611764737,63711,1700651197,318552784,True,26.42,,995.62,,"{""type"":""sensor_data"",""sensor_name"":""Sensor_B"",""node_id"":1611764737,""sequence"":63711,""mesh_time_us"":1700651197,""uptime_ms"":318552784,""bmp280_connected"":true,""temperature_c"":26.42,""pressure_hpa"":995.62,""bmp280_address"":""0x76""}"
2026-09-20T22:36:40.495,2026-09-20 00:00:00,1789907800495,sensor_data,Sensor_B,1611764737,63712,1705651151,318557784,True,26.4,,995.62,,"{""type"":""sensor_data"",""sensor_name"":""Sensor_B"",""node_id"":1611764737,""sequence"":63712,""mesh_time_us"":1705651151,""uptime_ms"":318557784,""bmp280_connected"":true,""temperature_c"":26.40,""pressure_hpa"":995.62,""bmp280_address"":""0x76""}"
2026-09-20T22:36:45.491,2026-09-20 00:00:00,1789907805491,sensor_data,Sensor_B,1611764737,63713,1710651220,318562784,True,26.41,,995.61,,"{""type"":""sensor_data"",""sensor_name"":""Sensor_B"",""node_id"":1611764737,""sequence"":63713,""mesh_time_us"":1710651220,""uptime_ms"":318562784,""bmp280_connected"":true,""temperature_c"":26.41,""pressure_hpa"":995.61,""bmp280_address"":""0x76""}"
2026-09-20T22:36:50.496,2026-09-20 00:00:00,1789907810496,sensor_data,Sensor_B,1611764737,63714,1715651224,318567784,True,26.39,,995.59,,"{""type"":""sensor_data"",""sensor_name"":""Sensor_B"",""node_id"":1611764737,""sequence"":63714,""mesh_time_us"":1715651224,""uptime_ms"":318567784,""bmp280_connected"":true,""temperature_c"":26.39,""pressure_hpa"":995.59,""bmp280_address"":""0x76""}"
2026-09-20T22:36:55.493,2026-09-20 00:00:00,1789907815493,sensor_data,Sensor_B,1611764737,63715,1720651191,318572784,True,26.4,,995.64,,"{""type"":""sensor_data"",""sensor_name"":""Sensor_B"",""node_id"":1611764737,""sequence"":63715,""mesh_time_us"":1720651191,""uptime_ms"":318572784,""bmp280_connected"":true,""temperature_c"":26.40,""pressure_hpa"":995.64,""bmp280_address"":""0x76""}"
2026-09-20T22:37:00.493,2026-09-20 00:00:00,1789907820493,sensor_data,Sensor_B,1611764737,63716,1725651194,318577784,True,26.38,,995.68,,"{""type"":""sensor_data"",""sensor_name"":""Sensor_B"",""node_id"":1611764737,""sequence"":63716,""mesh_time_us"":1725651194,""uptime_ms"":318577784,""bmp280_connected"":true,""temperature_c"":26.38,""pressure_hpa"":995.68,""bmp280_address"":""0x76""}"
2026-09-20T22:37:05.491,2026-09-20 00:00:00,1789907825491,sensor_data,Sensor_B,1611764737,63717,1730653768,318582784,True,26.38,,995.71,,"{""type"":""sensor_data"",""sensor_name"":""Sensor_B"",""node_id"":1611764737,""sequence"":63717,""mesh_time_us"":1730653768,""uptime_ms"":318582784,""bmp280_connected"":true,""temperature_c"":26.38,""pressure_hpa"":995.71,""bmp280_address"":""0x76""}"
2026-09-20T22:37:10.496,2026-09-20 00:00:00,1789907830496,sensor_data,Sensor_B,1611764737,63718,1735653702,318587784,True,26.38,,995.72,,"{""type"":""sensor_data"",""sensor_name"":""Sensor_B"",""node_id"":1611764737,""sequence"":63718,""mesh_time_us"":1735653702,""uptime_ms"":318587784,""bmp280_connected"":true,""temperature_c"":26.38,""pressure_hpa"":995.72,""bmp280_address"":""0x76""}"
2026-09-20T22:37:15.490,2026-09-20 00:00:00,1789907835490,sensor_data,Sensor_B,1611764737,63719,1740653777,318592784,True,26.38,,995.69,,"{""type"":""sensor_data"",""sensor_name"":""Sensor_B"",""node_id"":1611764737,""sequence"":63719,""mesh_time_us"":1740653777,""uptime_ms"":318592784,""bmp280_connected"":true,""temperature_c"":26.38,""pressure_hpa"":995.69,""bmp280_address"":""0x76""}"
2026-09-20T22:37:20.493,2026-09-20 00:00:00,1789907840493,sensor_data,Sensor_B,1611764737,63720,1745653739,318597784,True,26.37,,995.65,,"{""type"":""sensor_data"",""sensor_name"":""Sensor_B"",""node_id"":1611764737,""sequence"":63720,""mesh_time_us"":1745653739,""uptime_ms"":318597784,""bmp280_connected"":true,""temperature_c"":26.37,""pressure_hpa"":995.65,""bmp280_address"":""0x76""}"
2026-09-20T22:37:25.494,2026-09-20 00:00:00,1789907845494,sensor_data,Sensor_B,1611764737,63721,1750653769,318602784,True,26.38,,995.66,,"{""type"":""sensor_data"",""sensor_name"":""Sensor_B"",""node_id"":1611764737,""sequence"":63721,""mesh_time_us"":1750653769,""uptime_ms"":318602784,""bmp280_connected"":true,""temperature_c"":26.38,""pressure_hpa"":995.66,""bmp280_address"":""0x76""}"
2026-09-20T22:37:30.491,2026-09-20 00:00:00,1789907850491,sensor_data,Sensor_B,1611764737,63722,1755653746,318607784,True,26.38,,995.68,,"{""type"":""sensor_data"",""sensor_name"":""Sensor_B"",""node_id"":1611764737,""sequence"":63722,""mesh_time_us"":1755653746,""uptime_ms"":318607784,""bmp280_connected"":true,""temperature_c"":26.38,""pressure_hpa"":995.68,""bmp280_address"":""0x76""}"
2026-09-20T22:37:35.492,2026-09-20 00:00:00,1789907855492,sensor_data,Sensor_B,1611764737,63723,1760653733,318612784,True,26.38,,995.68,,"{""type"":""sensor_data"",""sensor_name"":""Sensor_B"",""node_id"":1611764737,""sequence"":63723,""mesh_time_us"":1760653733,""uptime_ms"":318612784,""bmp280_connected"":true,""temperature_c"":26.38,""pressure_hpa"":995.68,""bmp280_address"":""0x76""}"
2026-09-20T22:37:40.491,2026-09-20 00:00:00,1789907860491,sensor_data,Sensor_B,1611764737,63724,1765653770,318617784,True,26.38,,995.68,,"{""type"":""sensor_data"",""sensor_name"":""Sensor_B"",""node_id"":1611764737,""sequence"":63724,""mesh_time_us"":1765653770,""uptime_ms"":318617784,""bmp280_connected"":true,""temperature_c"":26.38,""pressure_hpa"":995.68,""bmp280_address"":""0x76""}"
2026-09-20T22:37:45.492,2026-09-20 00:00:00,1789907865492,sensor_data,Sensor_B,1611764737,63725,1770653760,318622784,True,26.38,,995.7,,"{""type"":""sensor_data"",""sensor_name"":""Sensor_B"",""node_id"":1611764737,""sequence"":63725,""mesh_time_us"":1770653760,""uptime_ms"":318622784,""bmp280_connected"":true,""temperature_c"":26.38,""pressure_hpa"":995.70,""bmp280_address"":""0x76""}"
2026-09-20T22:37:50.492,2026-09-20 00:00:00,1789907870492,sensor_data,Sensor_B,1611764737,63726,1775653760,318627784,True,26.39,,995.74,,"{""type"":""sensor_data"",""sensor_name"":""Sensor_B"",""node_id"":1611764737,""sequence"":63726,""mesh_time_us"":1775653760,""uptime_ms"":318627784,""bmp280_connected"":true,""temperature_c"":26.39,""pressure_hpa"":995.74,""bmp280_address"":""0x76""}"
2026-09-20T22:37:55.492,2026-09-20 00:00:00,1789907875492,sensor_data,Sensor_B,1611764737,63727,1780653747,318632784,True,26.39,,995.75,,"{""type"":""sensor_data"",""sensor_name"":""Sensor_B"",""node_id"":1611764737,""sequence"":63727,""mesh_time_us"":1780653747,""uptime_ms"":318632784,""bmp280_connected"":true,""temperature_c"":26.39,""pressure_hpa"":995.75,""bmp280_address"":""0x76""}"
2026-09-20T22:38:00.496,2026-09-20 00:00:00,1789907880496,sensor_data,Sensor_B,1611764737,63728,1785653732,318637784,True,26.4,,995.73,,"{""type"":""sensor_data"",""sensor_name"":""Sensor_B"",""node_id"":1611764737,""sequence"":63728,""mesh_time_us"":1785653732,""uptime_ms"":318637784,""bmp280_connected"":true,""temperature_c"":26.40,""pressure_hpa"":995.73,""bmp280_address"":""0x76""}"
2026-09-20T22:38:05.496,2026-09-20 00:00:00,1789907885496,sensor_data,Sensor_B,1611764737,63729,1790655399,318642784,True,26.41,,995.7,,"{""type"":""sensor_data"",""sensor_name"":""Sensor_B"",""node_id"":1611764737,""sequence"":63729,""mesh_time_us"":1790655399,""uptime_ms"":318642784,""bmp280_connected"":true,""temperature_c"":26.41,""pressure_hpa"":995.70,""bmp280_address"":""0x76""}"
2026-09-20T22:38:10.492,2026-09-20 00:00:00,1789907890492,sensor_data,Sensor_B,1611764737,63730,1795655358,318647784,True,26.4,,995.64,,"{""type"":""sensor_data"",""sensor_name"":""Sensor_B"",""node_id"":1611764737,""sequence"":63730,""mesh_time_us"":1795655358,""uptime_ms"":318647784,""bmp280_connected"":true,""temperature_c"":26.40,""pressure_hpa"":995.64,""bmp280_address"":""0x76""}"
2026-09-20T22:38:13.374,2026-09-20 00:00:00,1789907893374,sensor_data,Sensor_A,1623979917,10,1798352078,46897,True,22.75,,996.06,,"{""type"":""sensor_data"",""sensor_name"":""Sensor_A"",""node_id"":1623979917,""sequence"":10,""mesh_time_us"":1798352078,""uptime_ms"":46897,""bmp280_connected"":true,""temperature_c"":22.75,""pressure_hpa"":996.06,""bmp280_address"":""0x76""}"
2026-09-20T22:38:15.492,2026-09-20 00:00:00,1789907895492,sensor_data,Sensor_B,1611764737,63731,1800655378,318652784,True,26.41,,995.64,,"{""type"":""sensor_data"",""sensor_name"":""Sensor_B"",""node_id"":1611764737,""sequence"":63731,""mesh_time_us"":1800655378,""uptime_ms"":318652784,""bmp280_connected"":true,""temperature_c"":26.41,""pressure_hpa"":995.64,""bmp280_address"":""0x76""}"
2026-09-20T22:38:16.033,2026-09-20 00:00:00,1789907896033,sensor_data,Sensor_D,1549410049,268,1800826315,1336896,True,23.3,,995.51,,"{""type"":""sensor_data"",""sensor_name"":""Sensor_D"",""node_id"":1549410049,""sequence"":268,""mesh_time_us"":1800826315,""uptime_ms"":1336896,""bmp280_connected"":true,""temperature_c"":23.30,""pressure_hpa"":995.51,""bmp280_address"":""0x76""}"
2026-09-20T22:38:18.290,2026-09-20 00:00:00,1789907898290,sensor_data,Sensor_A,1623979917,11,1803356627,51897,True,22.79,,996.06,,"{""type"":""sensor_data"",""sensor_name"":""Sensor_A"",""node_id"":1623979917,""sequence"":11,""mesh_time_us"":1803356627,""uptime_ms"":51897,""bmp280_connected"":true,""temperature_c"":22.79,""pressure_hpa"":996.06,""bmp280_address"":""0x76""}"
2026-09-20T22:38:20.494,2026-09-20 00:00:00,1789907900494,sensor_data,Sensor_B,1611764737,63732,1805655378,318657784,True,26.4,,995.61,,"{""type"":""sensor_data"",""sensor_name"":""Sensor_B"",""node_id"":1611764737,""sequence"":63732,""mesh_time_us"":1805655378,""uptime_ms"":318657784,""bmp280_connected"":true,""temperature_c"":26.40,""pressure_hpa"":995.61,""bmp280_address"":""0x76""}"
2026-09-20T22:38:20.748,2026-09-20 00:00:00,1789907900748,sensor_data,Sensor_D,1549410049,269,1805826312,1341896,True,23.3,,995.49,,"{""type"":""sensor_data"",""sensor_name"":""Sensor_D"",""node_id"":1549410049,""sequence"":269,""mesh_time_us"":1805826312,""uptime_ms"":1341896,""bmp280_connected"":true,""temperature_c"":23.30,""pressure_hpa"":995.49,""bmp280_address"":""0x76""}"
2026-09-20T22:38:23.409,2026-09-20 00:00:00,1789907903409,sensor_data,Sensor_A,1623979917,12,1808356611,56897,True,22.8,,996.02,,"{""type"":""sensor_data"",""sensor_name"":""Sensor_A"",""node_id"":1623979917,""sequence"":12,""mesh_time_us"":1808356611,""uptime_ms"":56897,""bmp280_connected"":true,""temperature_c"":22.80,""pressure_hpa"":996.02,""bmp280_address"":""0x76""}"
2026-09-20T22:38:25.494,2026-09-20 00:00:00,1789907905494,sensor_data,Sensor_B,1611764737,63733,1810655360,318662784,True,26.41,,995.63,,"{""type"":""sensor_data"",""sensor_name"":""Sensor_B"",""node_id"":1611764737,""sequence"":63733,""mesh_time_us"":1810655360,""uptime_ms"":318662784,""bmp280_connected"":true,""temperature_c"":26.41,""pressure_hpa"":995.63,""bmp280_address"":""0x76""}"
2026-09-20T22:38:25.864,2026-09-20 00:00:00,1789907905864,sensor_data,Sensor_D,1549410049,270,1810826254,1346896,True,23.31,,995.48,,"{""type"":""sensor_data"",""sensor_name"":""Sensor_D"",""node_id"":1549410049,""sequence"":270,""mesh_time_us"":1810826254,""uptime_ms"":1346896,""bmp280_connected"":true,""temperature_c"":23.31,""pressure_hpa"":995.48,""bmp280_address"":""0x76""}"
2026-09-20T22:38:28.325,2026-09-20 00:00:00,1789907908325,sensor_data,Sensor_A,1623979917,13,1813356591,61897,True,22.85,,996.07,,"{""type"":""sensor_data"",""sensor_name"":""Sensor_A"",""node_id"":1623979917,""sequence"":13,""mesh_time_us"":1813356591,""uptime_ms"":61897,""bmp280_connected"":true,""temperature_c"":22.85,""pressure_hpa"":996.07,""bmp280_address"":""0x76""}"
2026-09-20T22:38:30.494,2026-09-20 00:00:00,1789907910494,sensor_data,Sensor_B,1611764737,63734,1815655362,318667784,True,26.41,,995.66,,"{""type"":""sensor_data"",""sensor_name"":""Sensor_B"",""node_id"":1611764737,""sequence"":63734,""mesh_time_us"":1815655362,""uptime_ms"":318667784,""bmp280_connected"":true,""temperature_c"":26.41,""pressure_hpa"":995.66,""bmp280_address"":""0x76""}"
2026-09-20T22:38:30.783,2026-09-20 00:00:00,1789907910783,sensor_data,Sensor_D,1549410049,271,1815826215,1351896,True,23.33,,995.49,,"{""type"":""sensor_data"",""sensor_name"":""Sensor_D"",""node_id"":1549410049,""sequence"":271,""mesh_time_us"":1815826215,""uptime_ms"":1351896,""bmp280_connected"":true,""temperature_c"":23.33,""pressure_hpa"":995.49,""bmp280_address"":""0x76""}"
2026-09-20T22:38:33.444,2026-09-20 00:00:00,1789907913444,sensor_data,Sensor_A,1623979917,14,1818356585,66897,True,22.85,,996.07,,"{""type"":""sensor_data"",""sensor_name"":""Sensor_A"",""node_id"":1623979917,""sequence"":14,""mesh_time_us"":1818356585,""uptime_ms"":66897,""bmp280_connected"":true,""temperature_c"":22.85,""pressure_hpa"":996.07,""bmp280_address"":""0x76""}"
2026-09-20T22:38:35.494,2026-09-20 00:00:00,1789907915494,sensor_data,Sensor_B,1611764737,63735,1820655403,318672784,True,26.4,,995.7,,"{""type"":""sensor_data"",""sensor_name"":""Sensor_B"",""node_id"":1611764737,""sequence"":63735,""mesh_time_us"":1820655403,""uptime_ms"":318672784,""bmp280_connected"":true,""temperature_c"":26.40,""pressure_hpa"":995.70,""bmp280_address"":""0x76""}"
2026-09-20T22:38:35.697,2026-09-20 00:00:00,1789907915697,sensor_data,Sensor_D,1549410049,272,1820826276,1356896,True,23.36,,995.55,,"{""type"":""sensor_data"",""sensor_name"":""Sensor_D"",""node_id"":1549410049,""sequence"":272,""mesh_time_us"":1820826276,""uptime_ms"":1356896,""bmp280_connected"":true,""temperature_c"":23.36,""pressure_hpa"":995.55,""bmp280_address"":""0x76""}"
2026-09-20T22:38:38.360,2026-09-20 00:00:00,1789907918360,sensor_data,Sensor_A,1623979917,15,1823356591,71897,True,22.9,,996.12,,"{""type"":""sensor_data"",""sensor_name"":""Sensor_A"",""node_id"":1623979917,""sequence"":15,""mesh_time_us"":1823356591,""uptime_ms"":71897,""bmp280_connected"":true,""temperature_c"":22.90,""pressure_hpa"":996.12,""bmp280_address"":""0x76""}"
2026-09-20T22:38:40.496,2026-09-20 00:00:00,1789907920496,sensor_data,Sensor_B,1611764737,63736,1825655398,318677784,True,26.39,,995.69,,"{""type"":""sensor_data"",""sensor_name"":""Sensor_B"",""node_id"":1611764737,""sequence"":63736,""mesh_time_us"":1825655398,""uptime_ms"":318677784,""bmp280_connected"":true,""temperature_c"":26.39,""pressure_hpa"":995.69,""bmp280_address"":""0x76""}"
2026-09-20T22:38:40.733,2026-09-20 00:00:00,1789907920733,sensor_data,Sensor_D,1549410049,273,1825826281,1361896,True,23.39,,995.56,,"{""type"":""sensor_data"",""sensor_name"":""Sensor_D"",""node_id"":1549410049,""sequence"":273,""mesh_time_us"":1825826281,""uptime_ms"":1361896,""bmp280_connected"":true,""temperature_c"":23.39,""pressure_hpa"":995.56,""bmp280_address"":""0x76""}"
2026-09-20T22:38:43.279,2026-09-20 00:00:00,1789907923279,sensor_data,Sensor_A,1623979917,16,1828356619,76897,True,22.9,,996.1,,"{""type"":""sensor_data"",""sensor_name"":""Sensor_A"",""node_id"":1623979917,""sequence"":16,""mesh_time_us"":1828356619,""uptime_ms"":76897,""bmp280_connected"":true,""temperature_c"":22.90,""pressure_hpa"":996.10,""bmp280_address"":""0x76""}"
2026-09-20T22:38:45.497,2026-09-20 00:00:00,1789907925497,sensor_data,Sensor_B,1611764737,63737,1830655388,318682784,True,26.39,,995.71,,"{""type"":""sensor_data"",""sensor_name"":""Sensor_B"",""node_id"":1611764737,""sequence"":63737,""mesh_time_us"":1830655388,""uptime_ms"":318682784,""bmp280_connected"":true,""temperature_c"":26.39,""pressure_hpa"":995.71,""bmp280_address"":""0x76""}"
2026-09-20T22:38:45.736,2026-09-20 00:00:00,1789907925736,sensor_data,Sensor_D,1549410049,274,1830826297,1366896,True,23.4,,995.59,,"{""type"":""sensor_data"",""sensor_name"":""Sensor_D"",""node_id"":1549410049,""sequence"":274,""mesh_time_us"":1830826297,""uptime_ms"":1366896,""bmp280_connected"":true,""temperature_c"":23.40,""pressure_hpa"":995.59,""bmp280_address"":""0x76""}"
2026-09-20T22:38:48.391,2026-09-20 00:00:00,1789907928391,sensor_data,Sensor_A,1623979917,17,1833356611,81897,True,22.91,,996.1,,"{""type"":""sensor_data"",""sensor_name"":""Sensor_A"",""node_id"":1623979917,""sequence"":17,""mesh_time_us"":1833356611,""uptime_ms"":81897,""bmp280_connected"":true,""temperature_c"":22.91,""pressure_hpa"":996.10,""bmp280_address"":""0x76""}"
2026-09-20T22:38:50.493,2026-09-20 00:00:00,1789907930493,sensor_data,Sensor_B,1611764737,63738,1835655388,318687784,True,26.38,,995.71,,"{""type"":""sensor_data"",""sensor_name"":""Sensor_B"",""node_id"":1611764737,""sequence"":63738,""mesh_time_us"":1835655388,""uptime_ms"":318687784,""bmp280_connected"":true,""temperature_c"":26.38,""pressure_hpa"":995.71,""bmp280_address"":""0x76""}"
2026-09-20T22:38:50.861,2026-09-20 00:00:00,1789907930861,sensor_data,Sensor_D,1549410049,275,1835826224,1371896,True,23.41,,995.6,,"{""type"":""sensor_data"",""sensor_name"":""Sensor_D"",""node_id"":1549410049,""sequence"":275,""mesh_time_us"":1835826224,""uptime_ms"":1371896,""bmp280_connected"":true,""temperature_c"":23.41,""pressure_hpa"":995.60,""bmp280_address"":""0x76""}"
2026-09-20T22:38:53.310,2026-09-20 00:00:00,1789907933310,sensor_data,Sensor_A,1623979917,18,1838356592,86897,True,22.91,,996.06,,"{""type"":""sensor_data"",""sensor_name"":""Sensor_A"",""node_id"":1623979917,""sequence"":18,""mesh_time_us"":1838356592,""uptime_ms"":86897,""bmp280_connected"":true,""temperature_c"":22.91,""pressure_hpa"":996.06,""bmp280_address"":""0x76""}"
2026-09-20T22:38:55.493,2026-09-20 00:00:00,1789907935493,sensor_data,Sensor_B,1611764737,63739,1840655365,318692784,True,26.38,,995.74,,"{""type"":""sensor_data"",""sensor_name"":""Sensor_B"",""node_id"":1611764737,""sequence"":63739,""mesh_time_us"":1840655365,""uptime_ms"":318692784,""bmp280_connected"":true,""temperature_c"":26.38,""pressure_hpa"":995.74,""bmp280_address"":""0x76""}"
2026-09-20T22:38:55.767,2026-09-20 00:00:00,1789907935767,sensor_data,Sensor_D,1549410049,276,1840826217,1376896,True,23.43,,995.63,,"{""type"":""sensor_data"",""sensor_name"":""Sensor_D"",""node_id"":1549410049,""sequence"":276,""mesh_time_us"":1840826217,""uptime_ms"":1376896,""bmp280_connected"":true,""temperature_c"":23.43,""pressure_hpa"":995.63,""bmp280_address"":""0x76""}"
2026-09-20T22:38:58.431,2026-09-20 00:00:00,1789907938431,sensor_data,Sensor_A,1623979917,19,1843356603,91897,True,22.97,,996.12,,"{""type"":""sensor_data"",""sensor_name"":""Sensor_A"",""node_id"":1623979917,""sequence"":19,""mesh_time_us"":1843356603,""uptime_ms"":91897,""bmp280_connected"":true,""temperature_c"":22.97,""pressure_hpa"":996.12,""bmp280_address"":""0x76""}"
2026-09-20T22:39:00.501,2026-09-20 00:00:00,1789907940501,sensor_data,Sensor_B,1611764737,63740,1845655363,318697784,True,26.37,,995.73,,"{""type"":""sensor_data"",""sensor_name"":""Sensor_B"",""node_id"":1611764737,""sequence"":63740,""mesh_time_us"":1845655363,""uptime_ms"":318697784,""bmp280_connected"":true,""temperature_c"":26.37,""pressure_hpa"":995.73,""bmp280_address"":""0x76""}"
2026-09-20T22:39:00.685,2026-09-20 00:00:00,1789907940685,sensor_data,Sensor_D,1549410049,277,1845826276,1381896,True,23.43,,995.63,,"{""type"":""sensor_data"",""sensor_name"":""Sensor_D"",""node_id"":1549410049,""sequence"":277,""mesh_time_us"":1845826276,""uptime_ms"":1381896,""bmp280_connected"":true,""temperature_c"":23.43,""pressure_hpa"":995.63,""bmp280_address"":""0x76""}"
2026-09-20T22:39:03.344,2026-09-20 00:00:00,1789907943344,sensor_data,Sensor_A,1623979917,20,1848356608,96897,True,23.01,,996.13,,"{""type"":""sensor_data"",""sensor_name"":""Sensor_A"",""node_id"":1623979917,""sequence"":20,""mesh_time_us"":1848356608,""uptime_ms"":96897,""bmp280_connected"":true,""temperature_c"":23.01,""pressure_hpa"":996.13,""bmp280_address"":""0x76""}"
2026-09-20T22:39:05.496,2026-09-20 00:00:00,1789907945496,sensor_data,Sensor_B,1611764737,63741,1850655883,318702784,True,26.37,,995.73,,"{""type"":""sensor_data"",""sensor_name"":""Sensor_B"",""node_id"":1611764737,""sequence"":63741,""mesh_time_us"":1850655883,""uptime_ms"":318702784,""bmp280_connected"":true,""temperature_c"":26.37,""pressure_hpa"":995.73,""bmp280_address"":""0x76""}"
2026-09-20T22:39:05.803,2026-09-20 00:00:00,1789907945803,sensor_data,Sensor_D,1549410049,278,1850826233,1386896,True,23.44,,995.63,,"{""type"":""sensor_data"",""sensor_name"":""Sensor_D"",""node_id"":1549410049,""sequence"":278,""mesh_time_us"":1850826233,""uptime_ms"":1386896,""bmp280_connected"":true,""temperature_c"":23.44,""pressure_hpa"":995.63,""bmp280_address"":""0x76""}"
2026-09-20T22:39:08.260,2026-09-20 00:00:00,1789907948260,sensor_data,Sensor_A,1623979917,21,1853356626,101897,True,23.03,,996.11,,"{""type"":""sensor_data"",""sensor_name"":""Sensor_A"",""node_id"":1623979917,""sequence"":21,""mesh_time_us"":1853356626,""uptime_ms"":101897,""bmp280_connected"":true,""temperature_c"":23.03,""pressure_hpa"":996.11,""bmp280_address"":""0x76""}"
2026-09-20T22:39:10.493,2026-09-20 00:00:00,1789907950493,sensor_data,Sensor_B,1611764737,63742,1855655837,318707784,True,26.37,,995.72,,"{""type"":""sensor_data"",""sensor_name"":""Sensor_B"",""node_id"":1611764737,""sequence"":63742,""mesh_time_us"":1855655837,""uptime_ms"":318707784,""bmp280_connected"":true,""temperature_c"":26.37,""pressure_hpa"":995.72,""bmp280_address"":""0x76""}"
2026-09-20T22:39:10.721,2026-09-20 00:00:00,1789907950721,sensor_data,Sensor_D,1549410049,279,1855826294,1391896,True,23.45,,995.61,,"{""type"":""sensor_data"",""sensor_name"":""Sensor_D"",""node_id"":1549410049,""sequence"":279,""mesh_time_us"":1855826294,""uptime_ms"":1391896,""bmp280_connected"":true,""temperature_c"":23.45,""pressure_hpa"":995.61,""bmp280_address"":""0x76""}"
2026-09-20T22:39:13.382,2026-09-20 00:00:00,1789907953382,sensor_data,Sensor_A,1623979917,22,1858350306,106897,True,22.99,,995.99,,"{""type"":""sensor_data"",""sensor_name"":""Sensor_A"",""node_id"":1623979917,""sequence"":22,""mesh_time_us"":1858350306,""uptime_ms"":106897,""bmp280_connected"":true,""temperature_c"":22.99,""pressure_hpa"":995.99,""bmp280_address"":""0x76""}"
2026-09-20T22:39:15.502,2026-09-20 00:00:00,1789907955502,sensor_data,Sensor_B,1611764737,63743,1860655872,318712784,True,26.36,,995.71,,"{""type"":""sensor_data"",""sensor_name"":""Sensor_B"",""node_id"":1611764737,""sequence"":63743,""mesh_time_us"":1860655872,""uptime_ms"":318712784,""bmp280_connected"":true,""temperature_c"":26.36,""pressure_hpa"":995.71,""bmp280_address"":""0x76""}"
2026-09-20T22:39:15.840,2026-09-20 00:00:00,1789907955840,sensor_data,Sensor_D,1549410049,280,1860820119,1396896,True,23.46,,995.6,,"{""type"":""sensor_data"",""sensor_name"":""Sensor_D"",""node_id"":1549410049,""sequence"":280,""mesh_time_us"":1860820119,""uptime_ms"":1396896,""bmp280_connected"":true,""temperature_c"":23.46,""pressure_hpa"":995.60,""bmp280_address"":""0x76""}"
2026-09-20T22:39:18.296,2026-09-20 00:00:00,1789907958296,sensor_data,Sensor_A,1623979917,23,1863349070,111897,True,23.05,,996.05,,"{""type"":""sensor_data"",""sensor_name"":""Sensor_A"",""node_id"":1623979917,""sequence"":23,""mesh_time_us"":1863349070,""uptime_ms"":111897,""bmp280_connected"":true,""temperature_c"":23.05,""pressure_hpa"":996.05,""bmp280_address"":""0x76""}"
2026-09-20T22:39:20.496,2026-09-20 00:00:00,1789907960496,sensor_data,Sensor_B,1611764737,63744,1865655837,318717784,True,26.35,,995.7,,"{""type"":""sensor_data"",""sensor_name"":""Sensor_B"",""node_id"":1611764737,""sequence"":63744,""mesh_time_us"":1865655837,""uptime_ms"":318717784,""bmp280_connected"":true,""temperature_c"":26.35,""pressure_hpa"":995.70,""bmp280_address"":""0x76""}"
2026-09-20T22:39:20.753,2026-09-20 00:00:00,1789907960753,sensor_data,Sensor_D,1549410049,281,1865820122,1401896,True,23.48,,995.58,,"{""type"":""sensor_data"",""sensor_name"":""Sensor_D"",""node_id"":1549410049,""sequence"":281,""mesh_time_us"":1865820122,""uptime_ms"":1401896,""bmp280_connected"":true,""temperature_c"":23.48,""pressure_hpa"":995.58,""bmp280_address"":""0x76""}"
2026-09-20T22:39:23.415,2026-09-20 00:00:00,1789907963415,sensor_data,Sensor_A,1623979917,24,1868349027,116897,True,23.1,,996.08,,"{""type"":""sensor_data"",""sensor_name"":""Sensor_A"",""node_id"":1623979917,""sequence"":24,""mesh_time_us"":1868349027,""uptime_ms"":116897,""bmp280_connected"":true,""temperature_c"":23.10,""pressure_hpa"":996.08,""bmp280_address"":""0x76""}"
2026-09-20T22:39:25.498,2026-09-20 00:00:00,1789907965498,sensor_data,Sensor_B,1611764737,63745,1870655810,318722784,True,26.34,,995.69,,"{""type"":""sensor_data"",""sensor_name"":""Sensor_B"",""node_id"":1611764737,""sequence"":63745,""mesh_time_us"":1870655810,""uptime_ms"":318722784,""bmp280_connected"":true,""temperature_c"":26.34,""pressure_hpa"":995.69,""bmp280_address"":""0x76""}"
2026-09-20T22:39:25.874,2026-09-20 00:00:00,1789907965874,sensor_data,Sensor_D,1549410049,282,1870820100,1406896,True,23.49,,995.58,,"{""type"":""sensor_data"",""sensor_name"":""Sensor_D"",""node_id"":1549410049,""sequence"":282,""mesh_time_us"":1870820100,""uptime_ms"":1406896,""bmp280_connected"":true,""temperature_c"":23.49,""pressure_hpa"":995.58,""bmp280_address"":""0x76""}"
2026-09-20T22:39:28.332,2026-09-20 00:00:00,1789907968332,sensor_data,Sensor_A,1623979917,25,1873349026,121897,True,23.13,,996.09,,"{""type"":""sensor_data"",""sensor_name"":""Sensor_A"",""node_id"":1623979917,""sequence"":25,""mesh_time_us"":1873349026,""uptime_ms"":121897,""bmp280_connected"":true,""temperature_c"":23.13,""pressure_hpa"":996.09,""bmp280_address"":""0x76""}"
2026-09-20T22:39:30.492,2026-09-20 00:00:00,1789907970492,sensor_data,Sensor_B,1611764737,63746,1875655808,318727784,True,26.34,,995.7,,"{""type"":""sensor_data"",""sensor_name"":""Sensor_B"",""node_id"":1611764737,""sequence"":63746,""mesh_time_us"":1875655808,""uptime_ms"":318727784,""bmp280_connected"":true,""temperature_c"":26.34,""pressure_hpa"":995.70,""bmp280_address"":""0x76""}"
2026-09-20T22:39:30.789,2026-09-20 00:00:00,1789907970789,sensor_data,Sensor_D,1549410049,283,1875820090,1411896,True,23.5,,995.59,,"{""type"":""sensor_data"",""sensor_name"":""Sensor_D"",""node_id"":1549410049,""sequence"":283,""mesh_time_us"":1875820090,""uptime_ms"":1411896,""bmp280_connected"":true,""temperature_c"":23.50,""pressure_hpa"":995.59,""bmp280_address"":""0x76""}"
2026-09-20T22:39:33.448,2026-09-20 00:00:00,1789907973448,sensor_data,Sensor_A,1623979917,26,1878349009,126897,True,23.14,,996.12,,"{""type"":""sensor_data"",""sensor_name"":""Sensor_A"",""node_id"":1623979917,""sequence"":26,""mesh_time_us"":1878349009,""uptime_ms"":126897,""bmp280_connected"":true,""temperature_c"":23.14,""pressure_hpa"":996.12,""bmp280_address"":""0x76""}"
2026-09-20T22:39:35.500,2026-09-20 00:00:00,1789907975500,sensor_data,Sensor_B,1611764737,63747,1880655839,318732784,True,26.35,,995.74,,"{""type"":""sensor_data"",""sensor_name"":""Sensor_B"",""node_id"":1611764737,""sequence"":63747,""mesh_time_us"":1880655839,""uptime_ms"":318732784,""bmp280_connected"":true,""temperature_c"":26.35,""pressure_hpa"":995.74,""bmp280_address"":""0x76""}"
2026-09-20T22:39:35.705,2026-09-20 00:00:00,1789907975705,sensor_data,Sensor_D,1549410049,284,1880820104,1416896,True,23.51,,995.64,,"{""type"":""sensor_data"",""sensor_name"":""Sensor_D"",""node_id"":1549410049,""sequence"":284,""mesh_time_us"":1880820104,""uptime_ms"":1416896,""bmp280_connected"":true,""temperature_c"":23.51,""pressure_hpa"":995.64,""bmp280_address"":""0x76""}"
2026-09-20T22:39:38.366,2026-09-20 00:00:00,1789907978366,sensor_data,Sensor_A,1623979917,27,1883349017,131897,True,23.15,,996.15,,"{""type"":""sensor_data"",""sensor_name"":""Sensor_A"",""node_id"":1623979917,""sequence"":27,""mesh_time_us"":1883349017,""uptime_ms"":131897,""bmp280_connected"":true,""temperature_c"":23.15,""pressure_hpa"":996.15,""bmp280_address"":""0x76""}"
2026-09-20T22:39:40.499,2026-09-20 00:00:00,1789907980499,sensor_data,Sensor_B,1611764737,63748,1885655850,318737784,True,26.35,,995.77,,"{""type"":""sensor_data"",""sensor_name"":""Sensor_B"",""node_id"":1611764737,""sequence"":63748,""mesh_time_us"":1885655850,""uptime_ms"":318737784,""bmp280_connected"":true,""temperature_c"":26.35,""pressure_hpa"":995.77,""bmp280_address"":""0x76""}"
2026-09-20T22:39:40.821,2026-09-20 00:00:00,1789907980821,sensor_data,Sensor_D,1549410049,285,1885820134,1421896,True,23.51,,995.67,,"{""type"":""sensor_data"",""sensor_name"":""Sensor_D"",""node_id"":1549410049,""sequence"":285,""mesh_time_us"":1885820134,""uptime_ms"":1421896,""bmp280_connected"":true,""temperature_c"":23.51,""pressure_hpa"":995.67,""bmp280_address"":""0x76""}"
2026-09-20T22:39:43.284,2026-09-20 00:00:00,1789907983284,sensor_data,Sensor_A,1623979917,28,1888349038,136897,True,23.16,,996.17,,"{""type"":""sensor_data"",""sensor_name"":""Sensor_A"",""node_id"":1623979917,""sequence"":28,""mesh_time_us"":1888349038,""uptime_ms"":136897,""bmp280_connected"":true,""temperature_c"":23.16,""pressure_hpa"":996.17,""bmp280_address"":""0x76""}"
2026-09-20T22:39:45.507,2026-09-20 00:00:00,1789907985507,sensor_data,Sensor_B,1611764737,63749,1890655870,318742784,True,26.34,,995.75,,"{""type"":""sensor_data"",""sensor_name"":""Sensor_B"",""node_id"":1611764737,""sequence"":63749,""mesh_time_us"":1890655870,""uptime_ms"":318742784,""bmp280_connected"":true,""temperature_c"":26.34,""pressure_hpa"":995.75,""bmp280_address"":""0x76""}"
2026-09-20T22:39:45.736,2026-09-20 00:00:00,1789907985736,sensor_data,Sensor_D,1549410049,286,1890820163,1426896,True,23.53,,995.65,,"{""type"":""sensor_data"",""sensor_name"":""Sensor_D"",""node_id"":1549410049,""sequence"":286,""mesh_time_us"":1890820163,""uptime_ms"":1426896,""bmp280_connected"":true,""temperature_c"":23.53,""pressure_hpa"":995.65,""bmp280_address"":""0x76""}"
2026-09-20T22:39:48.397,2026-09-20 00:00:00,1789907988397,sensor_data,Sensor_A,1623979917,29,1893349016,141897,True,23.12,,996.14,,"{""type"":""sensor_data"",""sensor_name"":""Sensor_A"",""node_id"":1623979917,""sequence"":29,""mesh_time_us"":1893349016,""uptime_ms"":141897,""bmp280_connected"":true,""temperature_c"":23.12,""pressure_hpa"":996.14,""bmp280_address"":""0x76""}"
2026-09-20T22:39:50.495,2026-09-20 00:00:00,1789907990495,sensor_data,Sensor_B,1611764737,63750,1895655864,318747784,True,26.34,,995.74,,"{""type"":""sensor_data"",""sensor_name"":""Sensor_B"",""node_id"":1611764737,""sequence"":63750,""mesh_time_us"":1895655864,""uptime_ms"":318747784,""bmp280_connected"":true,""temperature_c"":26.34,""pressure_hpa"":995.74,""bmp280_address"":""0x76""}"
2026-09-20T22:39:50.861,2026-09-20 00:00:00,1789907990861,sensor_data,Sensor_D,1549410049,287,1895820099,1431896,True,23.53,,995.62,,"{""type"":""sensor_data"",""sensor_name"":""Sensor_D"",""node_id"":1549410049,""sequence"":287,""mesh_time_us"":1895820099,""uptime_ms"":1431896,""bmp280_connected"":true,""temperature_c"":23.53,""pressure_hpa"":995.62,""bmp280_address"":""0x76""}"
2026-09-20T22:39:53.315,2026-09-20 00:00:00,1789907993315,sensor_data,Sensor_A,1623979917,30,1898349040,146897,True,23.14,,996.16,,"{""type"":""sensor_data"",""sensor_name"":""Sensor_A"",""node_id"":1623979917,""sequence"":30,""mesh_time_us"":1898349040,""uptime_ms"":146897,""bmp280_connected"":true,""temperature_c"":23.14,""pressure_hpa"":996.16,""bmp280_address"":""0x76""}"
2026-09-20T22:39:55.493,2026-09-20 00:00:00,1789907995493,sensor_data,Sensor_B,1611764737,63751,1900655828,318752784,True,26.33,,995.7,,"{""type"":""sensor_data"",""sensor_name"":""Sensor_B"",""node_id"":1611764737,""sequence"":63751,""mesh_time_us"":1900655828,""uptime_ms"":318752784,""bmp280_connected"":true,""temperature_c"":26.33,""pressure_hpa"":995.70,""bmp280_address"":""0x76""}"
2026-09-20T22:39:56.696,2026-09-20 00:00:00,1789907996696,sensor_data,Sensor_D,1549410049,288,1900820132,1436896,True,23.54,,995.61,,"{""type"":""sensor_data"",""sensor_name"":""Sensor_D"",""node_id"":1549410049,""sequence"":288,""mesh_time_us"":1900820132,""uptime_ms"":1436896,""bmp280_connected"":true,""temperature_c"":23.54,""pressure_hpa"":995.61,""bmp280_address"":""0x76""}"
2026-09-20T22:39:58.440,2026-09-20 00:00:00,1789907998440,sensor_data,Sensor_A,1623979917,31,1903349021,151897,True,23.16,,996.17,,"{""type"":""sensor_data"",""sensor_name"":""Sensor_A"",""node_id"":1623979917,""sequence"":31,""mesh_time_us"":1903349021,""uptime_ms"":151897,""bmp280_connected"":true,""temperature_c"":23.16,""pressure_hpa"":996.17,""bmp280_address"":""0x76""}"
2026-09-20T22:40:00.502,2026-09-20 00:00:00,1789908000502,sensor_data,Sensor_B,1611764737,63752,1905655851,318757784,True,26.31,,995.69,,"{""type"":""sensor_data"",""sensor_name"":""Sensor_B"",""node_id"":1611764737,""sequence"":63752,""mesh_time_us"":1905655851,""uptime_ms"":318757784,""bmp280_connected"":true,""temperature_c"":26.31,""pressure_hpa"":995.69,""bmp280_address"":""0x76""}"
2026-09-20T22:40:00.690,2026-09-20 00:00:00,1789908000690,sensor_data,Sensor_D,1549410049,289,1905820114,1441896,True,23.55,,995.6,,"{""type"":""sensor_data"",""sensor_name"":""Sensor_D"",""node_id"":1549410049,""sequence"":289,""mesh_time_us"":1905820114,""uptime_ms"":1441896,""bmp280_connected"":true,""temperature_c"":23.55,""pressure_hpa"":995.60,""bmp280_address"":""0x76""}"
2026-09-20T22:40:03.352,2026-09-20 00:00:00,1789908003352,sensor_data,Sensor_A,1623979917,32,1908349029,156897,True,23.15,,996.15,,"{""type"":""sensor_data"",""sensor_name"":""Sensor_A"",""node_id"":1623979917,""sequence"":32,""mesh_time_us"":1908349029,""uptime_ms"":156897,""bmp280_connected"":true,""temperature_c"":23.15,""pressure_hpa"":996.15,""bmp280_address"":""0x76""}"
2026-09-20T22:40:05.501,2026-09-20 00:00:00,1789908005501,sensor_data,Sensor_B,1611764737,63753,1910656591,318762784,True,26.31,,995.72,,"{""type"":""sensor_data"",""sensor_name"":""Sensor_B"",""node_id"":1611764737,""sequence"":63753,""mesh_time_us"":1910656591,""uptime_ms"":318762784,""bmp280_connected"":true,""temperature_c"":26.31,""pressure_hpa"":995.72,""bmp280_address"":""0x76""}"
2026-09-20T22:40:05.810,2026-09-20 00:00:00,1789908005810,sensor_data,Sensor_D,1549410049,290,1910820169,1446896,True,23.56,,995.62,,"{""type"":""sensor_data"",""sensor_name"":""Sensor_D"",""node_id"":1549410049,""sequence"":290,""mesh_time_us"":1910820169,""uptime_ms"":1446896,""bmp280_connected"":true,""temperature_c"":23.56,""pressure_hpa"":995.62,""bmp280_address"":""0x76""}"
2026-09-20T22:40:08.268,2026-09-20 00:00:00,1789908008268,sensor_data,Sensor_A,1623979917,33,1913349029,161897,True,23.16,,996.17,,"{""type"":""sensor_data"",""sensor_name"":""Sensor_A"",""node_id"":1623979917,""sequence"":33,""mesh_time_us"":1913349029,""uptime_ms"":161897,""bmp280_connected"":true,""temperature_c"":23.16,""pressure_hpa"":996.17,""bmp280_address"":""0x76""}"
2026-09-20T22:40:10.495,2026-09-20 00:00:00,1789908010495,sensor_data,Sensor_B,1611764737,63754,1915656432,318767784,True,26.31,,995.73,,"{""type"":""sensor_data"",""sensor_name"":""Sensor_B"",""node_id"":1611764737,""sequence"":63754,""mesh_time_us"":1915656432,""uptime_ms"":318767784,""bmp280_connected"":true,""temperature_c"":26.31,""pressure_hpa"":995.73,""bmp280_address"":""0x76""}"
2026-09-20T22:40:10.831,2026-09-20 00:00:00,1789908010831,sensor_data,Sensor_D,1549410049,291,1915820103,1451896,True,23.56,,995.63,,"{""type"":""sensor_data"",""sensor_name"":""Sensor_D"",""node_id"":1549410049,""sequence"":291,""mesh_time_us"":1915820103,""uptime_ms"":1451896,""bmp280_connected"":true,""temperature_c"":23.56,""pressure_hpa"":995.63,""bmp280_address"":""0x76""}"
2026-09-20T22:40:13.391,2026-09-20 00:00:00,1789908013391,sensor_data,Sensor_A,1623979917,34,1918349083,166897,True,23.16,,996.18,,"{""type"":""sensor_data"",""sensor_name"":""Sensor_A"",""node_id"":1623979917,""sequence"":34,""mesh_time_us"":1918349083,""uptime_ms"":166897,""bmp280_connected"":true,""temperature_c"":23.16,""pressure_hpa"":996.18,""bmp280_address"":""0x76""}"
2026-09-20T22:40:15.507,2026-09-20 00:00:00,1789908015507,sensor_data,Sensor_B,1611764737,63755,1920656432,318772784,True,26.32,,995.76,,"{""type"":""sensor_data"",""sensor_name"":""Sensor_B"",""node_id"":1611764737,""sequence"":63755,""mesh_time_us"":1920656432,""uptime_ms"":318772784,""bmp280_connected"":true,""temperature_c"":26.32,""pressure_hpa"":995.76,""bmp280_address"":""0x76""}"
2026-09-20T22:40:15.668,2026-09-20 00:00:00,1789908015668,sensor_data,Sensor_D,1549410049,292,1920821771,1456896,True,23.57,,995.66,,"{""type"":""sensor_data"",""sensor_name"":""Sensor_D"",""node_id"":1549410049,""sequence"":292,""mesh_time_us"":1920821771,""uptime_ms"":1456896,""bmp280_connected"":true,""temperature_c"":23.57,""pressure_hpa"":995.66,""bmp280_address"":""0x76""}"
2026-09-20T22:40:18.304,2026-09-20 00:00:00,1789908018304,sensor_data,Sensor_A,1623979917,35,1923350226,171897,True,23.11,,996.13,,"{""type"":""sensor_data"",""sensor_name"":""Sensor_A"",""node_id"":1623979917,""sequence"":35,""mesh_time_us"":1923350226,""uptime_ms"":171897,""bmp280_connected"":true,""temperature_c"":23.11,""pressure_hpa"":996.13,""bmp280_address"":""0x76""}"
2026-09-20T22:40:20.500,2026-09-20 00:00:00,1789908020500,sensor_data,Sensor_B,1611764737,63756,1925656454,318777784,True,26.3,,995.77,,"{""type"":""sensor_data"",""sensor_name"":""Sensor_B"",""node_id"":1611764737,""sequence"":63756,""mesh_time_us"":1925656454,""uptime_ms"":318777784,""bmp280_connected"":true,""temperature_c"":26.30,""pressure_hpa"":995.77,""bmp280_address"":""0x76""}"
2026-09-20T22:40:20.865,2026-09-20 00:00:00,1789908020865,sensor_data,Sensor_D,1549410049,293,1925821773,1461896,True,23.58,,995.71,,"{""type"":""sensor_data"",""sensor_name"":""Sensor_D"",""node_id"":1549410049,""sequence"":293,""mesh_time_us"":1925821773,""uptime_ms"":1461896,""bmp280_connected"":true,""temperature_c"":23.58,""pressure_hpa"":995.71,""bmp280_address"":""0x76""}"
2026-09-20T22:40:23.624,2026-09-20 00:00:00,1789908023624,sensor_data,Sensor_A,1623979917,36,1928350200,176897,True,23.13,,996.17,,"{""type"":""sensor_data"",""sensor_name"":""Sensor_A"",""node_id"":1623979917,""sequence"":36,""mesh_time_us"":1928350200,""uptime_ms"":176897,""bmp280_connected"":true,""temperature_c"":23.13,""pressure_hpa"":996.17,""bmp280_address"":""0x76""}"
2026-09-20T22:40:25.493,2026-09-20 00:00:00,1789908025493,sensor_data,Sensor_B,1611764737,63757,1930656441,318782784,True,26.31,,995.78,,"{""type"":""sensor_data"",""sensor_name"":""Sensor_B"",""node_id"":1611764737,""sequence"":63757,""mesh_time_us"":1930656441,""uptime_ms"":318782784,""bmp280_connected"":true,""temperature_c"":26.31,""pressure_hpa"":995.78,""bmp280_address"":""0x76""}"
2026-09-20T22:40:25.700,2026-09-20 00:00:00,1789908025700,sensor_data,Sensor_D,1549410049,294,1930821773,1466896,True,23.58,,995.69,,"{""type"":""sensor_data"",""sensor_name"":""Sensor_D"",""node_id"":1549410049,""sequence"":294,""mesh_time_us"":1930821773,""uptime_ms"":1466896,""bmp280_connected"":true,""temperature_c"":23.58,""pressure_hpa"":995.69,""bmp280_address"":""0x76""}"
2026-09-20T22:40:28.236,2026-09-20 00:00:00,1789908028236,sensor_data,Sensor_A,1623979917,37,1933350165,181897,True,23.13,,996.17,,"{""type"":""sensor_data"",""sensor_name"":""Sensor_A"",""node_id"":1623979917,""sequence"":37,""mesh_time_us"":1933350165,""uptime_ms"":181897,""bmp280_connected"":true,""temperature_c"":23.13,""pressure_hpa"":996.17,""bmp280_address"":""0x76""}"
2026-09-20T22:40:30.496,2026-09-20 00:00:00,1789908030496,sensor_data,Sensor_B,1611764737,63758,1935656418,318787784,True,26.32,,995.79,,"{""type"":""sensor_data"",""sensor_name"":""Sensor_B"",""node_id"":1611764737,""sequence"":63758,""mesh_time_us"":1935656418,""uptime_ms"":318787784,""bmp280_connected"":true,""temperature_c"":26.32,""pressure_hpa"":995.79,""bmp280_address"":""0x76""}"
2026-09-20T22:40:31.309,2026-09-20 00:00:00,1789908031309,sensor_data,Sensor_D,1549410049,295,1935821753,1471896,True,23.59,,995.68,,"{""type"":""sensor_data"",""sensor_name"":""Sensor_D"",""node_id"":1549410049,""sequence"":295,""mesh_time_us"":1935821753,""uptime_ms"":1471896,""bmp280_connected"":true,""temperature_c"":23.59,""pressure_hpa"":995.68,""bmp280_address"":""0x76""}"
2026-09-20T22:40:33.253,2026-09-20 00:00:00,1789908033253,sensor_data,Sensor_A,1623979917,38,1938350186,186897,True,23.1,,996.17,,"{""type"":""sensor_data"",""sensor_name"":""Sensor_A"",""node_id"":1623979917,""sequence"":38,""mesh_time_us"":1938350186,""uptime_ms"":186897,""bmp280_connected"":true,""temperature_c"":23.10,""pressure_hpa"":996.17,""bmp280_address"":""0x76""}"
2026-09-20T22:40:35.497,2026-09-20 00:00:00,1789908035497,sensor_data,Sensor_B,1611764737,63759,1940656464,318792784,True,26.31,,995.77,,"{""type"":""sensor_data"",""sensor_name"":""Sensor_B"",""node_id"":1611764737,""sequence"":63759,""mesh_time_us"":1940656464,""uptime_ms"":318792784,""bmp280_connected"":true,""temperature_c"":26.31,""pressure_hpa"":995.77,""bmp280_address"":""0x76""}"
2026-09-20T22:40:35.813,2026-09-20 00:00:00,1789908035813,sensor_data,Sensor_D,1549410049,296,1940821696,1476896,True,23.59,,995.67,,"{""type"":""sensor_data"",""sensor_name"":""Sensor_D"",""node_id"":1549410049,""sequence"":296,""mesh_time_us"":1940821696,""uptime_ms"":1476896,""bmp280_connected"":true,""temperature_c"":23.59,""pressure_hpa"":995.67,""bmp280_address"":""0x76""}"
2026-09-20T22:40:38.267,2026-09-20 00:00:00,1789908038267,sensor_data,Sensor_A,1623979917,39,1943350202,191897,True,23.1,,996.18,,"{""type"":""sensor_data"",""sensor_name"":""Sensor_A"",""node_id"":1623979917,""sequence"":39,""mesh_time_us"":1943350202,""uptime_ms"":191897,""bmp280_connected"":true,""temperature_c"":23.10,""pressure_hpa"":996.18,""bmp280_address"":""0x76""}"
2026-09-20T22:40:40.496,2026-09-20 00:00:00,1789908040496,sensor_data,Sensor_B,1611764737,63760,1945656463,318797784,True,26.31,,995.78,,"{""type"":""sensor_data"",""sensor_name"":""Sensor_B"",""node_id"":1611764737,""sequence"":63760,""mesh_time_us"":1945656463,""uptime_ms"":318797784,""bmp280_connected"":true,""temperature_c"":26.31,""pressure_hpa"":995.78,""bmp280_address"":""0x76""}"
2026-09-20T22:40:40.835,2026-09-20 00:00:00,1789908040835,sensor_data,Sensor_D,1549410049,297,1945821763,1481896,True,23.6,,995.67,,"{""type"":""sensor_data"",""sensor_name"":""Sensor_D"",""node_id"":1549410049,""sequence"":297,""mesh_time_us"":1945821763,""uptime_ms"":1481896,""bmp280_connected"":true,""temperature_c"":23.60,""pressure_hpa"":995.67,""bmp280_address"":""0x76""}"
2026-09-20T22:40:43.290,2026-09-20 00:00:00,1789908043290,sensor_data,Sensor_A,1623979917,40,1948350188,196897,True,23.07,,996.15,,"{""type"":""sensor_data"",""sensor_name"":""Sensor_A"",""node_id"":1623979917,""sequence"":40,""mesh_time_us"":1948350188,""uptime_ms"":196897,""bmp280_connected"":true,""temperature_c"":23.07,""pressure_hpa"":996.15,""bmp280_address"":""0x76""}"
2026-09-20T22:40:45.497,2026-09-20 00:00:00,1789908045497,sensor_data,Sensor_B,1611764737,63761,1950656405,318802784,True,26.3,,995.78,,"{""type"":""sensor_data"",""sensor_name"":""Sensor_B"",""node_id"":1611764737,""sequence"":63761,""mesh_time_us"":1950656405,""uptime_ms"":318802784,""bmp280_connected"":true,""temperature_c"":26.30,""pressure_hpa"":995.78,""bmp280_address"":""0x76""}"
2026-09-20T22:40:45.749,2026-09-20 00:00:00,1789908045749,sensor_data,Sensor_D,1549410049,298,1950821698,1486896,True,23.6,,995.67,,"{""type"":""sensor_data"",""sensor_name"":""Sensor_D"",""node_id"":1549410049,""sequence"":298,""mesh_time_us"":1950821698,""uptime_ms"":1486896,""bmp280_connected"":true,""temperature_c"":23.60,""pressure_hpa"":995.67,""bmp280_address"":""0x76""}"
2026-09-20T22:40:48.818,2026-09-20 00:00:00,1789908048818,sensor_data,Sensor_A,1623979917,41,1953350207,201897,True,23.05,,996.09,,"{""type"":""sensor_data"",""sensor_name"":""Sensor_A"",""node_id"":1623979917,""sequence"":41,""mesh_time_us"":1953350207,""uptime_ms"":201897,""bmp280_connected"":true,""temperature_c"":23.05,""pressure_hpa"":996.09,""bmp280_address"":""0x76""}"
2026-09-20T22:40:50.500,2026-09-20 00:00:00,1789908050500,sensor_data,Sensor_B,1611764737,63762,1955656458,318807784,True,26.3,,995.78,,"{""type"":""sensor_data"",""sensor_name"":""Sensor_B"",""node_id"":1611764737,""sequence"":63762,""mesh_time_us"":1955656458,""uptime_ms"":318807784,""bmp280_connected"":true,""temperature_c"":26.30,""pressure_hpa"":995.78,""bmp280_address"":""0x76""}"
2026-09-20T22:40:50.868,2026-09-20 00:00:00,1789908050868,sensor_data,Sensor_D,1549410049,299,1955821752,1491896,True,23.61,,995.67,,"{""type"":""sensor_data"",""sensor_name"":""Sensor_D"",""node_id"":1549410049,""sequence"":299,""mesh_time_us"":1955821752,""uptime_ms"":1491896,""bmp280_connected"":true,""temperature_c"":23.61,""pressure_hpa"":995.67,""bmp280_address"":""0x76""}"
2026-09-20T22:40:53.321,2026-09-20 00:00:00,1789908053321,sensor_data,Sensor_A,1623979917,42,1958350186,206897,True,23.09,,996.09,,"{""type"":""sensor_data"",""sensor_name"":""Sensor_A"",""node_id"":1623979917,""sequence"":42,""mesh_time_us"":1958350186,""uptime_ms"":206897,""bmp280_connected"":true,""temperature_c"":23.09,""pressure_hpa"":996.09,""bmp280_address"":""0x76""}"
2026-09-20T22:40:55.495,2026-09-20 00:00:00,1789908055495,sensor_data,Sensor_B,1611764737,63763,1960656421,318812784,True,26.3,,995.77,,"{""type"":""sensor_data"",""sensor_name"":""Sensor_B"",""node_id"":1611764737,""sequence"":63763,""mesh_time_us"":1960656421,""uptime_ms"":318812784,""bmp280_connected"":true,""temperature_c"":26.30,""pressure_hpa"":995.77,""bmp280_address"":""0x76""}"
2026-09-20T22:40:55.698,2026-09-20 00:00:00,1789908055698,sensor_data,Sensor_D,1549410049,300,1960821759,1496896,True,23.61,,995.66,,"{""type"":""sensor_data"",""sensor_name"":""Sensor_D"",""node_id"":1549410049,""sequence"":300,""mesh_time_us"":1960821759,""uptime_ms"":1496896,""bmp280_connected"":true,""temperature_c"":23.61,""pressure_hpa"":995.66,""bmp280_address"":""0x76""}"
2026-09-20T22:40:58.241,2026-09-20 00:00:00,1789908058241,sensor_data,Sensor_A,1623979917,43,1963350177,211897,True,23.08,,996.07,,"{""type"":""sensor_data"",""sensor_name"":""Sensor_A"",""node_id"":1623979917,""sequence"":43,""mesh_time_us"":1963350177,""uptime_ms"":211897,""bmp280_connected"":true,""temperature_c"":23.08,""pressure_hpa"":996.07,""bmp280_address"":""0x76""}"
2026-09-20T22:41:00.493,2026-09-20 00:00:00,1789908060493,sensor_data,Sensor_B,1611764737,63764,1965656430,318817784,True,26.3,,995.76,,"{""type"":""sensor_data"",""sensor_name"":""Sensor_B"",""node_id"":1611764737,""sequence"":63764,""mesh_time_us"":1965656430,""uptime_ms"":318817784,""bmp280_connected"":true,""temperature_c"":26.30,""pressure_hpa"":995.76,""bmp280_address"":""0x76""}"
2026-09-20T22:41:00.697,2026-09-20 00:00:00,1789908060697,sensor_data,Sensor_D,1549410049,301,1965821766,1501896,True,23.61,,995.64,,"{""type"":""sensor_data"",""sensor_name"":""Sensor_D"",""node_id"":1549410049,""sequence"":301,""mesh_time_us"":1965821766,""uptime_ms"":1501896,""bmp280_connected"":true,""temperature_c"":23.61,""pressure_hpa"":995.64,""bmp280_address"":""0x76""}"
2026-09-20T22:41:03.363,2026-09-20 00:00:00,1789908063363,sensor_data,Sensor_A,1623979917,44,1968350208,216897,True,23.07,,996.04,,"{""type"":""sensor_data"",""sensor_name"":""Sensor_A"",""node_id"":1623979917,""sequence"":44,""mesh_time_us"":1968350208,""uptime_ms"":216897,""bmp280_connected"":true,""temperature_c"":23.07,""pressure_hpa"":996.04,""bmp280_address"":""0x76""}"
2026-09-20T22:41:05.496,2026-09-20 00:00:00,1789908065496,sensor_data,Sensor_B,1611764737,63765,1970658789,318822784,True,26.3,,995.73,,"{""type"":""sensor_data"",""sensor_name"":""Sensor_B"",""node_id"":1611764737,""sequence"":63765,""mesh_time_us"":1970658789,""uptime_ms"":318822784,""bmp280_connected"":true,""temperature_c"":26.30,""pressure_hpa"":995.73,""bmp280_address"":""0x76""}"
2026-09-20T22:41:05.818,2026-09-20 00:00:00,1789908065818,sensor_data,Sensor_D,1549410049,302,1970821714,1506896,True,23.61,,995.62,,"{""type"":""sensor_data"",""sensor_name"":""Sensor_D"",""node_id"":1549410049,""sequence"":302,""mesh_time_us"":1970821714,""uptime_ms"":1506896,""bmp280_connected"":true,""temperature_c"":23.61,""pressure_hpa"":995.62,""bmp280_address"":""0x76""}"
2026-09-20T22:41:08.275,2026-09-20 00:00:00,1789908068275,sensor_data,Sensor_A,1623979917,45,1973350181,221897,True,23.09,,996.09,,"{""type"":""sensor_data"",""sensor_name"":""Sensor_A"",""node_id"":1623979917,""sequence"":45,""mesh_time_us"":1973350181,""uptime_ms"":221897,""bmp280_connected"":true,""temperature_c"":23.09,""pressure_hpa"":996.09,""bmp280_address"":""0x76""}"
2026-09-20T22:41:10.499,2026-09-20 00:00:00,1789908070499,sensor_data,Sensor_B,1611764737,63766,1975658741,318827784,True,26.31,,995.73,,"{""type"":""sensor_data"",""sensor_name"":""Sensor_B"",""node_id"":1611764737,""sequence"":63766,""mesh_time_us"":1975658741,""uptime_ms"":318827784,""bmp280_connected"":true,""temperature_c"":26.31,""pressure_hpa"":995.73,""bmp280_address"":""0x76""}"
2026-09-20T22:41:10.732,2026-09-20 00:00:00,1789908070732,sensor_data,Sensor_D,1549410049,303,1975821755,1511896,True,23.61,,995.62,,"{""type"":""sensor_data"",""sensor_name"":""Sensor_D"",""node_id"":1549410049,""sequence"":303,""mesh_time_us"":1975821755,""uptime_ms"":1511896,""bmp280_connected"":true,""temperature_c"":23.61,""pressure_hpa"":995.62,""bmp280_address"":""0x76""}"
2026-09-20T22:41:13.292,2026-09-20 00:00:00,1789908073292,sensor_data,Sensor_A,1623979917,46,1978350181,226897,True,23.07,,996.11,,"{""type"":""sensor_data"",""sensor_name"":""Sensor_A"",""node_id"":1623979917,""sequence"":46,""mesh_time_us"":1978350181,""uptime_ms"":226897,""bmp280_connected"":true,""temperature_c"":23.07,""pressure_hpa"":996.11,""bmp280_address"":""0x76""}"
2026-09-20T22:41:15.496,2026-09-20 00:00:00,1789908075496,sensor_data,Sensor_B,1611764737,63767,1980658749,318832784,True,26.31,,995.74,,"{""type"":""sensor_data"",""sensor_name"":""Sensor_B"",""node_id"":1611764737,""sequence"":63767,""mesh_time_us"":1980658749,""uptime_ms"":318832784,""bmp280_connected"":true,""temperature_c"":26.31,""pressure_hpa"":995.74,""bmp280_address"":""0x76""}"
2026-09-20T22:41:15.954,2026-09-20 00:00:00,1789908075954,sensor_data,Sensor_D,1549410049,304,1980823981,1516896,True,23.61,,995.64,,"{""type"":""sensor_data"",""sensor_name"":""Sensor_D"",""node_id"":1549410049,""sequence"":304,""mesh_time_us"":1980823981,""uptime_ms"":1516896,""bmp280_connected"":true,""temperature_c"":23.61,""pressure_hpa"":995.64,""bmp280_address"":""0x76""}"
2026-09-20T22:41:18.720,2026-09-20 00:00:00,1789908078720,sensor_data,Sensor_A,1623979917,47,1983352361,231897,True,23.09,,996.18,,"{""type"":""sensor_data"",""sensor_name"":""Sensor_A"",""node_id"":1623979917,""sequence"":47,""mesh_time_us"":1983352361,""uptime_ms"":231897,""bmp280_connected"":true,""temperature_c"":23.09,""pressure_hpa"":996.18,""bmp280_address"":""0x76""}"
2026-09-20T22:41:20.503,2026-09-20 00:00:00,1789908080503,sensor_data,Sensor_B,1611764737,63768,1985658768,318837784,True,26.31,,995.74,,"{""type"":""sensor_data"",""sensor_name"":""Sensor_B"",""node_id"":1611764737,""sequence"":63768,""mesh_time_us"":1985658768,""uptime_ms"":318837784,""bmp280_connected"":true,""temperature_c"":26.31,""pressure_hpa"":995.74,""bmp280_address"":""0x76""}"
2026-09-20T22:41:20.974,2026-09-20 00:00:00,1789908080974,sensor_data,Sensor_D,1549410049,305,1985823807,1521896,True,23.6,,995.64,,"{""type"":""sensor_data"",""sensor_name"":""Sensor_D"",""node_id"":1549410049,""sequence"":305,""mesh_time_us"":1985823807,""uptime_ms"":1521896,""bmp280_connected"":true,""temperature_c"":23.60,""pressure_hpa"":995.64,""bmp280_address"":""0x76""}"
2026-09-20T22:41:23.429,2026-09-20 00:00:00,1789908083429,sensor_data,Sensor_A,1623979917,48,1988352323,236897,True,23.08,,996.17,,"{""type"":""sensor_data"",""sensor_name"":""Sensor_A"",""node_id"":1623979917,""sequence"":48,""mesh_time_us"":1988352323,""uptime_ms"":236897,""bmp280_connected"":true,""temperature_c"":23.08,""pressure_hpa"":996.17,""bmp280_address"":""0x76""}"
2026-09-20T22:41:25.496,2026-09-20 00:00:00,1789908085496,sensor_data,Sensor_B,1611764737,63769,1990658714,318842784,True,26.29,,995.72,,"{""type"":""sensor_data"",""sensor_name"":""Sensor_B"",""node_id"":1611764737,""sequence"":63769,""mesh_time_us"":1990658714,""uptime_ms"":318842784,""bmp280_connected"":true,""temperature_c"":26.29,""pressure_hpa"":995.72,""bmp280_address"":""0x76""}"
2026-09-20T22:41:25.687,2026-09-20 00:00:00,1789908085687,sensor_data,Sensor_D,1549410049,306,1990823848,1526896,True,23.6,,995.65,,"{""type"":""sensor_data"",""sensor_name"":""Sensor_D"",""node_id"":1549410049,""sequence"":306,""mesh_time_us"":1990823848,""uptime_ms"":1526896,""bmp280_connected"":true,""temperature_c"":23.60,""pressure_hpa"":995.65,""bmp280_address"":""0x76""}"
2026-09-20T22:41:28.354,2026-09-20 00:00:00,1789908088354,sensor_data,Sensor_A,1623979917,49,1993352322,241897,True,23.05,,996.14,,"{""type"":""sensor_data"",""sensor_name"":""Sensor_A"",""node_id"":1623979917,""sequence"":49,""mesh_time_us"":1993352322,""uptime_ms"":241897,""bmp280_connected"":true,""temperature_c"":23.05,""pressure_hpa"":996.14,""bmp280_address"":""0x76""}"
2026-09-20T22:41:30.496,2026-09-20 00:00:00,1789908090496,sensor_data,Sensor_B,1611764737,63770,1995658719,318847784,True,26.3,,995.75,,"{""type"":""sensor_data"",""sensor_name"":""Sensor_B"",""node_id"":1611764737,""sequence"":63770,""mesh_time_us"":1995658719,""uptime_ms"":318847784,""bmp280_connected"":true,""temperature_c"":26.30,""pressure_hpa"":995.75,""bmp280_address"":""0x76""}"
2026-09-20T22:41:30.907,2026-09-20 00:00:00,1789908090907,sensor_data,Sensor_D,1549410049,307,1995823846,1531896,True,23.6,,995.66,,"{""type"":""sensor_data"",""sensor_name"":""Sensor_D"",""node_id"":1549410049,""sequence"":307,""mesh_time_us"":1995823846,""uptime_ms"":1531896,""bmp280_connected"":true,""temperature_c"":23.60,""pressure_hpa"":995.66,""bmp280_address"":""0x76""}"
2026-09-20T22:41:33.257,2026-09-20 00:00:00,1789908093257,sensor_data,Sensor_A,1623979917,50,1998352363,246897,True,23.05,,996.15,,"{""type"":""sensor_data"",""sensor_name"":""Sensor_A"",""node_id"":1623979917,""sequence"":50,""mesh_time_us"":1998352363,""uptime_ms"":246897,""bmp280_connected"":true,""temperature_c"":23.05,""pressure_hpa"":996.15,""bmp280_address"":""0x76""}"
2026-09-20T22:41:35.497,2026-09-20 00:00:00,1789908095497,sensor_data,Sensor_B,1611764737,63771,2000658728,318852784,True,26.3,,995.76,,"{""type"":""sensor_data"",""sensor_name"":""Sensor_B"",""node_id"":1611764737,""sequence"":63771,""mesh_time_us"":2000658728,""uptime_ms"":318852784,""bmp280_connected"":true,""temperature_c"":26.30,""pressure_hpa"":995.76,""bmp280_address"":""0x76""}"
2026-09-20T22:41:35.718,2026-09-20 00:00:00,1789908095718,sensor_data,Sensor_D,1549410049,308,2000823805,1536896,True,23.59,,995.67,,"{""type"":""sensor_data"",""sensor_name"":""Sensor_D"",""node_id"":1549410049,""sequence"":308,""mesh_time_us"":2000823805,""uptime_ms"":1536896,""bmp280_connected"":true,""temperature_c"":23.59,""pressure_hpa"":995.67,""bmp280_address"":""0x76""}"
2026-09-20T22:41:38.381,2026-09-20 00:00:00,1789908098381,sensor_data,Sensor_A,1623979917,51,2003352360,251897,True,23.07,,996.18,,"{""type"":""sensor_data"",""sensor_name"":""Sensor_A"",""node_id"":1623979917,""sequence"":51,""mesh_time_us"":2003352360,""uptime_ms"":251897,""bmp280_connected"":true,""temperature_c"":23.07,""pressure_hpa"":996.18,""bmp280_address"":""0x76""}"
2026-09-20T22:41:40.500,2026-09-20 00:00:00,1789908100500,sensor_data,Sensor_B,1611764737,63772,2005658771,318857784,True,26.31,,995.77,,"{""type"":""sensor_data"",""sensor_name"":""Sensor_B"",""node_id"":1611764737,""sequence"":63772,""mesh_time_us"":2005658771,""uptime_ms"":318857784,""bmp280_connected"":true,""temperature_c"":26.31,""pressure_hpa"":995.77,""bmp280_address"":""0x76""}"
2026-09-20T22:41:41.046,2026-09-20 00:00:00,1789908101046,sensor_data,Sensor_D,1549410049,309,2005823846,1541896,True,23.59,,995.68,,"{""type"":""sensor_data"",""sensor_name"":""Sensor_D"",""node_id"":1549410049,""sequence"":309,""mesh_time_us"":2005823846,""uptime_ms"":1541896,""bmp280_connected"":true,""temperature_c"":23.59,""pressure_hpa"":995.68,""bmp280_address"":""0x76""}"
2026-09-20T22:41:43.296,2026-09-20 00:00:00,1789908103296,sensor_data,Sensor_A,1623979917,52,2008352335,256897,True,23.07,,996.16,,"{""type"":""sensor_data"",""sensor_name"":""Sensor_A"",""node_id"":1623979917,""sequence"":52,""mesh_time_us"":2008352335,""uptime_ms"":256897,""bmp280_connected"":true,""temperature_c"":23.07,""pressure_hpa"":996.16,""bmp280_address"":""0x76""}"
2026-09-20T22:41:45.500,2026-09-20 00:00:00,1789908105500,sensor_data,Sensor_B,1611764737,63773,2010658753,318862784,True,26.32,,995.78,,"{""type"":""sensor_data"",""sensor_name"":""Sensor_B"",""node_id"":1611764737,""sequence"":63773,""mesh_time_us"":2010658753,""uptime_ms"":318862784,""bmp280_connected"":true,""temperature_c"":26.32,""pressure_hpa"":995.78,""bmp280_address"":""0x76""}"
2026-09-20T22:41:45.853,2026-09-20 00:00:00,1789908105853,sensor_data,Sensor_D,1549410049,310,2010823776,1546896,True,23.59,,995.67,,"{""type"":""sensor_data"",""sensor_name"":""Sensor_D"",""node_id"":1549410049,""sequence"":310,""mesh_time_us"":2010823776,""uptime_ms"":1546896,""bmp280_connected"":true,""temperature_c"":23.59,""pressure_hpa"":995.67,""bmp280_address"":""0x76""}"
2026-09-20T22:41:48.417,2026-09-20 00:00:00,1789908108417,sensor_data,Sensor_A,1623979917,53,2013352338,261897,True,23.07,,996.16,,"{""type"":""sensor_data"",""sensor_name"":""Sensor_A"",""node_id"":1623979917,""sequence"":53,""mesh_time_us"":2013352338,""uptime_ms"":261897,""bmp280_connected"":true,""temperature_c"":23.07,""pressure_hpa"":996.16,""bmp280_address"":""0x76""}"
2026-09-20T22:41:50.495,2026-09-20 00:00:00,1789908110495,sensor_data,Sensor_B,1611764737,63774,2015658761,318867784,True,26.32,,995.77,,"{""type"":""sensor_data"",""sensor_name"":""Sensor_B"",""node_id"":1611764737,""sequence"":63774,""mesh_time_us"":2015658761,""uptime_ms"":318867784,""bmp280_connected"":true,""temperature_c"":26.32,""pressure_hpa"":995.77,""bmp280_address"":""0x76""}"
2026-09-20T22:41:50.873,2026-09-20 00:00:00,1789908110873,sensor_data,Sensor_D,1549410049,311,2015823881,1551896,True,23.59,,995.66,,"{""type"":""sensor_data"",""sensor_name"":""Sensor_D"",""node_id"":1549410049,""sequence"":311,""mesh_time_us"":2015823881,""uptime_ms"":1551896,""bmp280_connected"":true,""temperature_c"":23.59,""pressure_hpa"":995.66,""bmp280_address"":""0x76""}"
2026-09-20T22:41:53.327,2026-09-20 00:00:00,1789908113327,sensor_data,Sensor_A,1623979917,54,2018352382,266897,True,23.08,,996.16,,"{""type"":""sensor_data"",""sensor_name"":""Sensor_A"",""node_id"":1623979917,""sequence"":54,""mesh_time_us"":2018352382,""uptime_ms"":266897,""bmp280_connected"":true,""temperature_c"":23.08,""pressure_hpa"":996.16,""bmp280_address"":""0x76""}"
2026-09-20T22:41:55.496,2026-09-20 00:00:00,1789908115496,sensor_data,Sensor_B,1611764737,63775,2020658752,318872784,True,26.33,,995.76,,"{""type"":""sensor_data"",""sensor_name"":""Sensor_B"",""node_id"":1611764737,""sequence"":63775,""mesh_time_us"":2020658752,""uptime_ms"":318872784,""bmp280_connected"":true,""temperature_c"":26.33,""pressure_hpa"":995.76,""bmp280_address"":""0x76""}"
2026-09-20T22:41:55.789,2026-09-20 00:00:00,1789908115789,sensor_data,Sensor_D,1549410049,312,2020823835,1556896,True,23.59,,995.65,,"{""type"":""sensor_data"",""sensor_name"":""Sensor_D"",""node_id"":1549410049,""sequence"":312,""mesh_time_us"":2020823835,""uptime_ms"":1556896,""bmp280_connected"":true,""temperature_c"":23.59,""pressure_hpa"":995.65,""bmp280_address"":""0x76""}"
2026-09-20T22:41:58.349,2026-09-20 00:00:00,1789908118349,sensor_data,Sensor_A,1623979917,55,2023352353,271897,True,23.05,,996.08,,"{""type"":""sensor_data"",""sensor_name"":""Sensor_A"",""node_id"":1623979917,""sequence"":55,""mesh_time_us"":2023352353,""uptime_ms"":271897,""bmp280_connected"":true,""temperature_c"":23.05,""pressure_hpa"":996.08,""bmp280_address"":""0x76""}"
2026-09-20T22:42:00.500,2026-09-20 00:00:00,1789908120500,sensor_data,Sensor_B,1611764737,63776,2025658741,318877784,True,26.33,,995.76,,"{""type"":""sensor_data"",""sensor_name"":""Sensor_B"",""node_id"":1611764737,""sequence"":63776,""mesh_time_us"":2025658741,""uptime_ms"":318877784,""bmp280_connected"":true,""temperature_c"":26.33,""pressure_hpa"":995.76,""bmp280_address"":""0x76""}"
2026-09-20T22:42:00.704,2026-09-20 00:00:00,1789908120704,sensor_data,Sensor_D,1549410049,313,2025823833,1561896,True,23.59,,995.66,,"{""type"":""sensor_data"",""sensor_name"":""Sensor_D"",""node_id"":1549410049,""sequence"":313,""mesh_time_us"":2025823833,""uptime_ms"":1561896,""bmp280_connected"":true,""temperature_c"":23.59,""pressure_hpa"":995.66,""bmp280_address"":""0x76""}"
2026-09-20T22:42:03.468,2026-09-20 00:00:00,1789908123468,sensor_data,Sensor_A,1623979917,56,2028352372,276897,True,23.04,,996.09,,"{""type"":""sensor_data"",""sensor_name"":""Sensor_A"",""node_id"":1623979917,""sequence"":56,""mesh_time_us"":2028352372,""uptime_ms"":276897,""bmp280_connected"":true,""temperature_c"":23.04,""pressure_hpa"":996.09,""bmp280_address"":""0x76""}"
2026-09-20T22:42:05.500,2026-09-20 00:00:00,1789908125500,sensor_data,Sensor_B,1611764737,63777,2030654428,318882784,True,26.34,,995.77,,"{""type"":""sensor_data"",""sensor_name"":""Sensor_B"",""node_id"":1611764737,""sequence"":63777,""mesh_time_us"":2030654428,""uptime_ms"":318882784,""bmp280_connected"":true,""temperature_c"":26.34,""pressure_hpa"":995.77,""bmp280_address"":""0x76""}"
2026-09-20T22:42:05.827,2026-09-20 00:00:00,1789908125827,sensor_data,Sensor_D,1549410049,314,2030823859,1566896,True,23.59,,995.66,,"{""type"":""sensor_data"",""sensor_name"":""Sensor_D"",""node_id"":1549410049,""sequence"":314,""mesh_time_us"":2030823859,""uptime_ms"":1566896,""bmp280_connected"":true,""temperature_c"":23.59,""pressure_hpa"":995.66,""bmp280_address"":""0x76""}"
2026-09-20T22:42:08.276,2026-09-20 00:00:00,1789908128276,sensor_data,Sensor_A,1623979917,57,2033352349,281897,True,23.07,,996.15,,"{""type"":""sensor_data"",""sensor_name"":""Sensor_A"",""node_id"":1623979917,""sequence"":57,""mesh_time_us"":2033352349,""uptime_ms"":281897,""bmp280_connected"":true,""temperature_c"":23.07,""pressure_hpa"":996.15,""bmp280_address"":""0x76""}"
2026-09-20T22:42:10.498,2026-09-20 00:00:00,1789908130498,sensor_data,Sensor_B,1611764737,63778,2035654388,318887784,True,26.35,,995.77,,"{""type"":""sensor_data"",""sensor_name"":""Sensor_B"",""node_id"":1611764737,""sequence"":63778,""mesh_time_us"":2035654388,""uptime_ms"":318887784,""bmp280_connected"":true,""temperature_c"":26.35,""pressure_hpa"":995.77,""bmp280_address"":""0x76""}"
2026-09-20T22:42:10.665,2026-09-20 00:00:00,1789908130665,sensor_data,Sensor_D,1549410049,315,2035823814,1571896,True,23.58,,995.67,,"{""type"":""sensor_data"",""sensor_name"":""Sensor_D"",""node_id"":1549410049,""sequence"":315,""mesh_time_us"":2035823814,""uptime_ms"":1571896,""bmp280_connected"":true,""temperature_c"":23.58,""pressure_hpa"":995.67,""bmp280_address"":""0x76""}"
2026-09-20T22:42:13.398,2026-09-20 00:00:00,1789908133398,sensor_data,Sensor_A,1623979917,58,2038352349,286897,True,23.08,,996.18,,"{""type"":""sensor_data"",""sensor_name"":""Sensor_A"",""node_id"":1623979917,""sequence"":58,""mesh_time_us"":2038352349,""uptime_ms"":286897,""bmp280_connected"":true,""temperature_c"":23.08,""pressure_hpa"":996.18,""bmp280_address"":""0x76""}"
2026-09-20T22:42:15.502,2026-09-20 00:00:00,1789908135502,sensor_data,Sensor_B,1611764737,63779,2040654420,318892784,True,26.36,,995.77,,"{""type"":""sensor_data"",""sensor_name"":""Sensor_B"",""node_id"":1611764737,""sequence"":63779,""mesh_time_us"":2040654420,""uptime_ms"":318892784,""bmp280_connected"":true,""temperature_c"":26.36,""pressure_hpa"":995.77,""bmp280_address"":""0x76""}"
2026-09-20T22:42:15.860,2026-09-20 00:00:00,1789908135860,sensor_data,Sensor_D,1549410049,316,2040829860,1576896,True,23.57,,995.65,,"{""type"":""sensor_data"",""sensor_name"":""Sensor_D"",""node_id"":1549410049,""sequence"":316,""mesh_time_us"":2040829860,""uptime_ms"":1576896,""bmp280_connected"":true,""temperature_c"":23.57,""pressure_hpa"":995.65,""bmp280_address"":""0x76""}"
2026-09-20T22:42:18.314,2026-09-20 00:00:00,1789908138314,sensor_data,Sensor_A,1623979917,59,2043349095,291897,True,23.07,,996.15,,"{""type"":""sensor_data"",""sensor_name"":""Sensor_A"",""node_id"":1623979917,""sequence"":59,""mesh_time_us"":2043349095,""uptime_ms"":291897,""bmp280_connected"":true,""temperature_c"":23.07,""pressure_hpa"":996.15,""bmp280_address"":""0x76""}"
2026-09-20T22:42:20.498,2026-09-20 00:00:00,1789908140498,sensor_data,Sensor_B,1611764737,63780,2045654421,318897784,True,26.36,,995.75,,"{""type"":""sensor_data"",""sensor_name"":""Sensor_B"",""node_id"":1611764737,""sequence"":63780,""mesh_time_us"":2045654421,""uptime_ms"":318897784,""bmp280_connected"":true,""temperature_c"":26.36,""pressure_hpa"":995.75,""bmp280_address"":""0x76""}"
2026-09-20T22:42:20.775,2026-09-20 00:00:00,1789908140775,sensor_data,Sensor_D,1549410049,317,2045821720,1581896,True,23.57,,995.64,,"{""type"":""sensor_data"",""sensor_name"":""Sensor_D"",""node_id"":1549410049,""sequence"":317,""mesh_time_us"":2045821720,""uptime_ms"":1581896,""bmp280_connected"":true,""temperature_c"":23.57,""pressure_hpa"":995.64,""bmp280_address"":""0x76""}"
2026-09-20T22:42:23.473,2026-09-20 00:00:00,1789908143473,sensor_data,Sensor_A,1623979917,60,2048349067,296897,True,23.05,,996.11,,"{""type"":""sensor_data"",""sensor_name"":""Sensor_A"",""node_id"":1623979917,""sequence"":60,""mesh_time_us"":2048349067,""uptime_ms"":296897,""bmp280_connected"":true,""temperature_c"":23.05,""pressure_hpa"":996.11,""bmp280_address"":""0x76""}"
2026-09-20T22:42:25.496,2026-09-20 00:00:00,1789908145496,sensor_data,Sensor_B,1611764737,63781,2050654376,318902784,True,26.37,,995.74,,"{""type"":""sensor_data"",""sensor_name"":""Sensor_B"",""node_id"":1611764737,""sequence"":63781,""mesh_time_us"":2050654376,""uptime_ms"":318902784,""bmp280_connected"":true,""temperature_c"":26.37,""pressure_hpa"":995.74,""bmp280_address"":""0x76""}"
2026-09-20T22:42:25.691,2026-09-20 00:00:00,1789908145691,sensor_data,Sensor_D,1549410049,318,2050821784,1586896,True,23.57,,995.64,,"{""type"":""sensor_data"",""sensor_name"":""Sensor_D"",""node_id"":1549410049,""sequence"":318,""mesh_time_us"":2050821784,""uptime_ms"":1586896,""bmp280_connected"":true,""temperature_c"":23.57,""pressure_hpa"":995.64,""bmp280_address"":""0x76""}"
2026-09-20T22:42:28.352,2026-09-20 00:00:00,1789908148352,sensor_data,Sensor_A,1623979917,61,2053349054,301897,True,23.07,,996.13,,"{""type"":""sensor_data"",""sensor_name"":""Sensor_A"",""node_id"":1623979917,""sequence"":61,""mesh_time_us"":2053349054,""uptime_ms"":301897,""bmp280_connected"":true,""temperature_c"":23.07,""pressure_hpa"":996.13,""bmp280_address"":""0x76""}"
2026-09-20T22:42:30.501,2026-09-20 00:00:00,1789908150501,sensor_data,Sensor_B,1611764737,63782,2055654429,318907784,True,26.39,,995.74,,"{""type"":""sensor_data"",""sensor_name"":""Sensor_B"",""node_id"":1611764737,""sequence"":63782,""mesh_time_us"":2055654429,""uptime_ms"":318907784,""bmp280_connected"":true,""temperature_c"":26.39,""pressure_hpa"":995.74,""bmp280_address"":""0x76""}"
2026-09-20T22:42:30.811,2026-09-20 00:00:00,1789908150811,sensor_data,Sensor_D,1549410049,319,2055821766,1591896,True,23.58,,995.64,,"{""type"":""sensor_data"",""sensor_name"":""Sensor_D"",""node_id"":1549410049,""sequence"":319,""mesh_time_us"":2055821766,""uptime_ms"":1591896,""bmp280_connected"":true,""temperature_c"":23.58,""pressure_hpa"":995.64,""bmp280_address"":""0x76""}"
2026-09-20T22:42:33.269,2026-09-20 00:00:00,1789908153269,sensor_data,Sensor_A,1623979917,62,2058349113,306897,True,23.08,,996.13,,"{""type"":""sensor_data"",""sensor_name"":""Sensor_A"",""node_id"":1623979917,""sequence"":62,""mesh_time_us"":2058349113,""uptime_ms"":306897,""bmp280_connected"":true,""temperature_c"":23.08,""pressure_hpa"":996.13,""bmp280_address"":""0x76""}"
2026-09-20T22:42:35.496,2026-09-20 00:00:00,1789908155496,sensor_data,Sensor_B,1611764737,63783,2060654377,318912784,True,26.4,,995.73,,"{""type"":""sensor_data"",""sensor_name"":""Sensor_B"",""node_id"":1611764737,""sequence"":63783,""mesh_time_us"":2060654377,""uptime_ms"":318912784,""bmp280_connected"":true,""temperature_c"":26.40,""pressure_hpa"":995.73,""bmp280_address"":""0x76""}"
2026-09-20T22:42:35.722,2026-09-20 00:00:00,1789908155722,sensor_data,Sensor_D,1549410049,320,2060821720,1596896,True,23.58,,995.61,,"{""type"":""sensor_data"",""sensor_name"":""Sensor_D"",""node_id"":1549410049,""sequence"":320,""mesh_time_us"":2060821720,""uptime_ms"":1596896,""bmp280_connected"":true,""temperature_c"":23.58,""pressure_hpa"":995.61,""bmp280_address"":""0x76""}"
2026-09-20T22:42:38.384,2026-09-20 00:00:00,1789908158384,sensor_data,Sensor_A,1623979917,63,2063349063,311897,True,23.09,,996.14,,"{""type"":""sensor_data"",""sensor_name"":""Sensor_A"",""node_id"":1623979917,""sequence"":63,""mesh_time_us"":2063349063,""uptime_ms"":311897,""bmp280_connected"":true,""temperature_c"":23.09,""pressure_hpa"":996.14,""bmp280_address"":""0x76""}"
2026-09-20T22:42:40.495,2026-09-20 00:00:00,1789908160495,sensor_data,Sensor_B,1611764737,63784,2065654404,318917784,True,26.4,,995.7,,"{""type"":""sensor_data"",""sensor_name"":""Sensor_B"",""node_id"":1611764737,""sequence"":63784,""mesh_time_us"":2065654404,""uptime_ms"":318917784,""bmp280_connected"":true,""temperature_c"":26.40,""pressure_hpa"":995.70,""bmp280_address"":""0x76""}"
2026-09-20T22:42:40.846,2026-09-20 00:00:00,1789908160846,sensor_data,Sensor_D,1549410049,321,2065821706,1601896,True,23.58,,995.59,,"{""type"":""sensor_data"",""sensor_name"":""Sensor_D"",""node_id"":1549410049,""sequence"":321,""mesh_time_us"":2065821706,""uptime_ms"":1601896,""bmp280_connected"":true,""temperature_c"":23.58,""pressure_hpa"":995.59,""bmp280_address"":""0x76""}"
2026-09-20T22:42:43.304,2026-09-20 00:00:00,1789908163304,sensor_data,Sensor_A,1623979917,64,2068349092,316897,True,23.07,,996.1,,"{""type"":""sensor_data"",""sensor_name"":""Sensor_A"",""node_id"":1623979917,""sequence"":64,""mesh_time_us"":2068349092,""uptime_ms"":316897,""bmp280_connected"":true,""temperature_c"":23.07,""pressure_hpa"":996.10,""bmp280_address"":""0x76""}"
2026-09-20T22:42:45.500,2026-09-20 00:00:00,1789908165500,sensor_data,Sensor_B,1611764737,63785,2070654435,318922784,True,26.41,,995.68,,"{""type"":""sensor_data"",""sensor_name"":""Sensor_B"",""node_id"":1611764737,""sequence"":63785,""mesh_time_us"":2070654435,""uptime_ms"":318922784,""bmp280_connected"":true,""temperature_c"":26.41,""pressure_hpa"":995.68,""bmp280_address"":""0x76""}"
2026-09-20T22:42:45.758,2026-09-20 00:00:00,1789908165758,sensor_data,Sensor_D,1549410049,322,2070821775,1606896,True,23.57,,995.57,,"{""type"":""sensor_data"",""sensor_name"":""Sensor_D"",""node_id"":1549410049,""sequence"":322,""mesh_time_us"":2070821775,""uptime_ms"":1606896,""bmp280_connected"":true,""temperature_c"":23.57,""pressure_hpa"":995.57,""bmp280_address"":""0x76""}"
2026-09-20T22:42:48.525,2026-09-20 00:00:00,1789908168525,sensor_data,Sensor_A,1623979917,65,2073349077,321897,True,23.04,,996.07,,"{""type"":""sensor_data"",""sensor_name"":""Sensor_A"",""node_id"":1623979917,""sequence"":65,""mesh_time_us"":2073349077,""uptime_ms"":321897,""bmp280_connected"":true,""temperature_c"":23.04,""pressure_hpa"":996.07,""bmp280_address"":""0x76""}"
2026-09-20T22:42:50.498,2026-09-20 00:00:00,1789908170498,sensor_data,Sensor_B,1611764737,63786,2075654430,318927784,True,26.41,,995.65,,"{""type"":""sensor_data"",""sensor_name"":""Sensor_B"",""node_id"":1611764737,""sequence"":63786,""mesh_time_us"":2075654430,""uptime_ms"":318927784,""bmp280_connected"":true,""temperature_c"":26.41,""pressure_hpa"":995.65,""bmp280_address"":""0x76""}"
2026-09-20T22:42:50.877,2026-09-20 00:00:00,1789908170877,sensor_data,Sensor_D,1549410049,323,2075821692,1611896,True,23.57,,995.56,,"{""type"":""sensor_data"",""sensor_name"":""Sensor_D"",""node_id"":1549410049,""sequence"":323,""mesh_time_us"":2075821692,""uptime_ms"":1611896,""bmp280_connected"":true,""temperature_c"":23.57,""pressure_hpa"":995.56,""bmp280_address"":""0x76""}"
2026-09-20T22:42:53.441,2026-09-20 00:00:00,1789908173441,sensor_data,Sensor_A,1623979917,66,2078349113,326897,True,23.02,,996.05,,"{""type"":""sensor_data"",""sensor_name"":""Sensor_A"",""node_id"":1623979917,""sequence"":66,""mesh_time_us"":2078349113,""uptime_ms"":326897,""bmp280_connected"":true,""temperature_c"":23.02,""pressure_hpa"":996.05,""bmp280_address"":""0x76""}"
2026-09-20T22:42:55.498,2026-09-20 00:00:00,1789908175498,sensor_data,Sensor_B,1611764737,63787,2080654375,318932784,True,26.42,,995.66,,"{""type"":""sensor_data"",""sensor_name"":""Sensor_B"",""node_id"":1611764737,""sequence"":63787,""mesh_time_us"":2080654375,""uptime_ms"":318932784,""bmp280_connected"":true,""temperature_c"":26.42,""pressure_hpa"":995.66,""bmp280_address"":""0x76""}"
2026-09-20T22:42:55.798,2026-09-20 00:00:00,1789908175798,sensor_data,Sensor_D,1549410049,324,2080821742,1616896,True,23.57,,995.57,,"{""type"":""sensor_data"",""sensor_name"":""Sensor_D"",""node_id"":1549410049,""sequence"":324,""mesh_time_us"":2080821742,""uptime_ms"":1616896,""bmp280_connected"":true,""temperature_c"":23.57,""pressure_hpa"":995.57,""bmp280_address"":""0x76""}"
2026-09-20T22:42:58.359,2026-09-20 00:00:00,1789908178359,sensor_data,Sensor_A,1623979917,67,2083349079,331897,True,23.04,,996.1,,"{""type"":""sensor_data"",""sensor_name"":""Sensor_A"",""node_id"":1623979917,""sequence"":67,""mesh_time_us"":2083349079,""uptime_ms"":331897,""bmp280_connected"":true,""temperature_c"":23.04,""pressure_hpa"":996.10,""bmp280_address"":""0x76""}"
2026-09-20T22:43:00.498,2026-09-20 00:00:00,1789908180498,sensor_data,Sensor_B,1611764737,63788,2085654429,318937784,True,26.42,,995.67,,"{""type"":""sensor_data"",""sensor_name"":""Sensor_B"",""node_id"":1611764737,""sequence"":63788,""mesh_time_us"":2085654429,""uptime_ms"":318937784,""bmp280_connected"":true,""temperature_c"":26.42,""pressure_hpa"":995.67,""bmp280_address"":""0x76""}"
2026-09-20T22:43:00.715,2026-09-20 00:00:00,1789908180715,sensor_data,Sensor_D,1549410049,325,2085821714,1621896,True,23.56,,995.58,,"{""type"":""sensor_data"",""sensor_name"":""Sensor_D"",""node_id"":1549410049,""sequence"":325,""mesh_time_us"":2085821714,""uptime_ms"":1621896,""bmp280_connected"":true,""temperature_c"":23.56,""pressure_hpa"":995.58,""bmp280_address"":""0x76""}"
2026-09-20T22:43:03.274,2026-09-20 00:00:00,1789908183274,sensor_data,Sensor_A,1623979917,68,2088349060,336897,True,23.05,,996.11,,"{""type"":""sensor_data"",""sensor_name"":""Sensor_A"",""node_id"":1623979917,""sequence"":68,""mesh_time_us"":2088349060,""uptime_ms"":336897,""bmp280_connected"":true,""temperature_c"":23.05,""pressure_hpa"":996.11,""bmp280_address"":""0x76""}"
2026-09-20T22:43:05.497,2026-09-20 00:00:00,1789908185497,sensor_data,Sensor_B,1611764737,63789,2090654357,318942784,True,26.41,,995.68,,"{""type"":""sensor_data"",""sensor_name"":""Sensor_B"",""node_id"":1611764737,""sequence"":63789,""mesh_time_us"":2090654357,""uptime_ms"":318942784,""bmp280_connected"":true,""temperature_c"":26.41,""pressure_hpa"":995.68,""bmp280_address"":""0x76""}"
2026-09-20T22:43:05.831,2026-09-20 00:00:00,1789908185831,sensor_data,Sensor_D,1549410049,326,2090821737,1626896,True,23.55,,995.58,,"{""type"":""sensor_data"",""sensor_name"":""Sensor_D"",""node_id"":1549410049,""sequence"":326,""mesh_time_us"":2090821737,""uptime_ms"":1626896,""bmp280_connected"":true,""temperature_c"":23.55,""pressure_hpa"":995.58,""bmp280_address"":""0x76""}"
2026-09-20T22:43:08.288,2026-09-20 00:00:00,1789908188288,sensor_data,Sensor_A,1623979917,69,2093349063,341897,True,23.04,,996.09,,"{""type"":""sensor_data"",""sensor_name"":""Sensor_A"",""node_id"":1623979917,""sequence"":69,""mesh_time_us"":2093349063,""uptime_ms"":341897,""bmp280_connected"":true,""temperature_c"":23.04,""pressure_hpa"":996.09,""bmp280_address"":""0x76""}"
2026-09-20T22:43:10.497,2026-09-20 00:00:00,1789908190497,sensor_data,Sensor_B,1611764737,63790,2095654347,318947784,True,26.42,,995.68,,"{""type"":""sensor_data"",""sensor_name"":""Sensor_B"",""node_id"":1611764737,""sequence"":63790,""mesh_time_us"":2095654347,""uptime_ms"":318947784,""bmp280_connected"":true,""temperature_c"":26.42,""pressure_hpa"":995.68,""bmp280_address"":""0x76""}"
2026-09-20T22:43:11.260,2026-09-20 00:00:00,1789908191260,sensor_data,Sensor_D,1549410049,327,2095821769,1631896,True,23.55,,995.59,,"{""type"":""sensor_data"",""sensor_name"":""Sensor_D"",""node_id"":1549410049,""sequence"":327,""mesh_time_us"":2095821769,""uptime_ms"":1631896,""bmp280_connected"":true,""temperature_c"":23.55,""pressure_hpa"":995.59,""bmp280_address"":""0x76""}"
2026-09-20T22:43:13.409,2026-09-20 00:00:00,1789908193409,sensor_data,Sensor_A,1623979917,70,2098349063,346897,True,23.01,,996.04,,"{""type"":""sensor_data"",""sensor_name"":""Sensor_A"",""node_id"":1623979917,""sequence"":70,""mesh_time_us"":2098349063,""uptime_ms"":346897,""bmp280_connected"":true,""temperature_c"":23.01,""pressure_hpa"":996.04,""bmp280_address"":""0x76""}"
2026-09-20T22:43:15.503,2026-09-20 00:00:00,1789908195503,sensor_data,Sensor_B,1611764737,63791,2100654349,318952784,True,26.41,,995.67,,"{""type"":""sensor_data"",""sensor_name"":""Sensor_B"",""node_id"":1611764737,""sequence"":63791,""mesh_time_us"":2100654349,""uptime_ms"":318952784,""bmp280_connected"":true,""temperature_c"":26.41,""pressure_hpa"":995.67,""bmp280_address"":""0x76""}"
2026-09-20T22:43:15.867,2026-09-20 00:00:00,1789908195867,sensor_data,Sensor_D,1549410049,328,2100821718,1636896,True,23.55,,995.59,,"{""type"":""sensor_data"",""sensor_name"":""Sensor_D"",""node_id"":1549410049,""sequence"":328,""mesh_time_us"":2100821718,""uptime_ms"":1636896,""bmp280_connected"":true,""temperature_c"":23.55,""pressure_hpa"":995.59,""bmp280_address"":""0x76""}"
2026-09-20T22:43:18.322,2026-09-20 00:00:00,1789908198322,sensor_data,Sensor_A,1623979917,71,2103345103,351897,True,22.99,,996.02,,"{""type"":""sensor_data"",""sensor_name"":""Sensor_A"",""node_id"":1623979917,""sequence"":71,""mesh_time_us"":2103345103,""uptime_ms"":351897,""bmp280_connected"":true,""temperature_c"":22.99,""pressure_hpa"":996.02,""bmp280_address"":""0x76""}"
2026-09-20T22:43:20.511,2026-09-20 00:00:00,1789908200511,sensor_data,Sensor_B,1611764737,63792,2105654316,318957784,True,26.42,,995.68,,"{""type"":""sensor_data"",""sensor_name"":""Sensor_B"",""node_id"":1611764737,""sequence"":63792,""mesh_time_us"":2105654316,""uptime_ms"":318957784,""bmp280_connected"":true,""temperature_c"":26.42,""pressure_hpa"":995.68,""bmp280_address"":""0x76""}"
2026-09-20T22:43:20.783,2026-09-20 00:00:00,1789908200783,sensor_data,Sensor_D,1549410049,329,2105821579,1641896,True,23.55,,995.6,,"{""type"":""sensor_data"",""sensor_name"":""Sensor_D"",""node_id"":1549410049,""sequence"":329,""mesh_time_us"":2105821579,""uptime_ms"":1641896,""bmp280_connected"":true,""temperature_c"":23.55,""pressure_hpa"":995.60,""bmp280_address"":""0x76""}"
2026-09-20T22:43:23.444,2026-09-20 00:00:00,1789908203444,sensor_data,Sensor_A,1623979917,72,2108345096,356897,True,23.01,,996.06,,"{""type"":""sensor_data"",""sensor_name"":""Sensor_A"",""node_id"":1623979917,""sequence"":72,""mesh_time_us"":2108345096,""uptime_ms"":356897,""bmp280_connected"":true,""temperature_c"":23.01,""pressure_hpa"":996.06,""bmp280_address"":""0x76""}"
2026-09-20T22:43:25.509,2026-09-20 00:00:00,1789908205509,sensor_data,Sensor_B,1611764737,63793,2110654318,318962784,True,26.41,,995.68,,"{""type"":""sensor_data"",""sensor_name"":""Sensor_B"",""node_id"":1611764737,""sequence"":63793,""mesh_time_us"":2110654318,""uptime_ms"":318962784,""bmp280_connected"":true,""temperature_c"":26.41,""pressure_hpa"":995.68,""bmp280_address"":""0x76""}"
2026-09-20T22:43:25.695,2026-09-20 00:00:00,1789908205695,sensor_data,Sensor_D,1549410049,330,2110821537,1646896,True,23.55,,995.61,,"{""type"":""sensor_data"",""sensor_name"":""Sensor_D"",""node_id"":1549410049,""sequence"":330,""mesh_time_us"":2110821537,""uptime_ms"":1646896,""bmp280_connected"":true,""temperature_c"":23.55,""pressure_hpa"":995.61,""bmp280_address"":""0x76""}"
2026-09-20T22:43:28.363,2026-09-20 00:00:00,1789908208363,sensor_data,Sensor_A,1623979917,73,2113345098,361897,True,23.02,,996.09,,"{""type"":""sensor_data"",""sensor_name"":""Sensor_A"",""node_id"":1623979917,""sequence"":73,""mesh_time_us"":2113345098,""uptime_ms"":361897,""bmp280_connected"":true,""temperature_c"":23.02,""pressure_hpa"":996.09,""bmp280_address"":""0x76""}"
2026-09-20T22:43:30.497,2026-09-20 00:00:00,1789908210497,sensor_data,Sensor_B,1611764737,63794,2115654309,318967784,True,26.42,,995.69,,"{""type"":""sensor_data"",""sensor_name"":""Sensor_B"",""node_id"":1611764737,""sequence"":63794,""mesh_time_us"":2115654309,""uptime_ms"":318967784,""bmp280_connected"":true,""temperature_c"":26.42,""pressure_hpa"":995.69,""bmp280_address"":""0x76""}"
2026-09-20T22:43:30.823,2026-09-20 00:00:00,1789908210823,sensor_data,Sensor_D,1549410049,331,2115821523,1651896,True,23.54,,995.61,,"{""type"":""sensor_data"",""sensor_name"":""Sensor_D"",""node_id"":1549410049,""sequence"":331,""mesh_time_us"":2115821523,""uptime_ms"":1651896,""bmp280_connected"":true,""temperature_c"":23.54,""pressure_hpa"":995.61,""bmp280_address"":""0x76""}"
2026-09-20T22:43:33.275,2026-09-20 00:00:00,1789908213275,sensor_data,Sensor_A,1623979917,74,2118345081,366897,True,23.02,,996.1,,"{""type"":""sensor_data"",""sensor_name"":""Sensor_A"",""node_id"":1623979917,""sequence"":74,""mesh_time_us"":2118345081,""uptime_ms"":366897,""bmp280_connected"":true,""temperature_c"":23.02,""pressure_hpa"":996.10,""bmp280_address"":""0x76""}"
2026-09-20T22:43:35.502,2026-09-20 00:00:00,1789908215502,sensor_data,Sensor_B,1611764737,63795,2120654326,318972784,True,26.43,,995.69,,"{""type"":""sensor_data"",""sensor_name"":""Sensor_B"",""node_id"":1611764737,""sequence"":63795,""mesh_time_us"":2120654326,""uptime_ms"":318972784,""bmp280_connected"":true,""temperature_c"":26.43,""pressure_hpa"":995.69,""bmp280_address"":""0x76""}"
2026-09-20T22:43:35.836,2026-09-20 00:00:00,1789908215836,sensor_data,Sensor_D,1549410049,332,2120821497,1656896,True,23.54,,995.61,,"{""type"":""sensor_data"",""sensor_name"":""Sensor_D"",""node_id"":1549410049,""sequence"":332,""mesh_time_us"":2120821497,""uptime_ms"":1656896,""bmp280_connected"":true,""temperature_c"":23.54,""pressure_hpa"":995.61,""bmp280_address"":""0x76""}"
2026-09-20T22:43:38.395,2026-09-20 00:00:00,1789908218395,sensor_data,Sensor_A,1623979917,75,2123345095,371897,True,22.99,,996.08,,"{""type"":""sensor_data"",""sensor_name"":""Sensor_A"",""node_id"":1623979917,""sequence"":75,""mesh_time_us"":2123345095,""uptime_ms"":371897,""bmp280_connected"":true,""temperature_c"":22.99,""pressure_hpa"":996.08,""bmp280_address"":""0x76""}"
2026-09-20T22:43:40.496,2026-09-20 00:00:00,1789908220496,sensor_data,Sensor_B,1611764737,63796,2125654316,318977784,True,26.43,,995.69,,"{""type"":""sensor_data"",""sensor_name"":""Sensor_B"",""node_id"":1611764737,""sequence"":63796,""mesh_time_us"":2125654316,""uptime_ms"":318977784,""bmp280_connected"":true,""temperature_c"":26.43,""pressure_hpa"":995.69,""bmp280_address"":""0x76""}"
2026-09-20T22:43:41.058,2026-09-20 00:00:00,1789908221058,sensor_data,Sensor_D,1549410049,333,2125821530,1661896,True,23.54,,995.6,,"{""type"":""sensor_data"",""sensor_name"":""Sensor_D"",""node_id"":1549410049,""sequence"":333,""mesh_time_us"":2125821530,""uptime_ms"":1661896,""bmp280_connected"":true,""temperature_c"":23.54,""pressure_hpa"":995.60,""bmp280_address"":""0x76""}"
2026-09-20T22:43:43.313,2026-09-20 00:00:00,1789908223313,sensor_data,Sensor_A,1623979917,76,2128345119,376897,True,22.97,,996.06,,"{""type"":""sensor_data"",""sensor_name"":""Sensor_A"",""node_id"":1623979917,""sequence"":76,""mesh_time_us"":2128345119,""uptime_ms"":376897,""bmp280_connected"":true,""temperature_c"":22.97,""pressure_hpa"":996.06,""bmp280_address"":""0x76""}"
2026-09-20T22:43:45.502,2026-09-20 00:00:00,1789908225502,sensor_data,Sensor_B,1611764737,63797,2130654334,318982784,True,26.43,,995.68,,"{""type"":""sensor_data"",""sensor_name"":""Sensor_B"",""node_id"":1611764737,""sequence"":63797,""mesh_time_us"":2130654334,""uptime_ms"":318982784,""bmp280_connected"":true,""temperature_c"":26.43,""pressure_hpa"":995.68,""bmp280_address"":""0x76""}"
2026-09-20T22:43:45.767,2026-09-20 00:00:00,1789908225767,sensor_data,Sensor_D,1549410049,334,2130821478,1666896,True,23.53,,995.6,,"{""type"":""sensor_data"",""sensor_name"":""Sensor_D"",""node_id"":1549410049,""sequence"":334,""mesh_time_us"":2130821478,""uptime_ms"":1666896,""bmp280_connected"":true,""temperature_c"":23.53,""pressure_hpa"":995.60,""bmp280_address"":""0x76""}"
2026-09-20T22:43:48.431,2026-09-20 00:00:00,1789908228431,sensor_data,Sensor_A,1623979917,77,2133345123,381897,True,22.94,,996.03,,"{""type"":""sensor_data"",""sensor_name"":""Sensor_A"",""node_id"":1623979917,""sequence"":77,""mesh_time_us"":2133345123,""uptime_ms"":381897,""bmp280_connected"":true,""temperature_c"":22.94,""pressure_hpa"":996.03,""bmp280_address"":""0x76""}"
2026-09-20T22:43:50.497,2026-09-20 00:00:00,1789908230497,sensor_data,Sensor_B,1611764737,63798,2135654307,318987784,True,26.44,,995.69,,"{""type"":""sensor_data"",""sensor_name"":""Sensor_B"",""node_id"":1611764737,""sequence"":63798,""mesh_time_us"":2135654307,""uptime_ms"":318987784,""bmp280_connected"":true,""temperature_c"":26.44,""pressure_hpa"":995.69,""bmp280_address"":""0x76""}"
2026-09-20T22:43:50.684,2026-09-20 00:00:00,1789908230684,sensor_data,Sensor_D,1549410049,335,2135821489,1671896,True,23.53,,995.6,,"{""type"":""sensor_data"",""sensor_name"":""Sensor_D"",""node_id"":1549410049,""sequence"":335,""mesh_time_us"":2135821489,""uptime_ms"":1671896,""bmp280_connected"":true,""temperature_c"":23.53,""pressure_hpa"":995.60,""bmp280_address"":""0x76""}"
2026-09-20T22:43:53.342,2026-09-20 00:00:00,1789908233342,sensor_data,Sensor_A,1623979917,78,2138345132,386897,True,22.97,,996.09,,"{""type"":""sensor_data"",""sensor_name"":""Sensor_A"",""node_id"":1623979917,""sequence"":78,""mesh_time_us"":2138345132,""uptime_ms"":386897,""bmp280_connected"":true,""temperature_c"":22.97,""pressure_hpa"":996.09,""bmp280_address"":""0x76""}"
2026-09-20T22:43:55.506,2026-09-20 00:00:00,1789908235506,sensor_data,Sensor_B,1611764737,63799,2140654354,318992784,True,26.44,,995.68,,"{""type"":""sensor_data"",""sensor_name"":""Sensor_B"",""node_id"":1611764737,""sequence"":63799,""mesh_time_us"":2140654354,""uptime_ms"":318992784,""bmp280_connected"":true,""temperature_c"":26.44,""pressure_hpa"":995.68,""bmp280_address"":""0x76""}"
2026-09-20T22:43:55.799,2026-09-20 00:00:00,1789908235799,sensor_data,Sensor_D,1549410049,336,2140821511,1676896,True,23.53,,995.59,,"{""type"":""sensor_data"",""sensor_name"":""Sensor_D"",""node_id"":1549410049,""sequence"":336,""mesh_time_us"":2140821511,""uptime_ms"":1676896,""bmp280_connected"":true,""temperature_c"":23.53,""pressure_hpa"":995.59,""bmp280_address"":""0x76""}"
2026-09-20T22:43:58.470,2026-09-20 00:00:00,1789908238470,sensor_data,Sensor_A,1623979917,79,2143345109,391897,True,22.94,,996.04,,"{""type"":""sensor_data"",""sensor_name"":""Sensor_A"",""node_id"":1623979917,""sequence"":79,""mesh_time_us"":2143345109,""uptime_ms"":391897,""bmp280_connected"":true,""temperature_c"":22.94,""pressure_hpa"":996.04,""bmp280_address"":""0x76""}"
2026-09-20T22:44:00.499,2026-09-20 00:00:00,1789908240499,sensor_data,Sensor_B,1611764737,63800,2145654302,318997784,True,26.45,,995.69,,"{""type"":""sensor_data"",""sensor_name"":""Sensor_B"",""node_id"":1611764737,""sequence"":63800,""mesh_time_us"":2145654302,""uptime_ms"":318997784,""bmp280_connected"":true,""temperature_c"":26.45,""pressure_hpa"":995.69,""bmp280_address"":""0x76""}"
2026-09-20T22:44:00.719,2026-09-20 00:00:00,1789908240719,sensor_data,Sensor_D,1549410049,337,2145821514,1681896,True,23.53,,995.59,,"{""type"":""sensor_data"",""sensor_name"":""Sensor_D"",""node_id"":1549410049,""sequence"":337,""mesh_time_us"":2145821514,""uptime_ms"":1681896,""bmp280_connected"":true,""temperature_c"":23.53,""pressure_hpa"":995.59,""bmp280_address"":""0x76""}"
2026-09-20T22:44:03.375,2026-09-20 00:00:00,1789908243375,sensor_data,Sensor_A,1623979917,80,2148345116,396897,True,22.95,,996.06,,"{""type"":""sensor_data"",""sensor_name"":""Sensor_A"",""node_id"":1623979917,""sequence"":80,""mesh_time_us"":2148345116,""uptime_ms"":396897,""bmp280_connected"":true,""temperature_c"":22.95,""pressure_hpa"":996.06,""bmp280_address"":""0x76""}"
2026-09-20T22:44:05.503,2026-09-20 00:00:00,1789908245503,sensor_data,Sensor_B,1611764737,63801,2150658311,319002784,True,26.45,,995.69,,"{""type"":""sensor_data"",""sensor_name"":""Sensor_B"",""node_id"":1611764737,""sequence"":63801,""mesh_time_us"":2150658311,""uptime_ms"":319002784,""bmp280_connected"":true,""temperature_c"":26.45,""pressure_hpa"":995.69,""bmp280_address"":""0x76""}"
2026-09-20T22:44:05.842,2026-09-20 00:00:00,1789908245842,sensor_data,Sensor_D,1549410049,338,2150821575,1686896,True,23.53,,995.61,,"{""type"":""sensor_data"",""sensor_name"":""Sensor_D"",""node_id"":1549410049,""sequence"":338,""mesh_time_us"":2150821575,""uptime_ms"":1686896,""bmp280_connected"":true,""temperature_c"":23.53,""pressure_hpa"":995.61,""bmp280_address"":""0x76""}"
2026-09-20T22:44:08.296,2026-09-20 00:00:00,1789908248296,sensor_data,Sensor_A,1623979917,81,2153345098,401897,True,22.94,,996.05,,"{""type"":""sensor_data"",""sensor_name"":""Sensor_A"",""node_id"":1623979917,""sequence"":81,""mesh_time_us"":2153345098,""uptime_ms"":401897,""bmp280_connected"":true,""temperature_c"":22.94,""pressure_hpa"":996.05,""bmp280_address"":""0x76""}"
2026-09-20T22:44:10.498,2026-09-20 00:00:00,1789908250498,sensor_data,Sensor_B,1611764737,63802,2155658281,319007784,True,26.44,,995.69,,"{""type"":""sensor_data"",""sensor_name"":""Sensor_B"",""node_id"":1611764737,""sequence"":63802,""mesh_time_us"":2155658281,""uptime_ms"":319007784,""bmp280_connected"":true,""temperature_c"":26.44,""pressure_hpa"":995.69,""bmp280_address"":""0x76""}"
2026-09-20T22:44:11.880,2026-09-20 00:00:00,1789908251880,sensor_data,Sensor_D,1549410049,339,2155821579,1691896,True,23.53,,995.61,,"{""type"":""sensor_data"",""sensor_name"":""Sensor_D"",""node_id"":1549410049,""sequence"":339,""mesh_time_us"":2155821579,""uptime_ms"":1691896,""bmp280_connected"":true,""temperature_c"":23.53,""pressure_hpa"":995.61,""bmp280_address"":""0x76""}"
2026-09-20T22:44:13.519,2026-09-20 00:00:00,1789908253519,sensor_data,Sensor_A,1623979917,82,2158345120,406897,True,22.94,,996.06,,"{""type"":""sensor_data"",""sensor_name"":""Sensor_A"",""node_id"":1623979917,""sequence"":82,""mesh_time_us"":2158345120,""uptime_ms"":406897,""bmp280_connected"":true,""temperature_c"":22.94,""pressure_hpa"":996.06,""bmp280_address"":""0x76""}"
2026-09-20T22:44:15.505,2026-09-20 00:00:00,1789908255505,sensor_data,Sensor_B,1611764737,63803,2160658299,319012784,True,26.45,,995.71,,"{""type"":""sensor_data"",""sensor_name"":""Sensor_B"",""node_id"":1611764737,""sequence"":63803,""mesh_time_us"":2160658299,""uptime_ms"":319012784,""bmp280_connected"":true,""temperature_c"":26.45,""pressure_hpa"":995.71,""bmp280_address"":""0x76""}"
2026-09-20T22:44:15.781,2026-09-20 00:00:00,1789908255781,sensor_data,Sensor_D,1549410049,340,2160821513,1696896,True,23.53,,995.63,,"{""type"":""sensor_data"",""sensor_name"":""Sensor_D"",""node_id"":1549410049,""sequence"":340,""mesh_time_us"":2160821513,""uptime_ms"":1696896,""bmp280_connected"":true,""temperature_c"":23.53,""pressure_hpa"":995.63,""bmp280_address"":""0x76""}"
2026-09-20T22:44:18.232,2026-09-20 00:00:00,1789908258232,sensor_data,Sensor_A,1623979917,83,2163350797,411897,True,22.97,,996.11,,"{""type"":""sensor_data"",""sensor_name"":""Sensor_A"",""node_id"":1623979917,""sequence"":83,""mesh_time_us"":2163350797,""uptime_ms"":411897,""bmp280_connected"":true,""temperature_c"":22.97,""pressure_hpa"":996.11,""bmp280_address"":""0x76""}"
2026-09-20T22:44:20.500,2026-09-20 00:00:00,1789908260500,sensor_data,Sensor_B,1611764737,63804,2165658288,319017784,True,26.45,,995.7,,"{""type"":""sensor_data"",""sensor_name"":""Sensor_B"",""node_id"":1611764737,""sequence"":63804,""mesh_time_us"":2165658288,""uptime_ms"":319017784,""bmp280_connected"":true,""temperature_c"":26.45,""pressure_hpa"":995.70,""bmp280_address"":""0x76""}"
2026-09-20T22:44:21.097,2026-09-20 00:00:00,1789908261097,sensor_data,Sensor_D,1549410049,341,2165824289,1701896,True,23.53,,995.63,,"{""type"":""sensor_data"",""sensor_name"":""Sensor_D"",""node_id"":1549410049,""sequence"":341,""mesh_time_us"":2165824289,""uptime_ms"":1701896,""bmp280_connected"":true,""temperature_c"":23.53,""pressure_hpa"":995.63,""bmp280_address"":""0x76""}"
2026-09-20T22:44:23.663,2026-09-20 00:00:00,1789908263663,sensor_data,Sensor_A,1623979917,84,2168349513,416897,True,22.99,,996.14,,"{""type"":""sensor_data"",""sensor_name"":""Sensor_A"",""node_id"":1623979917,""sequence"":84,""mesh_time_us"":2168349513,""uptime_ms"":416897,""bmp280_connected"":true,""temperature_c"":22.99,""pressure_hpa"":996.14,""bmp280_address"":""0x76""}"
2026-09-20T22:44:25.501,2026-09-20 00:00:00,1789908265501,sensor_data,Sensor_B,1611764737,63805,2170658290,319022784,True,26.45,,995.72,,"{""type"":""sensor_data"",""sensor_name"":""Sensor_B"",""node_id"":1611764737,""sequence"":63805,""mesh_time_us"":2170658290,""uptime_ms"":319022784,""bmp280_connected"":true,""temperature_c"":26.45,""pressure_hpa"":995.72,""bmp280_address"":""0x76""}"
2026-09-20T22:44:25.701,2026-09-20 00:00:00,1789908265701,sensor_data,Sensor_D,1549410049,342,2170824259,1706896,True,23.53,,995.64,,"{""type"":""sensor_data"",""sensor_name"":""Sensor_D"",""node_id"":1549410049,""sequence"":342,""mesh_time_us"":2170824259,""uptime_ms"":1706896,""bmp280_connected"":true,""temperature_c"":23.53,""pressure_hpa"":995.64,""bmp280_address"":""0x76""}"
2026-09-20T22:44:28.366,2026-09-20 00:00:00,1789908268366,sensor_data,Sensor_A,1623979917,85,2173349544,421897,True,23,,996.17,,"{""type"":""sensor_data"",""sensor_name"":""Sensor_A"",""node_id"":1623979917,""sequence"":85,""mesh_time_us"":2173349544,""uptime_ms"":421897,""bmp280_connected"":true,""temperature_c"":23.00,""pressure_hpa"":996.17,""bmp280_address"":""0x76""}"
2026-09-20T22:44:30.498,2026-09-20 00:00:00,1789908270498,sensor_data,Sensor_B,1611764737,63806,2175658348,319027784,True,26.46,,995.73,,"{""type"":""sensor_data"",""sensor_name"":""Sensor_B"",""node_id"":1611764737,""sequence"":63806,""mesh_time_us"":2175658348,""uptime_ms"":319027784,""bmp280_connected"":true,""temperature_c"":26.46,""pressure_hpa"":995.73,""bmp280_address"":""0x76""}"
2026-09-20T22:44:30.822,2026-09-20 00:00:00,1789908270822,sensor_data,Sensor_D,1549410049,343,2175824263,1711896,True,23.53,,995.66,,"{""type"":""sensor_data"",""sensor_name"":""Sensor_D"",""node_id"":1549410049,""sequence"":343,""mesh_time_us"":2175824263,""uptime_ms"":1711896,""bmp280_connected"":true,""temperature_c"":23.53,""pressure_hpa"":995.66,""bmp280_address"":""0x76""}"
2026-09-20T22:44:33.282,2026-09-20 00:00:00,1789908273282,sensor_data,Sensor_A,1623979917,86,2178349538,426897,True,23.01,,996.19,,"{""type"":""sensor_data"",""sensor_name"":""Sensor_A"",""node_id"":1623979917,""sequence"":86,""mesh_time_us"":2178349538,""uptime_ms"":426897,""bmp280_connected"":true,""temperature_c"":23.01,""pressure_hpa"":996.19,""bmp280_address"":""0x76""}"
2026-09-20T22:44:35.504,2026-09-20 00:00:00,1789908275504,sensor_data,Sensor_B,1611764737,63807,2180658290,319032784,True,26.47,,995.75,,"{""type"":""sensor_data"",""sensor_name"":""Sensor_B"",""node_id"":1611764737,""sequence"":63807,""mesh_time_us"":2180658290,""uptime_ms"":319032784,""bmp280_connected"":true,""temperature_c"":26.47,""pressure_hpa"":995.75,""bmp280_address"":""0x76""}"
2026-09-20T22:44:35.739,2026-09-20 00:00:00,1789908275739,sensor_data,Sensor_D,1549410049,344,2180824209,1716896,True,23.53,,995.67,,"{""type"":""sensor_data"",""sensor_name"":""Sensor_D"",""node_id"":1549410049,""sequence"":344,""mesh_time_us"":2180824209,""uptime_ms"":1716896,""bmp280_connected"":true,""temperature_c"":23.53,""pressure_hpa"":995.67,""bmp280_address"":""0x76""}"
2026-09-20T22:44:38.400,2026-09-20 00:00:00,1789908278400,sensor_data,Sensor_A,1623979917,87,2183349536,431897,True,22.97,,996.14,,"{""type"":""sensor_data"",""sensor_name"":""Sensor_A"",""node_id"":1623979917,""sequence"":87,""mesh_time_us"":2183349536,""uptime_ms"":431897,""bmp280_connected"":true,""temperature_c"":22.97,""pressure_hpa"":996.14,""bmp280_address"":""0x76""}"
2026-09-20T22:44:40.498,2026-09-20 00:00:00,1789908280498,sensor_data,Sensor_B,1611764737,63808,2185658311,319037784,True,26.47,,995.75,,"{""type"":""sensor_data"",""sensor_name"":""Sensor_B"",""node_id"":1611764737,""sequence"":63808,""mesh_time_us"":2185658311,""uptime_ms"":319037784,""bmp280_connected"":true,""temperature_c"":26.47,""pressure_hpa"":995.75,""bmp280_address"":""0x76""}"
2026-09-20T22:44:40.962,2026-09-20 00:00:00,1789908280962,sensor_data,Sensor_D,1549410049,345,2185824234,1721896,True,23.53,,995.67,,"{""type"":""sensor_data"",""sensor_name"":""Sensor_D"",""node_id"":1549410049,""sequence"":345,""mesh_time_us"":2185824234,""uptime_ms"":1721896,""bmp280_connected"":true,""temperature_c"":23.53,""pressure_hpa"":995.67,""bmp280_address"":""0x76""}"
2026-09-20T22:44:43.318,2026-09-20 00:00:00,1789908283318,sensor_data,Sensor_A,1623979917,88,2188349533,436897,True,22.96,,996.13,,"{""type"":""sensor_data"",""sensor_name"":""Sensor_A"",""node_id"":1623979917,""sequence"":88,""mesh_time_us"":2188349533,""uptime_ms"":436897,""bmp280_connected"":true,""temperature_c"":22.96,""pressure_hpa"":996.13,""bmp280_address"":""0x76""}"
2026-09-20T22:44:45.502,2026-09-20 00:00:00,1789908285502,sensor_data,Sensor_B,1611764737,63809,2190658317,319042784,True,26.47,,995.75,,"{""type"":""sensor_data"",""sensor_name"":""Sensor_B"",""node_id"":1611764737,""sequence"":63809,""mesh_time_us"":2190658317,""uptime_ms"":319042784,""bmp280_connected"":true,""temperature_c"":26.47,""pressure_hpa"":995.75,""bmp280_address"":""0x76""}"
2026-09-20T22:44:45.775,2026-09-20 00:00:00,1789908285775,sensor_data,Sensor_D,1549410049,346,2190824281,1726896,True,23.53,,995.67,,"{""type"":""sensor_data"",""sensor_name"":""Sensor_D"",""node_id"":1549410049,""sequence"":346,""mesh_time_us"":2190824281,""uptime_ms"":1726896,""bmp280_connected"":true,""temperature_c"":23.53,""pressure_hpa"":995.67,""bmp280_address"":""0x76""}"
2026-09-20T22:44:48.436,2026-09-20 00:00:00,1789908288436,sensor_data,Sensor_A,1623979917,89,2193349521,441897,True,22.94,,996.09,,"{""type"":""sensor_data"",""sensor_name"":""Sensor_A"",""node_id"":1623979917,""sequence"":89,""mesh_time_us"":2193349521,""uptime_ms"":441897,""bmp280_connected"":true,""temperature_c"":22.94,""pressure_hpa"":996.09,""bmp280_address"":""0x76""}"
2026-09-20T22:44:50.498,2026-09-20 00:00:00,1789908290498,sensor_data,Sensor_B,1611764737,63810,2195658319,319047784,True,26.47,,995.74,,"{""type"":""sensor_data"",""sensor_name"":""Sensor_B"",""node_id"":1611764737,""sequence"":63810,""mesh_time_us"":2195658319,""uptime_ms"":319047784,""bmp280_connected"":true,""temperature_c"":26.47,""pressure_hpa"":995.74,""bmp280_address"":""0x76""}"
2026-09-20T22:44:50.717,2026-09-20 00:00:00,1789908290717,sensor_data,Sensor_D,1549410049,347,2195824250,1731896,True,23.53,,995.67,,"{""type"":""sensor_data"",""sensor_name"":""Sensor_D"",""node_id"":1549410049,""sequence"":347,""mesh_time_us"":2195824250,""uptime_ms"":1731896,""bmp280_connected"":true,""temperature_c"":23.53,""pressure_hpa"":995.67,""bmp280_address"":""0x76""}"
2026-09-20T22:44:53.352,2026-09-20 00:00:00,1789908293352,sensor_data,Sensor_A,1623979917,90,2198349530,446897,True,22.97,,996.16,,"{""type"":""sensor_data"",""sensor_name"":""Sensor_A"",""node_id"":1623979917,""sequence"":90,""mesh_time_us"":2198349530,""uptime_ms"":446897,""bmp280_connected"":true,""temperature_c"":22.97,""pressure_hpa"":996.16,""bmp280_address"":""0x76""}"
2026-09-20T22:44:55.504,2026-09-20 00:00:00,1789908295504,sensor_data,Sensor_B,1611764737,63811,2200658313,319052784,True,26.48,,995.75,,"{""type"":""sensor_data"",""sensor_name"":""Sensor_B"",""node_id"":1611764737,""sequence"":63811,""mesh_time_us"":2200658313,""uptime_ms"":319052784,""bmp280_connected"":true,""temperature_c"":26.48,""pressure_hpa"":995.75,""bmp280_address"":""0x76""}"
2026-09-20T22:44:55.816,2026-09-20 00:00:00,1789908295816,sensor_data,Sensor_D,1549410049,348,2200824240,1736896,True,23.53,,995.68,,"{""type"":""sensor_data"",""sensor_name"":""Sensor_D"",""node_id"":1549410049,""sequence"":348,""mesh_time_us"":2200824240,""uptime_ms"":1736896,""bmp280_connected"":true,""temperature_c"":23.53,""pressure_hpa"":995.68,""bmp280_address"":""0x76""}"
2026-09-20T22:44:58.265,2026-09-20 00:00:00,1789908298265,sensor_data,Sensor_A,1623979917,91,2203349482,451897,True,22.98,,996.18,,"{""type"":""sensor_data"",""sensor_name"":""Sensor_A"",""node_id"":1623979917,""sequence"":91,""mesh_time_us"":2203349482,""uptime_ms"":451897,""bmp280_connected"":true,""temperature_c"":22.98,""pressure_hpa"":996.18,""bmp280_address"":""0x76""}"
2026-09-20T22:45:00.498,2026-09-20 00:00:00,1789908300498,sensor_data,Sensor_B,1611764737,63812,2205658301,319057784,True,26.48,,995.77,,"{""type"":""sensor_data"",""sensor_name"":""Sensor_B"",""node_id"":1611764737,""sequence"":63812,""mesh_time_us"":2205658301,""uptime_ms"":319057784,""bmp280_connected"":true,""temperature_c"":26.48,""pressure_hpa"":995.77,""bmp280_address"":""0x76""}"
2026-09-20T22:45:01.336,2026-09-20 00:00:00,1789908301336,sensor_data,Sensor_D,1549410049,349,2205824256,1741896,True,23.53,,995.69,,"{""type"":""sensor_data"",""sensor_name"":""Sensor_D"",""node_id"":1549410049,""sequence"":349,""mesh_time_us"":2205824256,""uptime_ms"":1741896,""bmp280_connected"":true,""temperature_c"":23.53,""pressure_hpa"":995.69,""bmp280_address"":""0x76""}"
2026-09-20T22:45:03.389,2026-09-20 00:00:00,1789908303389,sensor_data,Sensor_A,1623979917,92,2208349561,456897,True,22.96,,996.16,,"{""type"":""sensor_data"",""sensor_name"":""Sensor_A"",""node_id"":1623979917,""sequence"":92,""mesh_time_us"":2208349561,""uptime_ms"":456897,""bmp280_connected"":true,""temperature_c"":22.96,""pressure_hpa"":996.16,""bmp280_address"":""0x76""}"
2026-09-20T22:45:05.500,2026-09-20 00:00:00,1789908305500,sensor_data,Sensor_B,1611764737,63813,2210654710,319062784,True,26.49,,995.79,,"{""type"":""sensor_data"",""sensor_name"":""Sensor_B"",""node_id"":1611764737,""sequence"":63813,""mesh_time_us"":2210654710,""uptime_ms"":319062784,""bmp280_connected"":true,""temperature_c"":26.49,""pressure_hpa"":995.79,""bmp280_address"":""0x76""}"
2026-09-20T22:45:05.947,2026-09-20 00:00:00,1789908305947,sensor_data,Sensor_D,1549410049,350,2210824270,1746896,True,23.53,,995.71,,"{""type"":""sensor_data"",""sensor_name"":""Sensor_D"",""node_id"":1549410049,""sequence"":350,""mesh_time_us"":2210824270,""uptime_ms"":1746896,""bmp280_connected"":true,""temperature_c"":23.53,""pressure_hpa"":995.71,""bmp280_address"":""0x76""}"
2026-09-20T22:45:08.300,2026-09-20 00:00:00,1789908308300,sensor_data,Sensor_A,1623979917,93,2213349513,461897,True,22.94,,996.14,,"{""type"":""sensor_data"",""sensor_name"":""Sensor_A"",""node_id"":1623979917,""sequence"":93,""mesh_time_us"":2213349513,""uptime_ms"":461897,""bmp280_connected"":true,""temperature_c"":22.94,""pressure_hpa"":996.14,""bmp280_address"":""0x76""}"
2026-09-20T22:45:10.501,2026-09-20 00:00:00,1789908310501,sensor_data,Sensor_B,1611764737,63814,2215654695,319067784,True,26.48,,995.79,,"{""type"":""sensor_data"",""sensor_name"":""Sensor_B"",""node_id"":1611764737,""sequence"":63814,""mesh_time_us"":2215654695,""uptime_ms"":319067784,""bmp280_connected"":true,""temperature_c"":26.48,""pressure_hpa"":995.79,""bmp280_address"":""0x76""}"
2026-09-20T22:45:10.761,2026-09-20 00:00:00,1789908310761,sensor_data,Sensor_D,1549410049,351,2215824292,1751896,True,23.53,,995.73,,"{""type"":""sensor_data"",""sensor_name"":""Sensor_D"",""node_id"":1549410049,""sequence"":351,""mesh_time_us"":2215824292,""uptime_ms"":1751896,""bmp280_connected"":true,""temperature_c"":23.53,""pressure_hpa"":995.73,""bmp280_address"":""0x76""}"
2026-09-20T22:45:13.417,2026-09-20 00:00:00,1789908313417,sensor_data,Sensor_A,1623979917,94,2218349561,466897,True,22.97,,996.19,,"{""type"":""sensor_data"",""sensor_name"":""Sensor_A"",""node_id"":1623979917,""sequence"":94,""mesh_time_us"":2218349561,""uptime_ms"":466897,""bmp280_connected"":true,""temperature_c"":22.97,""pressure_hpa"":996.19,""bmp280_address"":""0x76""}"
2026-09-20T22:45:15.506,2026-09-20 00:00:00,1789908315506,sensor_data,Sensor_B,1611764737,63815,2220654680,319072784,True,26.48,,995.82,,"{""type"":""sensor_data"",""sensor_name"":""Sensor_B"",""node_id"":1611764737,""sequence"":63815,""mesh_time_us"":2220654680,""uptime_ms"":319072784,""bmp280_connected"":true,""temperature_c"":26.48,""pressure_hpa"":995.82,""bmp280_address"":""0x76""}"
2026-09-20T22:45:15.978,2026-09-20 00:00:00,1789908315978,sensor_data,Sensor_D,1549410049,352,2220824255,1756896,True,23.53,,995.74,,"{""type"":""sensor_data"",""sensor_name"":""Sensor_D"",""node_id"":1549410049,""sequence"":352,""mesh_time_us"":2220824255,""uptime_ms"":1756896,""bmp280_connected"":true,""temperature_c"":23.53,""pressure_hpa"":995.74,""bmp280_address"":""0x76""}"
2026-09-20T22:45:18.257,2026-09-20 00:00:00,1789908318257,sensor_data,Sensor_A,1623979917,95,2223349499,471897,True,22.97,,996.2,,"{""type"":""sensor_data"",""sensor_name"":""Sensor_A"",""node_id"":1623979917,""sequence"":95,""mesh_time_us"":2223349499,""uptime_ms"":471897,""bmp280_connected"":true,""temperature_c"":22.97,""pressure_hpa"":996.20,""bmp280_address"":""0x76""}"
2026-09-20T22:45:20.499,2026-09-20 00:00:00,1789908320499,sensor_data,Sensor_B,1611764737,63816,2225654659,319077784,True,26.48,,995.84,,"{""type"":""sensor_data"",""sensor_name"":""Sensor_B"",""node_id"":1611764737,""sequence"":63816,""mesh_time_us"":2225654659,""uptime_ms"":319077784,""bmp280_connected"":true,""temperature_c"":26.48,""pressure_hpa"":995.84,""bmp280_address"":""0x76""}"
2026-09-20T22:45:20.793,2026-09-20 00:00:00,1789908320793,sensor_data,Sensor_D,1549410049,353,2225823393,1761896,True,23.53,,995.76,,"{""type"":""sensor_data"",""sensor_name"":""Sensor_D"",""node_id"":1549410049,""sequence"":353,""mesh_time_us"":2225823393,""uptime_ms"":1761896,""bmp280_connected"":true,""temperature_c"":23.53,""pressure_hpa"":995.76,""bmp280_address"":""0x76""}"
2026-09-20T22:45:23.458,2026-09-20 00:00:00,1789908323458,sensor_data,Sensor_A,1623979917,96,2228349885,476897,True,22.99,,996.25,,"{""type"":""sensor_data"",""sensor_name"":""Sensor_A"",""node_id"":1623979917,""sequence"":96,""mesh_time_us"":2228349885,""uptime_ms"":476897,""bmp280_connected"":true,""temperature_c"":22.99,""pressure_hpa"":996.25,""bmp280_address"":""0x76""}"
2026-09-20T22:45:25.505,2026-09-20 00:00:00,1789908325505,sensor_data,Sensor_B,1611764737,63817,2230654720,319082784,True,26.47,,995.84,,"{""type"":""sensor_data"",""sensor_name"":""Sensor_B"",""node_id"":1611764737,""sequence"":63817,""mesh_time_us"":2230654720,""uptime_ms"":319082784,""bmp280_connected"":true,""temperature_c"":26.47,""pressure_hpa"":995.84,""bmp280_address"":""0x76""}"
2026-09-20T22:45:25.729,2026-09-20 00:00:00,1789908325729,sensor_data,Sensor_D,1549410049,354,2230822203,1766896,True,23.54,,995.78,,"{""type"":""sensor_data"",""sensor_name"":""Sensor_D"",""node_id"":1549410049,""sequence"":354,""mesh_time_us"":2230822203,""uptime_ms"":1766896,""bmp280_connected"":true,""temperature_c"":23.54,""pressure_hpa"":995.78,""bmp280_address"":""0x76""}"
2026-09-20T22:45:28.370,2026-09-20 00:00:00,1789908328370,sensor_data,Sensor_A,1623979917,97,2233349876,481897,True,22.97,,996.24,,"{""type"":""sensor_data"",""sensor_name"":""Sensor_A"",""node_id"":1623979917,""sequence"":97,""mesh_time_us"":2233349876,""uptime_ms"":481897,""bmp280_connected"":true,""temperature_c"":22.97,""pressure_hpa"":996.24,""bmp280_address"":""0x76""}"
2026-09-20T22:45:30.499,2026-09-20 00:00:00,1789908330499,sensor_data,Sensor_B,1611764737,63818,2235654695,319087784,True,26.47,,995.85,,"{""type"":""sensor_data"",""sensor_name"":""Sensor_B"",""node_id"":1611764737,""sequence"":63818,""mesh_time_us"":2235654695,""uptime_ms"":319087784,""bmp280_connected"":true,""temperature_c"":26.47,""pressure_hpa"":995.85,""bmp280_address"":""0x76""}"
2026-09-20T22:45:30.832,2026-09-20 00:00:00,1789908330832,sensor_data,Sensor_D,1549410049,355,2235822254,1771896,True,23.53,,995.78,,"{""type"":""sensor_data"",""sensor_name"":""Sensor_D"",""node_id"":1549410049,""sequence"":355,""mesh_time_us"":2235822254,""uptime_ms"":1771896,""bmp280_connected"":true,""temperature_c"":23.53,""pressure_hpa"":995.78,""bmp280_address"":""0x76""}"
2026-09-20T22:45:33.288,2026-09-20 00:00:00,1789908333288,sensor_data,Sensor_A,1623979917,98,2238349854,486897,True,22.96,,996.22,,"{""type"":""sensor_data"",""sensor_name"":""Sensor_A"",""node_id"":1623979917,""sequence"":98,""mesh_time_us"":2238349854,""uptime_ms"":486897,""bmp280_connected"":true,""temperature_c"":22.96,""pressure_hpa"":996.22,""bmp280_address"":""0x76""}"
2026-09-20T22:45:35.498,2026-09-20 00:00:00,1789908335498,sensor_data,Sensor_B,1611764737,63819,2240654706,319092784,True,26.48,,995.88,,"{""type"":""sensor_data"",""sensor_name"":""Sensor_B"",""node_id"":1611764737,""sequence"":63819,""mesh_time_us"":2240654706,""uptime_ms"":319092784,""bmp280_connected"":true,""temperature_c"":26.48,""pressure_hpa"":995.88,""bmp280_address"":""0x76""}"
2026-09-20T22:45:35.748,2026-09-20 00:00:00,1789908335748,sensor_data,Sensor_D,1549410049,356,2240822266,1776896,True,23.53,,995.79,,"{""type"":""sensor_data"",""sensor_name"":""Sensor_D"",""node_id"":1549410049,""sequence"":356,""mesh_time_us"":2240822266,""uptime_ms"":1776896,""bmp280_connected"":true,""temperature_c"":23.53,""pressure_hpa"":995.79,""bmp280_address"":""0x76""}"
2026-09-20T22:45:38.524,2026-09-20 00:00:00,1789908338524,sensor_data,Sensor_A,1623979917,99,2243349879,491897,True,22.99,,996.27,,"{""type"":""sensor_data"",""sensor_name"":""Sensor_A"",""node_id"":1623979917,""sequence"":99,""mesh_time_us"":2243349879,""uptime_ms"":491897,""bmp280_connected"":true,""temperature_c"":22.99,""pressure_hpa"":996.27,""bmp280_address"":""0x76""}"
2026-09-20T22:45:40.498,2026-09-20 00:00:00,1789908340498,sensor_data,Sensor_B,1611764737,63820,2245654686,319097784,True,26.47,,995.88,,"{""type"":""sensor_data"",""sensor_name"":""Sensor_B"",""node_id"":1611764737,""sequence"":63820,""mesh_time_us"":2245654686,""uptime_ms"":319097784,""bmp280_connected"":true,""temperature_c"":26.47,""pressure_hpa"":995.88,""bmp280_address"":""0x76""}"
2026-09-20T22:45:40.867,2026-09-20 00:00:00,1789908340867,sensor_data,Sensor_D,1549410049,357,2245822200,1781896,True,23.53,,995.78,,"{""type"":""sensor_data"",""sensor_name"":""Sensor_D"",""node_id"":1549410049,""sequence"":357,""mesh_time_us"":2245822200,""uptime_ms"":1781896,""bmp280_connected"":true,""temperature_c"":23.53,""pressure_hpa"":995.78,""bmp280_address"":""0x76""}"
2026-09-20T22:45:43.324,2026-09-20 00:00:00,1789908343324,sensor_data,Sensor_A,1623979917,100,2248349865,496897,True,23.01,,996.29,,"{""type"":""sensor_data"",""sensor_name"":""Sensor_A"",""node_id"":1623979917,""sequence"":100,""mesh_time_us"":2248349865,""uptime_ms"":496897,""bmp280_connected"":true,""temperature_c"":23.01,""pressure_hpa"":996.29,""bmp280_address"":""0x76""}"
2026-09-20T22:45:45.500,2026-09-20 00:00:00,1789908345500,sensor_data,Sensor_B,1611764737,63821,2250654697,319102784,True,26.47,,995.88,,"{""type"":""sensor_data"",""sensor_name"":""Sensor_B"",""node_id"":1611764737,""sequence"":63821,""mesh_time_us"":2250654697,""uptime_ms"":319102784,""bmp280_connected"":true,""temperature_c"":26.47,""pressure_hpa"":995.88,""bmp280_address"":""0x76""}"
2026-09-20T22:45:45.784,2026-09-20 00:00:00,1789908345784,sensor_data,Sensor_D,1549410049,358,2250822212,1786896,True,23.53,,995.79,,"{""type"":""sensor_data"",""sensor_name"":""Sensor_D"",""node_id"":1549410049,""sequence"":358,""mesh_time_us"":2250822212,""uptime_ms"":1786896,""bmp280_connected"":true,""temperature_c"":23.53,""pressure_hpa"":995.79,""bmp280_address"":""0x76""}"
2026-09-20T22:45:48.548,2026-09-20 00:00:00,1789908348548,sensor_data,Sensor_A,1623979917,101,2253349886,501897,True,23.02,,996.3,,"{""type"":""sensor_data"",""sensor_name"":""Sensor_A"",""node_id"":1623979917,""sequence"":101,""mesh_time_us"":2253349886,""uptime_ms"":501897,""bmp280_connected"":true,""temperature_c"":23.02,""pressure_hpa"":996.30,""bmp280_address"":""0x76""}"
2026-09-20T22:45:50.497,2026-09-20 00:00:00,1789908350497,sensor_data,Sensor_B,1611764737,63822,2255654664,319107784,True,26.47,,995.89,,"{""type"":""sensor_data"",""sensor_name"":""Sensor_B"",""node_id"":1611764737,""sequence"":63822,""mesh_time_us"":2255654664,""uptime_ms"":319107784,""bmp280_connected"":true,""temperature_c"":26.47,""pressure_hpa"":995.89,""bmp280_address"":""0x76""}"
2026-09-20T22:45:50.701,2026-09-20 00:00:00,1789908350701,sensor_data,Sensor_D,1549410049,359,2255822253,1791896,True,23.53,,995.79,,"{""type"":""sensor_data"",""sensor_name"":""Sensor_D"",""node_id"":1549410049,""sequence"":359,""mesh_time_us"":2255822253,""uptime_ms"":1791896,""bmp280_connected"":true,""temperature_c"":23.53,""pressure_hpa"":995.79,""bmp280_address"":""0x76""}"
2026-09-20T22:45:53.362,2026-09-20 00:00:00,1789908353362,sensor_data,Sensor_A,1623979917,102,2258349859,506897,True,23.02,,996.31,,"{""type"":""sensor_data"",""sensor_name"":""Sensor_A"",""node_id"":1623979917,""sequence"":102,""mesh_time_us"":2258349859,""uptime_ms"":506897,""bmp280_connected"":true,""temperature_c"":23.02,""pressure_hpa"":996.31,""bmp280_address"":""0x76""}"
2026-09-20T22:45:55.498,2026-09-20 00:00:00,1789908355498,sensor_data,Sensor_B,1611764737,63823,2260654654,319112784,True,26.48,,995.9,,"{""type"":""sensor_data"",""sensor_name"":""Sensor_B"",""node_id"":1611764737,""sequence"":63823,""mesh_time_us"":2260654654,""uptime_ms"":319112784,""bmp280_connected"":true,""temperature_c"":26.48,""pressure_hpa"":995.90,""bmp280_address"":""0x76""}"
2026-09-20T22:45:55.818,2026-09-20 00:00:00,1789908355818,sensor_data,Sensor_D,1549410049,360,2260822218,1796896,True,23.53,,995.79,,"{""type"":""sensor_data"",""sensor_name"":""Sensor_D"",""node_id"":1549410049,""sequence"":360,""mesh_time_us"":2260822218,""uptime_ms"":1796896,""bmp280_connected"":true,""temperature_c"":23.53,""pressure_hpa"":995.79,""bmp280_address"":""0x76""}"
2026-09-20T22:45:58.281,2026-09-20 00:00:00,1789908358281,sensor_data,Sensor_A,1623979917,103,2263349893,511897,True,22.96,,996.23,,"{""type"":""sensor_data"",""sensor_name"":""Sensor_A"",""node_id"":1623979917,""sequence"":103,""mesh_time_us"":2263349893,""uptime_ms"":511897,""bmp280_connected"":true,""temperature_c"":22.96,""pressure_hpa"":996.23,""bmp280_address"":""0x76""}"
2026-09-20T22:46:00.502,2026-09-20 00:00:00,1789908360502,sensor_data,Sensor_B,1611764737,63824,2265654679,319117784,True,26.47,,995.88,,"{""type"":""sensor_data"",""sensor_name"":""Sensor_B"",""node_id"":1611764737,""sequence"":63824,""mesh_time_us"":2265654679,""uptime_ms"":319117784,""bmp280_connected"":true,""temperature_c"":26.47,""pressure_hpa"":995.88,""bmp280_address"":""0x76""}"
2026-09-20T22:46:00.752,2026-09-20 00:00:00,1789908360752,sensor_data,Sensor_D,1549410049,361,2265822280,1801896,True,23.53,,995.8,,"{""type"":""sensor_data"",""sensor_name"":""Sensor_D"",""node_id"":1549410049,""sequence"":361,""mesh_time_us"":2265822280,""uptime_ms"":1801896,""bmp280_connected"":true,""temperature_c"":23.53,""pressure_hpa"":995.80,""bmp280_address"":""0x76""}"
2026-09-20T22:46:03.386,2026-09-20 00:00:00,1789908363386,sensor_data,Sensor_A,1623979917,104,2268349892,516897,True,22.97,,996.25,,"{""type"":""sensor_data"",""sensor_name"":""Sensor_A"",""node_id"":1623979917,""sequence"":104,""mesh_time_us"":2268349892,""uptime_ms"":516897,""bmp280_connected"":true,""temperature_c"":22.97,""pressure_hpa"":996.25,""bmp280_address"":""0x76""}"
2026-09-20T22:46:05.503,2026-09-20 00:00:00,1789908365503,sensor_data,Sensor_B,1611764737,63825,2270652863,319122784,True,26.49,,995.9,,"{""type"":""sensor_data"",""sensor_name"":""Sensor_B"",""node_id"":1611764737,""sequence"":63825,""mesh_time_us"":2270652863,""uptime_ms"":319122784,""bmp280_connected"":true,""temperature_c"":26.49,""pressure_hpa"":995.90,""bmp280_address"":""0x76""}"
2026-09-20T22:46:05.854,2026-09-20 00:00:00,1789908365854,sensor_data,Sensor_D,1549410049,362,2270822213,1806896,True,23.53,,995.81,,"{""type"":""sensor_data"",""sensor_name"":""Sensor_D"",""node_id"":1549410049,""sequence"":362,""mesh_time_us"":2270822213,""uptime_ms"":1806896,""bmp280_connected"":true,""temperature_c"":23.53,""pressure_hpa"":995.81,""bmp280_address"":""0x76""}"
2026-09-20T22:46:08.310,2026-09-20 00:00:00,1789908368310,sensor_data,Sensor_A,1623979917,105,2273349846,521897,True,22.99,,996.29,,"{""type"":""sensor_data"",""sensor_name"":""Sensor_A"",""node_id"":1623979917,""sequence"":105,""mesh_time_us"":2273349846,""uptime_ms"":521897,""bmp280_connected"":true,""temperature_c"":22.99,""pressure_hpa"":996.29,""bmp280_address"":""0x76""}"
2026-09-20T22:46:10.499,2026-09-20 00:00:00,1789908370499,sensor_data,Sensor_B,1611764737,63826,2275652842,319127784,True,26.5,,995.92,,"{""type"":""sensor_data"",""sensor_name"":""Sensor_B"",""node_id"":1611764737,""sequence"":63826,""mesh_time_us"":2275652842,""uptime_ms"":319127784,""bmp280_connected"":true,""temperature_c"":26.50,""pressure_hpa"":995.92,""bmp280_address"":""0x76""}"
2026-09-20T22:46:10.789,2026-09-20 00:00:00,1789908370789,sensor_data,Sensor_D,1549410049,363,2275822226,1811896,True,23.53,,995.82,,"{""type"":""sensor_data"",""sensor_name"":""Sensor_D"",""node_id"":1549410049,""sequence"":363,""mesh_time_us"":2275822226,""uptime_ms"":1811896,""bmp280_connected"":true,""temperature_c"":23.53,""pressure_hpa"":995.82,""bmp280_address"":""0x76""}"
2026-09-20T22:46:13.421,2026-09-20 00:00:00,1789908373421,sensor_data,Sensor_A,1623979917,106,2278349885,526897,True,22.97,,996.29,,"{""type"":""sensor_data"",""sensor_name"":""Sensor_A"",""node_id"":1623979917,""sequence"":106,""mesh_time_us"":2278349885,""uptime_ms"":526897,""bmp280_connected"":true,""temperature_c"":22.97,""pressure_hpa"":996.29,""bmp280_address"":""0x76""}"
2026-09-20T22:46:15.498,2026-09-20 00:00:00,1789908375498,sensor_data,Sensor_B,1611764737,63827,2280652894,319132784,True,26.52,,995.93,,"{""type"":""sensor_data"",""sensor_name"":""Sensor_B"",""node_id"":1611764737,""sequence"":63827,""mesh_time_us"":2280652894,""uptime_ms"":319132784,""bmp280_connected"":true,""temperature_c"":26.52,""pressure_hpa"":995.93,""bmp280_address"":""0x76""}"
2026-09-20T22:46:15.685,2026-09-20 00:00:00,1789908375685,sensor_data,Sensor_D,1549410049,364,2280822291,1816896,True,23.53,,995.85,,"{""type"":""sensor_data"",""sensor_name"":""Sensor_D"",""node_id"":1549410049,""sequence"":364,""mesh_time_us"":2280822291,""uptime_ms"":1816896,""bmp280_connected"":true,""temperature_c"":23.53,""pressure_hpa"":995.85,""bmp280_address"":""0x76""}"
2026-09-20T22:46:18.346,2026-09-20 00:00:00,1789908378346,sensor_data,Sensor_A,1623979917,107,2283349880,531897,True,22.99,,996.33,,"{""type"":""sensor_data"",""sensor_name"":""Sensor_A"",""node_id"":1623979917,""sequence"":107,""mesh_time_us"":2283349880,""uptime_ms"":531897,""bmp280_connected"":true,""temperature_c"":22.99,""pressure_hpa"":996.33,""bmp280_address"":""0x76""}"
2026-09-20T22:46:20.499,2026-09-20 00:00:00,1789908380499,sensor_data,Sensor_B,1611764737,63828,2285652866,319137784,True,26.54,,995.96,,"{""type"":""sensor_data"",""sensor_name"":""Sensor_B"",""node_id"":1611764737,""sequence"":63828,""mesh_time_us"":2285652866,""uptime_ms"":319137784,""bmp280_connected"":true,""temperature_c"":26.54,""pressure_hpa"":995.96,""bmp280_address"":""0x76""}"
2026-09-20T22:46:20.666,2026-09-20 00:00:00,1789908380666,sensor_data,Sensor_D,1549410049,365,2285822216,1821896,True,23.53,,995.84,,"{""type"":""sensor_data"",""sensor_name"":""Sensor_D"",""node_id"":1549410049,""sequence"":365,""mesh_time_us"":2285822216,""uptime_ms"":1821896,""bmp280_connected"":true,""temperature_c"":23.53,""pressure_hpa"":995.84,""bmp280_address"":""0x76""}"
2026-09-20T22:46:23.262,2026-09-20 00:00:00,1789908383262,sensor_data,Sensor_A,1623979917,108,2288346967,536897,True,23,,996.34,,"{""type"":""sensor_data"",""sensor_name"":""Sensor_A"",""node_id"":1623979917,""sequence"":108,""mesh_time_us"":2288346967,""uptime_ms"":536897,""bmp280_connected"":true,""temperature_c"":23.00,""pressure_hpa"":996.34,""bmp280_address"":""0x76""}"
2026-09-20T22:46:25.501,2026-09-20 00:00:00,1789908385501,sensor_data,Sensor_B,1611764737,63829,2290652850,319142784,True,26.54,,995.97,,"{""type"":""sensor_data"",""sensor_name"":""Sensor_B"",""node_id"":1611764737,""sequence"":63829,""mesh_time_us"":2290652850,""uptime_ms"":319142784,""bmp280_connected"":true,""temperature_c"":26.54,""pressure_hpa"":995.97,""bmp280_address"":""0x76""}"
2026-09-20T22:46:30.499,2026-09-20 00:00:00,1789908390499,sensor_data,Sensor_B,1611764737,63830,2295652851,319147784,True,26.55,,995.99,,"{""type"":""sensor_data"",""sensor_name"":""Sensor_B"",""node_id"":1611764737,""sequence"":63830,""mesh_time_us"":2295652851,""uptime_ms"":319147784,""bmp280_connected"":true,""temperature_c"":26.55,""pressure_hpa"":995.99,""bmp280_address"":""0x76""}"
2026-09-20T22:46:35.801,2026-09-20 00:00:00,1789908395801,sensor_data,Sensor_B,1611764737,63831,2300652867,319152784,True,26.55,,996,,"{""type"":""sensor_data"",""sensor_name"":""Sensor_B"",""node_id"":1611764737,""sequence"":63831,""mesh_time_us"":2300652867,""uptime_ms"":319152784,""bmp280_connected"":true,""temperature_c"":26.55,""pressure_hpa"":996.00,""bmp280_address"":""0x76""}"
2026-09-20T22:46:40.539,2026-09-20 00:00:00,1789908400539,sensor_data,Sensor_B,1611764737,63832,2305652833,319157784,True,26.5,,995.9,,"{""type"":""sensor_data"",""sensor_name"":""Sensor_B"",""node_id"":1611764737,""sequence"":63832,""mesh_time_us"":2305652833,""uptime_ms"":319157784,""bmp280_connected"":true,""temperature_c"":26.50,""pressure_hpa"":995.90,""bmp280_address"":""0x76""}"
2026-09-20T22:46:48.466,2026-09-20 00:00:00,1789908408466,sensor_data,Sensor_B,1611764737,63833,2310652860,319162784,True,26.53,,995.95,,"{""type"":""sensor_data"",""sensor_name"":""Sensor_B"",""node_id"":1611764737,""sequence"":63833,""mesh_time_us"":2310652860,""uptime_ms"":319162784,""bmp280_connected"":true,""temperature_c"":26.53,""pressure_hpa"":995.95,""bmp280_address"":""0x76""}"
2026-09-20T22:46:50.502,2026-09-20 00:00:00,1789908410502,sensor_data,Sensor_B,1611764737,63834,2315652840,319167784,True,26.56,,995.99,,"{""type"":""sensor_data"",""sensor_name"":""Sensor_B"",""node_id"":1611764737,""sequence"":63834,""mesh_time_us"":2315652840,""uptime_ms"":319167784,""bmp280_connected"":true,""temperature_c"":26.56,""pressure_hpa"":995.99,""bmp280_address"":""0x76""}"
2026-09-20T22:46:55.574,2026-09-20 00:00:00,1789908415574,sensor_data,Sensor_B,1611764737,63835,2320652841,319172784,True,26.58,,996.01,,"{""type"":""sensor_data"",""sensor_name"":""Sensor_B"",""node_id"":1611764737,""sequence"":63835,""mesh_time_us"":2320652841,""uptime_ms"":319172784,""bmp280_connected"":true,""temperature_c"":26.58,""pressure_hpa"":996.01,""bmp280_address"":""0x76""}"
2026-09-20T22:47:03.397,2026-09-20 00:00:00,1789908423397,sensor_data,Sensor_B,1611764737,63836,2325652863,319177784,True,26.59,,996.02,,"{""type"":""sensor_data"",""sensor_name"":""Sensor_B"",""node_id"":1611764737,""sequence"":63836,""mesh_time_us"":2325652863,""uptime_ms"":319177784,""bmp280_connected"":true,""temperature_c"":26.59,""pressure_hpa"":996.02,""bmp280_address"":""0x76""}"
2026-09-20T22:47:05.503,2026-09-20 00:00:00,1789908425503,sensor_data,Sensor_B,1611764737,63837,2330655197,319182784,True,26.56,,995.95,,"{""type"":""sensor_data"",""sensor_name"":""Sensor_B"",""node_id"":1611764737,""sequence"":63837,""mesh_time_us"":2330655197,""uptime_ms"":319182784,""bmp280_connected"":true,""temperature_c"":26.56,""pressure_hpa"":995.95,""bmp280_address"":""0x76""}"
2026-09-20T22:47:10.499,2026-09-20 00:00:00,1789908430499,sensor_data,Sensor_B,1611764737,63838,2335655179,319187784,True,26.58,,995.99,,"{""type"":""sensor_data"",""sensor_name"":""Sensor_B"",""node_id"":1611764737,""sequence"":63838,""mesh_time_us"":2335655179,""uptime_ms"":319187784,""bmp280_connected"":true,""temperature_c"":26.58,""pressure_hpa"":995.99,""bmp280_address"":""0x76""}"
2026-09-20T22:47:20.109,2026-09-20 00:00:00,1789908440109,sensor_data,Sensor_B,1611764737,63839,2340655140,319192784,True,26.6,,996.03,,"{""type"":""sensor_data"",""sensor_name"":""Sensor_B"",""node_id"":1611764737,""sequence"":63839,""mesh_time_us"":2340655140,""uptime_ms"":319192784,""bmp280_connected"":true,""temperature_c"":26.60,""pressure_hpa"":996.03,""bmp280_address"":""0x76""}"
2026-09-20T22:47:20.552,2026-09-20 00:00:00,1789908440552,sensor_data,Sensor_B,1611764737,63840,2345655142,319197784,True,26.57,,995.96,,"{""type"":""sensor_data"",""sensor_name"":""Sensor_B"",""node_id"":1611764737,""sequence"":63840,""mesh_time_us"":2345655142,""uptime_ms"":319197784,""bmp280_connected"":true,""temperature_c"":26.57,""pressure_hpa"":995.96,""bmp280_address"":""0x76""}"
2026-09-20T22:47:25.850,2026-09-20 00:00:00,1789908445850,sensor_data,Sensor_B,1611764737,63841,2350655143,319202784,True,26.59,,995.98,,"{""type"":""sensor_data"",""sensor_name"":""Sensor_B"",""node_id"":1611764737,""sequence"":63841,""mesh_time_us"":2350655143,""uptime_ms"":319202784,""bmp280_connected"":true,""temperature_c"":26.59,""pressure_hpa"":995.98,""bmp280_address"":""0x76""}"
2026-09-20T22:47:33.668,2026-09-20 00:00:00,1789908453668,sensor_data,Sensor_B,1611764737,63842,2355655119,319207784,True,26.62,,996.01,,"{""type"":""sensor_data"",""sensor_name"":""Sensor_B"",""node_id"":1611764737,""sequence"":63842,""mesh_time_us"":2355655119,""uptime_ms"":319207784,""bmp280_connected"":true,""temperature_c"":26.62,""pressure_hpa"":996.01,""bmp280_address"":""0x76""}"
2026-09-20T22:47:35.585,2026-09-20 00:00:00,1789908455585,sensor_data,Sensor_B,1611764737,63843,2360655156,319212784,True,26.63,,996.01,,"{""type"":""sensor_data"",""sensor_name"":""Sensor_B"",""node_id"":1611764737,""sequence"":63843,""mesh_time_us"":2360655156,""uptime_ms"":319212784,""bmp280_connected"":true,""temperature_c"":26.63,""pressure_hpa"":996.01,""bmp280_address"":""0x76""}"
2026-09-20T22:47:40.885,2026-09-20 00:00:00,1789908460885,sensor_data,Sensor_B,1611764737,63844,2365655149,319217784,True,26.63,,996.02,,"{""type"":""sensor_data"",""sensor_name"":""Sensor_B"",""node_id"":1611764737,""sequence"":63844,""mesh_time_us"":2365655149,""uptime_ms"":319217784,""bmp280_connected"":true,""temperature_c"":26.63,""pressure_hpa"":996.02,""bmp280_address"":""0x76""}"
2026-09-20T22:47:51.382,2026-09-20 00:00:00,1789908471382,sensor_data,Sensor_B,1611764737,63845,2370655149,319222784,True,26.65,,996.04,,"{""type"":""sensor_data"",""sensor_name"":""Sensor_B"",""node_id"":1611764737,""sequence"":63845,""mesh_time_us"":2370655149,""uptime_ms"":319222784,""bmp280_connected"":true,""temperature_c"":26.65,""pressure_hpa"":996.04,""bmp280_address"":""0x76""}"
2026-09-20T22:47:51.460,2026-09-20 00:00:00,1789908471460,sensor_data,Sensor_B,1611764737,63846,2375655158,319227784,True,26.62,,996,,"{""type"":""sensor_data"",""sensor_name"":""Sensor_B"",""node_id"":1611764737,""sequence"":63846,""mesh_time_us"":2375655158,""uptime_ms"":319227784,""bmp280_connected"":true,""temperature_c"":26.62,""pressure_hpa"":996.00,""bmp280_address"":""0x76""}"
2026-09-20T22:47:56.120,2026-09-20 00:00:00,1789908476120,sensor_data,Sensor_B,1611764737,63847,2380655154,319232784,True,26.63,,995.99,,"{""type"":""sensor_data"",""sensor_name"":""Sensor_B"",""node_id"":1611764737,""sequence"":63847,""mesh_time_us"":2380655154,""uptime_ms"":319232784,""bmp280_connected"":true,""temperature_c"":26.63,""pressure_hpa"":995.99,""bmp280_address"":""0x76""}"
2026-09-20T22:48:00.500,2026-09-20 00:00:00,1789908480500,sensor_data,Sensor_B,1611764737,63848,2385655135,319237784,True,26.64,,996,,"{""type"":""sensor_data"",""sensor_name"":""Sensor_B"",""node_id"":1611764737,""sequence"":63848,""mesh_time_us"":2385655135,""uptime_ms"":319237784,""bmp280_connected"":true,""temperature_c"":26.64,""pressure_hpa"":996.00,""bmp280_address"":""0x76""}"
2026-09-20T22:48:05.513,2026-09-20 00:00:00,1789908485513,sensor_data,Sensor_B,1611764737,63849,2390654092,319242784,True,26.62,,995.96,,"{""type"":""sensor_data"",""sensor_name"":""Sensor_B"",""node_id"":1611764737,""sequence"":63849,""mesh_time_us"":2390654092,""uptime_ms"":319242784,""bmp280_connected"":true,""temperature_c"":26.62,""pressure_hpa"":995.96,""bmp280_address"":""0x76""}"
2026-09-20T22:48:11.973,2026-09-20 00:00:00,1789908491973,sensor_data,Sensor_B,1611764737,63850,2395654029,319247784,True,26.65,,995.99,,"{""type"":""sensor_data"",""sensor_name"":""Sensor_B"",""node_id"":1611764737,""sequence"":63850,""mesh_time_us"":2395654029,""uptime_ms"":319247784,""bmp280_connected"":true,""temperature_c"":26.65,""pressure_hpa"":995.99,""bmp280_address"":""0x76""}"
2026-09-20T22:48:15.714,2026-09-20 00:00:00,1789908495714,sensor_data,Sensor_B,1611764737,63851,2400654003,319252784,True,26.66,,995.98,,"{""type"":""sensor_data"",""sensor_name"":""Sensor_B"",""node_id"":1611764737,""sequence"":63851,""mesh_time_us"":2400654003,""uptime_ms"":319252784,""bmp280_connected"":true,""temperature_c"":26.66,""pressure_hpa"":995.98,""bmp280_address"":""0x76""}"
2026-09-20T22:48:20.558,2026-09-20 00:00:00,1789908500558,sensor_data,Sensor_B,1611764737,63852,2405654061,319257784,True,26.68,,996.01,,"{""type"":""sensor_data"",""sensor_name"":""Sensor_B"",""node_id"":1611764737,""sequence"":63852,""mesh_time_us"":2405654061,""uptime_ms"":319257784,""bmp280_connected"":true,""temperature_c"":26.68,""pressure_hpa"":996.01,""bmp280_address"":""0x76""}"
2026-09-20T22:48:27.474,2026-09-20 00:00:00,1789908507474,sensor_data,Sensor_B,1611764737,63853,2410654037,319262784,True,26.68,,996,,"{""type"":""sensor_data"",""sensor_name"":""Sensor_B"",""node_id"":1611764737,""sequence"":63853,""mesh_time_us"":2410654037,""uptime_ms"":319262784,""bmp280_connected"":true,""temperature_c"":26.68,""pressure_hpa"":996.00,""bmp280_address"":""0x76""}"
2026-09-20T22:48:30.958,2026-09-20 00:00:00,1789908510958,sensor_data,Sensor_B,1611764737,63854,2415654017,319267784,True,26.68,,996,,"{""type"":""sensor_data"",""sensor_name"":""Sensor_B"",""node_id"":1611764737,""sequence"":63854,""mesh_time_us"":2415654017,""uptime_ms"":319267784,""bmp280_connected"":true,""temperature_c"":26.68,""pressure_hpa"":996.00,""bmp280_address"":""0x76""}"
2026-09-20T22:48:35.615,2026-09-20 00:00:00,1789908515615,sensor_data,Sensor_B,1611764737,63855,2420653995,319272784,True,26.68,,996,,"{""type"":""sensor_data"",""sensor_name"":""Sensor_B"",""node_id"":1611764737,""sequence"":63855,""mesh_time_us"":2420653995,""uptime_ms"":319272784,""bmp280_connected"":true,""temperature_c"":26.68,""pressure_hpa"":996.00,""bmp280_address"":""0x76""}"
2026-09-20T22:48:42.477,2026-09-20 00:00:00,1789908522477,sensor_data,Sensor_B,1611764737,63856,2425654012,319277784,True,26.68,,995.98,,"{""type"":""sensor_data"",""sensor_name"":""Sensor_B"",""node_id"":1611764737,""sequence"":63856,""mesh_time_us"":2425654012,""uptime_ms"":319277784,""bmp280_connected"":true,""temperature_c"":26.68,""pressure_hpa"":995.98,""bmp280_address"":""0x76""}"
2026-09-20T22:48:46.187,2026-09-20 00:00:00,1789908526187,sensor_data,Sensor_B,1611764737,63857,2430654011,319282784,True,26.66,,995.94,,"{""type"":""sensor_data"",""sensor_name"":""Sensor_B"",""node_id"":1611764737,""sequence"":63857,""mesh_time_us"":2430654011,""uptime_ms"":319282784,""bmp280_connected"":true,""temperature_c"":26.66,""pressure_hpa"":995.94,""bmp280_address"":""0x76""}"
2026-09-20T22:48:50.504,2026-09-20 00:00:00,1789908530504,sensor_data,Sensor_B,1611764737,63858,2435654081,319287784,True,26.66,,995.94,,"{""type"":""sensor_data"",""sensor_name"":""Sensor_B"",""node_id"":1611764737,""sequence"":63858,""mesh_time_us"":2435654081,""uptime_ms"":319287784,""bmp280_connected"":true,""temperature_c"":26.66,""pressure_hpa"":995.94,""bmp280_address"":""0x76""}"
2026-09-20T22:48:55.685,2026-09-20 00:00:00,1789908535685,sensor_data,Sensor_B,1611764737,63859,2440654008,319292784,True,26.64,,995.93,,"{""type"":""sensor_data"",""sensor_name"":""Sensor_B"",""node_id"":1611764737,""sequence"":63859,""mesh_time_us"":2440654008,""uptime_ms"":319292784,""bmp280_connected"":true,""temperature_c"":26.64,""pressure_hpa"":995.93,""bmp280_address"":""0x76""}"
2026-09-20T22:49:18.336,2026-09-20 00:00:00,1789908558336,sensor_data,Sensor_B,1611764737,63860,2445653975,319297784,True,26.63,,995.92,,"{""type"":""sensor_data"",""sensor_name"":""Sensor_B"",""node_id"":1611764737,""sequence"":63860,""mesh_time_us"":2445653975,""uptime_ms"":319297784,""bmp280_connected"":true,""temperature_c"":26.63,""pressure_hpa"":995.92,""bmp280_address"":""0x76""}"
2026-09-20T22:49:19.649,2026-09-20 00:00:00,1789908559649,sensor_data,Sensor_B,1611764737,63861,2450654016,319302784,True,26.62,,995.9,,"{""type"":""sensor_data"",""sensor_name"":""Sensor_B"",""node_id"":1611764737,""sequence"":63861,""mesh_time_us"":2450654016,""uptime_ms"":319302784,""bmp280_connected"":true,""temperature_c"":26.62,""pressure_hpa"":995.90,""bmp280_address"":""0x76""}"
2026-09-20T22:49:19.725,2026-09-20 00:00:00,1789908559725,sensor_data,Sensor_B,1611764737,63862,2455654067,319307784,True,26.61,,995.91,,"{""type"":""sensor_data"",""sensor_name"":""Sensor_B"",""node_id"":1611764737,""sequence"":63862,""mesh_time_us"":2455654067,""uptime_ms"":319307784,""bmp280_connected"":true,""temperature_c"":26.61,""pressure_hpa"":995.91,""bmp280_address"":""0x76""}"
2026-09-20T22:49:19.785,2026-09-20 00:00:00,1789908559785,sensor_data,Sensor_B,1611764737,63863,2460654014,319312784,True,26.61,,995.94,,"{""type"":""sensor_data"",""sensor_name"":""Sensor_B"",""node_id"":1611764737,""sequence"":63863,""mesh_time_us"":2460654014,""uptime_ms"":319312784,""bmp280_connected"":true,""temperature_c"":26.61,""pressure_hpa"":995.94,""bmp280_address"":""0x76""}"
2026-09-20T22:49:20.565,2026-09-20 00:00:00,1789908560565,sensor_data,Sensor_B,1611764737,63864,2465654072,319317784,True,26.57,,995.9,,"{""type"":""sensor_data"",""sensor_name"":""Sensor_B"",""node_id"":1611764737,""sequence"":63864,""mesh_time_us"":2465654072,""uptime_ms"":319317784,""bmp280_connected"":true,""temperature_c"":26.57,""pressure_hpa"":995.90,""bmp280_address"":""0x76""}"
2026-09-20T22:49:25.758,2026-09-20 00:00:00,1789908565758,sensor_data,Sensor_B,1611764737,63865,2470654053,319322784,True,26.54,,995.9,,"{""type"":""sensor_data"",""sensor_name"":""Sensor_B"",""node_id"":1611764737,""sequence"":63865,""mesh_time_us"":2470654053,""uptime_ms"":319322784,""bmp280_connected"":true,""temperature_c"":26.54,""pressure_hpa"":995.90,""bmp280_address"":""0x76""}"
2026-09-20T22:49:30.514,2026-09-20 00:00:00,1789908570514,sensor_data,Sensor_B,1611764737,63866,2475654018,319327784,True,26.57,,995.95,,"{""type"":""sensor_data"",""sensor_name"":""Sensor_B"",""node_id"":1611764737,""sequence"":63866,""mesh_time_us"":2475654018,""uptime_ms"":319327784,""bmp280_connected"":true,""temperature_c"":26.57,""pressure_hpa"":995.95,""bmp280_address"":""0x76""}"
2026-09-20T22:49:35.508,2026-09-20 00:00:00,1789908575508,sensor_data,Sensor_B,1611764737,63867,2480654024,319332784,True,26.57,,995.96,,"{""type"":""sensor_data"",""sensor_name"":""Sensor_B"",""node_id"":1611764737,""sequence"":63867,""mesh_time_us"":2480654024,""uptime_ms"":319332784,""bmp280_connected"":true,""temperature_c"":26.57,""pressure_hpa"":995.96,""bmp280_address"":""0x76""}"
2026-09-20T22:49:44.987,2026-09-20 00:00:00,1789908584987,sensor_data,Sensor_B,1611764737,63868,2485654065,319337784,True,26.59,,996.01,,"{""type"":""sensor_data"",""sensor_name"":""Sensor_B"",""node_id"":1611764737,""sequence"":63868,""mesh_time_us"":2485654065,""uptime_ms"":319337784,""bmp280_connected"":true,""temperature_c"":26.59,""pressure_hpa"":996.01,""bmp280_address"":""0x76""}"
2026-09-20T22:49:45.554,2026-09-20 00:00:00,1789908585554,sensor_data,Sensor_B,1611764737,63869,2490654066,319342784,True,26.57,,996.02,,"{""type"":""sensor_data"",""sensor_name"":""Sensor_B"",""node_id"":1611764737,""sequence"":63869,""mesh_time_us"":2490654066,""uptime_ms"":319342784,""bmp280_connected"":true,""temperature_c"":26.57,""pressure_hpa"":996.02,""bmp280_address"":""0x76""}"
2026-09-20T22:49:50.501,2026-09-20 00:00:00,1789908590501,sensor_data,Sensor_B,1611764737,63870,2495654041,319347784,True,26.57,,996.04,,"{""type"":""sensor_data"",""sensor_name"":""Sensor_B"",""node_id"":1611764737,""sequence"":63870,""mesh_time_us"":2495654041,""uptime_ms"":319347784,""bmp280_connected"":true,""temperature_c"":26.57,""pressure_hpa"":996.04,""bmp280_address"":""0x76""}"
2026-09-20T22:49:58.304,2026-09-20 00:00:00,1789908598304,sensor_data,Sensor_B,1611764737,63871,2500654029,319352784,True,26.56,,996.05,,"{""type"":""sensor_data"",""sensor_name"":""Sensor_B"",""node_id"":1611764737,""sequence"":63871,""mesh_time_us"":2500654029,""uptime_ms"":319352784,""bmp280_connected"":true,""temperature_c"":26.56,""pressure_hpa"":996.05,""bmp280_address"":""0x76""}"
2026-09-20T22:50:00.603,2026-09-20 00:00:00,1789908600603,sensor_data,Sensor_B,1611764737,63872,2505654070,319357784,True,26.56,,996.08,,"{""type"":""sensor_data"",""sensor_name"":""Sensor_B"",""node_id"":1611764737,""sequence"":63872,""mesh_time_us"":2505654070,""uptime_ms"":319357784,""bmp280_connected"":true,""temperature_c"":26.56,""pressure_hpa"":996.08,""bmp280_address"":""0x76""}"
2026-09-20T22:50:05.726,2026-09-20 00:00:00,1789908605726,sensor_data,Sensor_B,1611764737,63873,2510654084,319362784,True,26.53,,996.06,,"{""type"":""sensor_data"",""sensor_name"":""Sensor_B"",""node_id"":1611764737,""sequence"":63873,""mesh_time_us"":2510654084,""uptime_ms"":319362784,""bmp280_connected"":true,""temperature_c"":26.53,""pressure_hpa"":996.06,""bmp280_address"":""0x76""}"
2026-09-20T22:50:40.753,2026-09-20 00:00:00,1789908640753,sensor_data,Sensor_B,1611764737,63874,2515654059,319367784,True,26.53,,996.08,,"{""type"":""sensor_data"",""sensor_name"":""Sensor_B"",""node_id"":1611764737,""sequence"":63874,""mesh_time_us"":2515654059,""uptime_ms"":319367784,""bmp280_connected"":true,""temperature_c"":26.53,""pressure_hpa"":996.08,""bmp280_address"":""0x76""}"
2026-09-20T22:50:40.801,2026-09-20 00:00:00,1789908640801,sensor_data,Sensor_B,1611764737,63875,2520654026,319372784,True,26.52,,996.04,,"{""type"":""sensor_data"",""sensor_name"":""Sensor_B"",""node_id"":1611764737,""sequence"":63875,""mesh_time_us"":2520654026,""uptime_ms"":319372784,""bmp280_connected"":true,""temperature_c"":26.52,""pressure_hpa"":996.04,""bmp280_address"":""0x76""}"
2026-09-20T22:50:40.851,2026-09-20 00:00:00,1789908640851,sensor_data,Sensor_B,1611764737,63876,2525654020,319377784,True,26.53,,996.05,,"{""type"":""sensor_data"",""sensor_name"":""Sensor_B"",""node_id"":1611764737,""sequence"":63876,""mesh_time_us"":2525654020,""uptime_ms"":319377784,""bmp280_connected"":true,""temperature_c"":26.53,""pressure_hpa"":996.05,""bmp280_address"":""0x76""}"
2026-09-20T22:50:40.895,2026-09-20 00:00:00,1789908640895,sensor_data,Sensor_B,1611764737,63877,2530654077,319382784,True,26.51,,996.03,,"{""type"":""sensor_data"",""sensor_name"":""Sensor_B"",""node_id"":1611764737,""sequence"":63877,""mesh_time_us"":2530654077,""uptime_ms"":319382784,""bmp280_connected"":true,""temperature_c"":26.51,""pressure_hpa"":996.03,""bmp280_address"":""0x76""}"
2026-09-20T22:50:40.938,2026-09-20 00:00:00,1789908640938,sensor_data,Sensor_B,1611764737,63878,2535654059,319387784,True,26.5,,996.05,,"{""type"":""sensor_data"",""sensor_name"":""Sensor_B"",""node_id"":1611764737,""sequence"":63878,""mesh_time_us"":2535654059,""uptime_ms"":319387784,""bmp280_connected"":true,""temperature_c"":26.50,""pressure_hpa"":996.05,""bmp280_address"":""0x76""}"
2026-09-20T22:50:40.971,2026-09-20 00:00:00,1789908640971,sensor_data,Sensor_B,1611764737,63879,2540654050,319392784,True,26.5,,996.07,,"{""type"":""sensor_data"",""sensor_name"":""Sensor_B"",""node_id"":1611764737,""sequence"":63879,""mesh_time_us"":2540654050,""uptime_ms"":319392784,""bmp280_connected"":true,""temperature_c"":26.50,""pressure_hpa"":996.07,""bmp280_address"":""0x76""}"
2026-09-20T22:50:41.005,2026-09-20 00:00:00,1789908641005,sensor_data,Sensor_B,1611764737,63880,2545654116,319397784,True,26.5,,996.08,,"{""type"":""sensor_data"",""sensor_name"":""Sensor_B"",""node_id"":1611764737,""sequence"":63880,""mesh_time_us"":2545654116,""uptime_ms"":319397784,""bmp280_connected"":true,""temperature_c"":26.50,""pressure_hpa"":996.08,""bmp280_address"":""0x76""}"
2026-09-20T22:50:51.941,2026-09-20 00:00:00,1789908651941,sensor_data,Sensor_B,1611764737,63881,2550654053,319402784,True,26.47,,996.05,,"{""type"":""sensor_data"",""sensor_name"":""Sensor_B"",""node_id"":1611764737,""sequence"":63881,""mesh_time_us"":2550654053,""uptime_ms"":319402784,""bmp280_connected"":true,""temperature_c"":26.47,""pressure_hpa"":996.05,""bmp280_address"":""0x76""}"
2026-09-20T22:50:52.464,2026-09-20 00:00:00,1789908652464,sensor_data,Sensor_B,1611764737,63882,2555654034,319407784,True,26.46,,996.05,,"{""type"":""sensor_data"",""sensor_name"":""Sensor_B"",""node_id"":1611764737,""sequence"":63882,""mesh_time_us"":2555654034,""uptime_ms"":319407784,""bmp280_connected"":true,""temperature_c"":26.46,""pressure_hpa"":996.05,""bmp280_address"":""0x76""}"
2026-09-20T22:50:55.789,2026-09-20 00:00:00,1789908655789,sensor_data,Sensor_B,1611764737,63883,2560653158,319412784,True,26.45,,996.03,,"{""type"":""sensor_data"",""sensor_name"":""Sensor_B"",""node_id"":1611764737,""sequence"":63883,""mesh_time_us"":2560653158,""uptime_ms"":319412784,""bmp280_connected"":true,""temperature_c"":26.45,""pressure_hpa"":996.03,""bmp280_address"":""0x76""}"
2026-09-20T22:51:00.509,2026-09-20 00:00:00,1789908660509,sensor_data,Sensor_B,1611764737,63884,2565653142,319417784,True,26.46,,996.04,,"{""type"":""sensor_data"",""sensor_name"":""Sensor_B"",""node_id"":1611764737,""sequence"":63884,""mesh_time_us"":2565653142,""uptime_ms"":319417784,""bmp280_connected"":true,""temperature_c"":26.46,""pressure_hpa"":996.04,""bmp280_address"":""0x76""}"
2026-09-20T22:51:09.023,2026-09-20 00:00:00,1789908669023,sensor_data,Sensor_B,1611764737,63885,2570653150,319422784,True,26.46,,996.06,,"{""type"":""sensor_data"",""sensor_name"":""Sensor_B"",""node_id"":1611764737,""sequence"":63885,""mesh_time_us"":2570653150,""uptime_ms"":319422784,""bmp280_connected"":true,""temperature_c"":26.46,""pressure_hpa"":996.06,""bmp280_address"":""0x76""}"
2026-09-20T22:52:25.503,2026-09-20 00:00:00,1789908745503,sensor_data,Sensor_B,1611764737,63901,2650652641,319502784,True,26.49,,996.01,,"{""type"":""sensor_data"",""sensor_name"":""Sensor_B"",""node_id"":1611764737,""sequence"":63901,""mesh_time_us"":2650652641,""uptime_ms"":319502784,""bmp280_connected"":true,""temperature_c"":26.49,""pressure_hpa"":996.01,""bmp280_address"":""0x76""}"
2026-09-20T22:52:30.748,2026-09-20 00:00:00,1789908750748,sensor_data,Sensor_B,1611764737,63902,2655652611,319507784,True,26.5,,996.05,,"{""type"":""sensor_data"",""sensor_name"":""Sensor_B"",""node_id"":1611764737,""sequence"":63902,""mesh_time_us"":2655652611,""uptime_ms"":319507784,""bmp280_connected"":true,""temperature_c"":26.50,""pressure_hpa"":996.05,""bmp280_address"":""0x76""}"
2026-09-20T22:52:36.689,2026-09-20 00:00:00,1789908756689,sensor_data,Sensor_B,1611764737,63903,2660652565,319512784,True,26.49,,996.05,,"{""type"":""sensor_data"",""sensor_name"":""Sensor_B"",""node_id"":1611764737,""sequence"":63903,""mesh_time_us"":2660652565,""uptime_ms"":319512784,""bmp280_connected"":true,""temperature_c"":26.49,""pressure_hpa"":996.05,""bmp280_address"":""0x76""}"
2026-09-20T22:52:40.511,2026-09-20 00:00:00,1789908760511,sensor_data,Sensor_B,1611764737,63904,2665652614,319517784,True,26.46,,996,,"{""type"":""sensor_data"",""sensor_name"":""Sensor_B"",""node_id"":1611764737,""sequence"":63904,""mesh_time_us"":2665652614,""uptime_ms"":319517784,""bmp280_connected"":true,""temperature_c"":26.46,""pressure_hpa"":996.00,""bmp280_address"":""0x76""}"
2026-09-20T22:52:45.786,2026-09-20 00:00:00,1789908765786,sensor_data,Sensor_B,1611764737,63905,2670652603,319522784,True,26.48,,996.05,,"{""type"":""sensor_data"",""sensor_name"":""Sensor_B"",""node_id"":1611764737,""sequence"":63905,""mesh_time_us"":2670652603,""uptime_ms"":319522784,""bmp280_connected"":true,""temperature_c"":26.48,""pressure_hpa"":996.05,""bmp280_address"":""0x76""}"
2026-09-20T22:52:55.012,2026-09-20 00:00:00,1789908775012,sensor_data,Sensor_B,1611764737,63906,2675652592,319527784,True,26.49,,996.08,,"{""type"":""sensor_data"",""sensor_name"":""Sensor_B"",""node_id"":1611764737,""sequence"":63906,""mesh_time_us"":2675652592,""uptime_ms"":319527784,""bmp280_connected"":true,""temperature_c"":26.49,""pressure_hpa"":996.08,""bmp280_address"":""0x76""}"
2026-09-20T22:52:55.563,2026-09-20 00:00:00,1789908775563,sensor_data,Sensor_B,1611764737,63907,2680652591,319532784,True,26.49,,996.07,,"{""type"":""sensor_data"",""sensor_name"":""Sensor_B"",""node_id"":1611764737,""sequence"":63907,""mesh_time_us"":2680652591,""uptime_ms"":319532784,""bmp280_connected"":true,""temperature_c"":26.49,""pressure_hpa"":996.07,""bmp280_address"":""0x76""}"
2026-09-20T22:53:03.268,2026-09-20 00:00:00,1789908783268,sensor_data,Sensor_A,1623979917,188,2688352191,936897,True,23.19,,996.54,,"{""type"":""sensor_data"",""sensor_name"":""Sensor_A"",""node_id"":1623979917,""sequence"":188,""mesh_time_us"":2688352191,""uptime_ms"":936897,""bmp280_connected"":true,""temperature_c"":23.19,""pressure_hpa"":996.54,""bmp280_address"":""0x76""}"
2026-09-20T22:53:03.515,2026-09-20 00:00:00,1789908783515,sensor_data,Sensor_B,1611764737,63908,2685652589,319537784,True,26.49,,996.08,,"{""type"":""sensor_data"",""sensor_name"":""Sensor_B"",""node_id"":1611764737,""sequence"":63908,""mesh_time_us"":2685652589,""uptime_ms"":319537784,""bmp280_connected"":true,""temperature_c"":26.49,""pressure_hpa"":996.08,""bmp280_address"":""0x76""}"
2026-09-20T22:53:05.505,2026-09-20 00:00:00,1789908785505,sensor_data,Sensor_B,1611764737,63909,2690652598,319542784,True,26.49,,996.09,,"{""type"":""sensor_data"",""sensor_name"":""Sensor_B"",""node_id"":1611764737,""sequence"":63909,""mesh_time_us"":2690652598,""uptime_ms"":319542784,""bmp280_connected"":true,""temperature_c"":26.49,""pressure_hpa"":996.09,""bmp280_address"":""0x76""}"
2026-09-20T22:53:06.952,2026-09-20 00:00:00,1789908786952,sensor_data,Sensor_D,1549410049,2,2691900856,6896,True,23.8,,995.95,,"{""type"":""sensor_data"",""sensor_name"":""Sensor_D"",""node_id"":1549410049,""sequence"":2,""mesh_time_us"":2691900856,""uptime_ms"":6896,""bmp280_connected"":true,""temperature_c"":23.80,""pressure_hpa"":995.95,""bmp280_address"":""0x76""}"
2026-09-20T22:53:08.379,2026-09-20 00:00:00,1789908788379,sensor_data,Sensor_A,1623979917,189,2693348057,941897,True,23.19,,996.53,,"{""type"":""sensor_data"",""sensor_name"":""Sensor_A"",""node_id"":1623979917,""sequence"":189,""mesh_time_us"":2693348057,""uptime_ms"":941897,""bmp280_connected"":true,""temperature_c"":23.19,""pressure_hpa"":996.53,""bmp280_address"":""0x76""}"
2026-09-20T22:53:10.512,2026-09-20 00:00:00,1789908790512,sensor_data,Sensor_B,1611764737,63910,2695652584,319547784,True,26.48,,996.06,,"{""type"":""sensor_data"",""sensor_name"":""Sensor_B"",""node_id"":1611764737,""sequence"":63910,""mesh_time_us"":2695652584,""uptime_ms"":319547784,""bmp280_connected"":true,""temperature_c"":26.48,""pressure_hpa"":996.06,""bmp280_address"":""0x76""}"
2026-09-20T22:53:11.862,2026-09-20 00:00:00,1789908791862,sensor_data,Sensor_D,1549410049,3,2696900834,11896,True,23.81,,995.96,,"{""type"":""sensor_data"",""sensor_name"":""Sensor_D"",""node_id"":1549410049,""sequence"":3,""mesh_time_us"":2696900834,""uptime_ms"":11896,""bmp280_connected"":true,""temperature_c"":23.81,""pressure_hpa"":995.96,""bmp280_address"":""0x76""}"
2026-09-20T22:53:13.395,2026-09-20 00:00:00,1789908793395,sensor_data,Sensor_A,1623979917,190,2698347975,946897,True,23.19,,996.54,,"{""type"":""sensor_data"",""sensor_name"":""Sensor_A"",""node_id"":1623979917,""sequence"":190,""mesh_time_us"":2698347975,""uptime_ms"":946897,""bmp280_connected"":true,""temperature_c"":23.19,""pressure_hpa"":996.54,""bmp280_address"":""0x76""}"
2026-09-20T22:53:15.505,2026-09-20 00:00:00,1789908795505,sensor_data,Sensor_B,1611764737,63911,2700652595,319552784,True,26.48,,996.07,,"{""type"":""sensor_data"",""sensor_name"":""Sensor_B"",""node_id"":1611764737,""sequence"":63911,""mesh_time_us"":2700652595,""uptime_ms"":319552784,""bmp280_connected"":true,""temperature_c"":26.48,""pressure_hpa"":996.07,""bmp280_address"":""0x76""}"
2026-09-20T22:53:16.804,2026-09-20 00:00:00,1789908796804,sensor_data,Sensor_D,1549410049,4,2701900836,16896,True,23.83,,995.97,,"{""type"":""sensor_data"",""sensor_name"":""Sensor_D"",""node_id"":1549410049,""sequence"":4,""mesh_time_us"":2701900836,""uptime_ms"":16896,""bmp280_connected"":true,""temperature_c"":23.83,""pressure_hpa"":995.97,""bmp280_address"":""0x76""}"
2026-09-20T22:53:18.413,2026-09-20 00:00:00,1789908798413,sensor_data,Sensor_A,1623979917,191,2703347971,951897,True,23.19,,996.54,,"{""type"":""sensor_data"",""sensor_name"":""Sensor_A"",""node_id"":1623979917,""sequence"":191,""mesh_time_us"":2703347971,""uptime_ms"":951897,""bmp280_connected"":true,""temperature_c"":23.19,""pressure_hpa"":996.54,""bmp280_address"":""0x76""}"
2026-09-20T22:53:20.505,2026-09-20 00:00:00,1789908800505,sensor_data,Sensor_B,1611764737,63912,2705652602,319557784,True,26.49,,996.08,,"{""type"":""sensor_data"",""sensor_name"":""Sensor_B"",""node_id"":1611764737,""sequence"":63912,""mesh_time_us"":2705652602,""uptime_ms"":319557784,""bmp280_connected"":true,""temperature_c"":26.49,""pressure_hpa"":996.08,""bmp280_address"":""0x76""}"
2026-09-20T22:53:21.797,2026-09-20 00:00:00,1789908801797,sensor_data,Sensor_D,1549410049,5,2706900845,21896,True,23.84,,995.98,,"{""type"":""sensor_data"",""sensor_name"":""Sensor_D"",""node_id"":1549410049,""sequence"":5,""mesh_time_us"":2706900845,""uptime_ms"":21896,""bmp280_connected"":true,""temperature_c"":23.84,""pressure_hpa"":995.98,""bmp280_address"":""0x76""}"
2026-09-20T22:53:23.432,2026-09-20 00:00:00,1789908803432,sensor_data,Sensor_A,1623979917,192,2708347985,956897,True,23.2,,996.56,,"{""type"":""sensor_data"",""sensor_name"":""Sensor_A"",""node_id"":1623979917,""sequence"":192,""mesh_time_us"":2708347985,""uptime_ms"":956897,""bmp280_connected"":true,""temperature_c"":23.20,""pressure_hpa"":996.56,""bmp280_address"":""0x76""}"
2026-09-20T22:53:25.510,2026-09-20 00:00:00,1789908805510,sensor_data,Sensor_B,1611764737,63913,2710655821,319562784,True,26.5,,996.09,,"{""type"":""sensor_data"",""sensor_name"":""Sensor_B"",""node_id"":1611764737,""sequence"":63913,""mesh_time_us"":2710655821,""uptime_ms"":319562784,""bmp280_connected"":true,""temperature_c"":26.50,""pressure_hpa"":996.09,""bmp280_address"":""0x76""}"
2026-09-20T22:53:26.810,2026-09-20 00:00:00,1789908806810,sensor_data,Sensor_D,1549410049,6,2711900840,26896,True,23.85,,995.98,,"{""type"":""sensor_data"",""sensor_name"":""Sensor_D"",""node_id"":1549410049,""sequence"":6,""mesh_time_us"":2711900840,""uptime_ms"":26896,""bmp280_connected"":true,""temperature_c"":23.85,""pressure_hpa"":995.98,""bmp280_address"":""0x76""}"
2026-09-20T22:53:28.250,2026-09-20 00:00:00,1789908808250,sensor_data,Sensor_A,1623979917,193,2713348054,961897,True,23.17,,996.52,,"{""type"":""sensor_data"",""sensor_name"":""Sensor_A"",""node_id"":1623979917,""sequence"":193,""mesh_time_us"":2713348054,""uptime_ms"":961897,""bmp280_connected"":true,""temperature_c"":23.17,""pressure_hpa"":996.52,""bmp280_address"":""0x76""}"
2026-09-20T22:53:30.504,2026-09-20 00:00:00,1789908810504,sensor_data,Sensor_B,1611764737,63914,2715655796,319567784,True,26.51,,996.1,,"{""type"":""sensor_data"",""sensor_name"":""Sensor_B"",""node_id"":1611764737,""sequence"":63914,""mesh_time_us"":2715655796,""uptime_ms"":319567784,""bmp280_connected"":true,""temperature_c"":26.51,""pressure_hpa"":996.10,""bmp280_address"":""0x76""}"
2026-09-20T22:53:32.003,2026-09-20 00:00:00,1789908812003,sensor_data,Sensor_D,1549410049,7,2716900835,31896,True,23.86,,995.99,,"{""type"":""sensor_data"",""sensor_name"":""Sensor_D"",""node_id"":1549410049,""sequence"":7,""mesh_time_us"":2716900835,""uptime_ms"":31896,""bmp280_connected"":true,""temperature_c"":23.86,""pressure_hpa"":995.99,""bmp280_address"":""0x76""}"
2026-09-20T22:53:33.365,2026-09-20 00:00:00,1789908813365,sensor_data,Sensor_A,1623979917,194,2718347987,966897,True,23.18,,996.54,,"{""type"":""sensor_data"",""sensor_name"":""Sensor_A"",""node_id"":1623979917,""sequence"":194,""mesh_time_us"":2718347987,""uptime_ms"":966897,""bmp280_connected"":true,""temperature_c"":23.18,""pressure_hpa"":996.54,""bmp280_address"":""0x76""}"
2026-09-20T22:53:35.505,2026-09-20 00:00:00,1789908815505,sensor_data,Sensor_B,1611764737,63915,2720655830,319572784,True,26.51,,996.09,,"{""type"":""sensor_data"",""sensor_name"":""Sensor_B"",""node_id"":1611764737,""sequence"":63915,""mesh_time_us"":2720655830,""uptime_ms"":319572784,""bmp280_connected"":true,""temperature_c"":26.51,""pressure_hpa"":996.09,""bmp280_address"":""0x76""}"
2026-09-20T22:53:37.150,2026-09-20 00:00:00,1789908817150,sensor_data,Sensor_D,1549410049,8,2721900845,36896,True,23.87,,995.99,,"{""type"":""sensor_data"",""sensor_name"":""Sensor_D"",""node_id"":1549410049,""sequence"":8,""mesh_time_us"":2721900845,""uptime_ms"":36896,""bmp280_connected"":true,""temperature_c"":23.87,""pressure_hpa"":995.99,""bmp280_address"":""0x76""}"
2026-09-20T22:53:38.280,2026-09-20 00:00:00,1789908818280,sensor_data,Sensor_A,1623979917,195,2723347994,971897,True,23.17,,996.52,,"{""type"":""sensor_data"",""sensor_name"":""Sensor_A"",""node_id"":1623979917,""sequence"":195,""mesh_time_us"":2723347994,""uptime_ms"":971897,""bmp280_connected"":true,""temperature_c"":23.17,""pressure_hpa"":996.52,""bmp280_address"":""0x76""}"
2026-09-20T22:53:40.504,2026-09-20 00:00:00,1789908820504,sensor_data,Sensor_B,1611764737,63916,2725655766,319577784,True,26.52,,996.1,,"{""type"":""sensor_data"",""sensor_name"":""Sensor_B"",""node_id"":1611764737,""sequence"":63916,""mesh_time_us"":2725655766,""uptime_ms"":319577784,""bmp280_connected"":true,""temperature_c"":26.52,""pressure_hpa"":996.10,""bmp280_address"":""0x76""}"
2026-09-20T22:53:41.762,2026-09-20 00:00:00,1789908821762,sensor_data,Sensor_D,1549410049,9,2726900834,41896,True,23.87,,996,,"{""type"":""sensor_data"",""sensor_name"":""Sensor_D"",""node_id"":1549410049,""sequence"":9,""mesh_time_us"":2726900834,""uptime_ms"":41896,""bmp280_connected"":true,""temperature_c"":23.87,""pressure_hpa"":996.00,""bmp280_address"":""0x76""}"
2026-09-20T22:53:43.399,2026-09-20 00:00:00,1789908823399,sensor_data,Sensor_A,1623979917,196,2728348007,976897,True,23.15,,996.5,,"{""type"":""sensor_data"",""sensor_name"":""Sensor_A"",""node_id"":1623979917,""sequence"":196,""mesh_time_us"":2728348007,""uptime_ms"":976897,""bmp280_connected"":true,""temperature_c"":23.15,""pressure_hpa"":996.50,""bmp280_address"":""0x76""}"
2026-09-20T22:53:45.504,2026-09-20 00:00:00,1789908825504,sensor_data,Sensor_B,1611764737,63917,2730655767,319582784,True,26.51,,996.12,,"{""type"":""sensor_data"",""sensor_name"":""Sensor_B"",""node_id"":1611764737,""sequence"":63917,""mesh_time_us"":2730655767,""uptime_ms"":319582784,""bmp280_connected"":true,""temperature_c"":26.51,""pressure_hpa"":996.12,""bmp280_address"":""0x76""}"
2026-09-20T22:53:46.876,2026-09-20 00:00:00,1789908826876,sensor_data,Sensor_D,1549410049,10,2731900838,46896,True,23.87,,996.01,,"{""type"":""sensor_data"",""sensor_name"":""Sensor_D"",""node_id"":1549410049,""sequence"":10,""mesh_time_us"":2731900838,""uptime_ms"":46896,""bmp280_connected"":true,""temperature_c"":23.87,""pressure_hpa"":996.01,""bmp280_address"":""0x76""}"
2026-09-20T22:53:48.317,2026-09-20 00:00:00,1789908828317,sensor_data,Sensor_A,1623979917,197,2733347978,981897,True,23.14,,996.49,,"{""type"":""sensor_data"",""sensor_name"":""Sensor_A"",""node_id"":1623979917,""sequence"":197,""mesh_time_us"":2733347978,""uptime_ms"":981897,""bmp280_connected"":true,""temperature_c"":23.14,""pressure_hpa"":996.49,""bmp280_address"":""0x76""}"
2026-09-20T22:53:50.505,2026-09-20 00:00:00,1789908830505,sensor_data,Sensor_B,1611764737,63918,2735655768,319587784,True,26.5,,996.11,,"{""type"":""sensor_data"",""sensor_name"":""Sensor_B"",""node_id"":1611764737,""sequence"":63918,""mesh_time_us"":2735655768,""uptime_ms"":319587784,""bmp280_connected"":true,""temperature_c"":26.50,""pressure_hpa"":996.11,""bmp280_address"":""0x76""}"
2026-09-20T22:53:51.795,2026-09-20 00:00:00,1789908831795,sensor_data,Sensor_D,1549410049,11,2736900848,51896,True,23.87,,996.02,,"{""type"":""sensor_data"",""sensor_name"":""Sensor_D"",""node_id"":1549410049,""sequence"":11,""mesh_time_us"":2736900848,""uptime_ms"":51896,""bmp280_connected"":true,""temperature_c"":23.87,""pressure_hpa"":996.02,""bmp280_address"":""0x76""}"
2026-09-20T22:53:53.432,2026-09-20 00:00:00,1789908833432,sensor_data,Sensor_A,1623979917,198,2738347962,986897,True,23.14,,996.49,,"{""type"":""sensor_data"",""sensor_name"":""Sensor_A"",""node_id"":1623979917,""sequence"":198,""mesh_time_us"":2738347962,""uptime_ms"":986897,""bmp280_connected"":true,""temperature_c"":23.14,""pressure_hpa"":996.49,""bmp280_address"":""0x76""}"
2026-09-20T22:53:55.506,2026-09-20 00:00:00,1789908835506,sensor_data,Sensor_B,1611764737,63919,2740655814,319592784,True,26.5,,996.13,,"{""type"":""sensor_data"",""sensor_name"":""Sensor_B"",""node_id"":1611764737,""sequence"":63919,""mesh_time_us"":2740655814,""uptime_ms"":319592784,""bmp280_connected"":true,""temperature_c"":26.50,""pressure_hpa"":996.13,""bmp280_address"":""0x76""}"
2026-09-20T22:53:56.919,2026-09-20 00:00:00,1789908836919,sensor_data,Sensor_D,1549410049,12,2741900854,56896,True,23.88,,996.04,,"{""type"":""sensor_data"",""sensor_name"":""Sensor_D"",""node_id"":1549410049,""sequence"":12,""mesh_time_us"":2741900854,""uptime_ms"":56896,""bmp280_connected"":true,""temperature_c"":23.88,""pressure_hpa"":996.04,""bmp280_address"":""0x76""}"
2026-09-20T22:53:58.350,2026-09-20 00:00:00,1789908838350,sensor_data,Sensor_A,1623979917,199,2743347994,991897,True,23.15,,996.51,,"{""type"":""sensor_data"",""sensor_name"":""Sensor_A"",""node_id"":1623979917,""sequence"":199,""mesh_time_us"":2743347994,""uptime_ms"":991897,""bmp280_connected"":true,""temperature_c"":23.15,""pressure_hpa"":996.51,""bmp280_address"":""0x76""}"
2026-09-20T22:54:00.504,2026-09-20 00:00:00,1789908840504,sensor_data,Sensor_B,1611764737,63920,2745655796,319597784,True,26.5,,996.13,,"{""type"":""sensor_data"",""sensor_name"":""Sensor_B"",""node_id"":1611764737,""sequence"":63920,""mesh_time_us"":2745655796,""uptime_ms"":319597784,""bmp280_connected"":true,""temperature_c"":26.50,""pressure_hpa"":996.13,""bmp280_address"":""0x76""}"
2026-09-20T22:54:01.837,2026-09-20 00:00:00,1789908841837,sensor_data,Sensor_D,1549410049,13,2746900837,61896,True,23.88,,996.04,,"{""type"":""sensor_data"",""sensor_name"":""Sensor_D"",""node_id"":1549410049,""sequence"":13,""mesh_time_us"":2746900837,""uptime_ms"":61896,""bmp280_connected"":true,""temperature_c"":23.88,""pressure_hpa"":996.04,""bmp280_address"":""0x76""}"
2026-09-20T22:54:03.274,2026-09-20 00:00:00,1789908843274,sensor_data,Sensor_A,1623979917,200,2748347969,996897,True,23.18,,996.57,,"{""type"":""sensor_data"",""sensor_name"":""Sensor_A"",""node_id"":1623979917,""sequence"":200,""mesh_time_us"":2748347969,""uptime_ms"":996897,""bmp280_connected"":true,""temperature_c"":23.18,""pressure_hpa"":996.57,""bmp280_address"":""0x76""}"
2026-09-20T22:54:05.505,2026-09-20 00:00:00,1789908845505,sensor_data,Sensor_B,1611764737,63921,2750655763,319602784,True,26.5,,996.15,,"{""type"":""sensor_data"",""sensor_name"":""Sensor_B"",""node_id"":1611764737,""sequence"":63921,""mesh_time_us"":2750655763,""uptime_ms"":319602784,""bmp280_connected"":true,""temperature_c"":26.50,""pressure_hpa"":996.15,""bmp280_address"":""0x76""}"
2026-09-20T22:54:06.753,2026-09-20 00:00:00,1789908846753,sensor_data,Sensor_D,1549410049,14,2751902061,66896,True,23.88,,996.05,,"{""type"":""sensor_data"",""sensor_name"":""Sensor_D"",""node_id"":1549410049,""sequence"":14,""mesh_time_us"":2751902061,""uptime_ms"":66896,""bmp280_connected"":true,""temperature_c"":23.88,""pressure_hpa"":996.05,""bmp280_address"":""0x76""}"
2026-09-20T22:54:08.489,2026-09-20 00:00:00,1789908848489,sensor_data,Sensor_A,1623979917,201,2753344365,1001897,True,23.18,,996.59,,"{""type"":""sensor_data"",""sensor_name"":""Sensor_A"",""node_id"":1623979917,""sequence"":201,""mesh_time_us"":2753344365,""uptime_ms"":1001897,""bmp280_connected"":true,""temperature_c"":23.18,""pressure_hpa"":996.59,""bmp280_address"":""0x76""}"
2026-09-20T22:54:10.507,2026-09-20 00:00:00,1789908850507,sensor_data,Sensor_B,1611764737,63922,2755655790,319607784,True,26.5,,996.17,,"{""type"":""sensor_data"",""sensor_name"":""Sensor_B"",""node_id"":1611764737,""sequence"":63922,""mesh_time_us"":2755655790,""uptime_ms"":319607784,""bmp280_connected"":true,""temperature_c"":26.50,""pressure_hpa"":996.17,""bmp280_address"":""0x76""}"
2026-09-20T22:54:11.971,2026-09-20 00:00:00,1789908851971,sensor_data,Sensor_D,1549410049,15,2756900493,71896,True,23.88,,996.07,,"{""type"":""sensor_data"",""sensor_name"":""Sensor_D"",""node_id"":1549410049,""sequence"":15,""mesh_time_us"":2756900493,""uptime_ms"":71896,""bmp280_connected"":true,""temperature_c"":23.88,""pressure_hpa"":996.07,""bmp280_address"":""0x76""}"
2026-09-20T22:54:13.307,2026-09-20 00:00:00,1789908853307,sensor_data,Sensor_A,1623979917,202,2758344330,1006897,True,23.19,,996.6,,"{""type"":""sensor_data"",""sensor_name"":""Sensor_A"",""node_id"":1623979917,""sequence"":202,""mesh_time_us"":2758344330,""uptime_ms"":1006897,""bmp280_connected"":true,""temperature_c"":23.19,""pressure_hpa"":996.60,""bmp280_address"":""0x76""}"
2026-09-20T22:54:15.505,2026-09-20 00:00:00,1789908855505,sensor_data,Sensor_B,1611764737,63923,2760655786,319612784,True,26.49,,996.17,,"{""type"":""sensor_data"",""sensor_name"":""Sensor_B"",""node_id"":1611764737,""sequence"":63923,""mesh_time_us"":2760655786,""uptime_ms"":319612784,""bmp280_connected"":true,""temperature_c"":26.49,""pressure_hpa"":996.17,""bmp280_address"":""0x76""}"
2026-09-20T22:54:16.788,2026-09-20 00:00:00,1789908856788,sensor_data,Sensor_D,1549410049,16,2761900487,76896,True,23.88,,996.07,,"{""type"":""sensor_data"",""sensor_name"":""Sensor_D"",""node_id"":1549410049,""sequence"":16,""mesh_time_us"":2761900487,""uptime_ms"":76896,""bmp280_connected"":true,""temperature_c"":23.88,""pressure_hpa"":996.07,""bmp280_address"":""0x76""}"
2026-09-20T22:54:18.424,2026-09-20 00:00:00,1789908858424,sensor_data,Sensor_A,1623979917,203,2763344311,1011897,True,23.18,,996.61,,"{""type"":""sensor_data"",""sensor_name"":""Sensor_A"",""node_id"":1623979917,""sequence"":203,""mesh_time_us"":2763344311,""uptime_ms"":1011897,""bmp280_connected"":true,""temperature_c"":23.18,""pressure_hpa"":996.61,""bmp280_address"":""0x76""}"
2026-09-20T22:54:20.508,2026-09-20 00:00:00,1789908860508,sensor_data,Sensor_B,1611764737,63924,2765655808,319617784,True,26.5,,996.19,,"{""type"":""sensor_data"",""sensor_name"":""Sensor_B"",""node_id"":1611764737,""sequence"":63924,""mesh_time_us"":2765655808,""uptime_ms"":319617784,""bmp280_connected"":true,""temperature_c"":26.50,""pressure_hpa"":996.19,""bmp280_address"":""0x76""}"
2026-09-20T22:54:21.900,2026-09-20 00:00:00,1789908861900,sensor_data,Sensor_D,1549410049,17,2766900494,81896,True,23.88,,996.09,,"{""type"":""sensor_data"",""sensor_name"":""Sensor_D"",""node_id"":1549410049,""sequence"":17,""mesh_time_us"":2766900494,""uptime_ms"":81896,""bmp280_connected"":true,""temperature_c"":23.88,""pressure_hpa"":996.09,""bmp280_address"":""0x76""}"
2026-09-20T22:54:23.339,2026-09-20 00:00:00,1789908863339,sensor_data,Sensor_A,1623979917,204,2768344359,1016897,True,23.18,,996.63,,"{""type"":""sensor_data"",""sensor_name"":""Sensor_A"",""node_id"":1623979917,""sequence"":204,""mesh_time_us"":2768344359,""uptime_ms"":1016897,""bmp280_connected"":true,""temperature_c"":23.18,""pressure_hpa"":996.63,""bmp280_address"":""0x76""}"
2026-09-20T22:54:25.506,2026-09-20 00:00:00,1789908865506,sensor_data,Sensor_B,1611764737,63925,2770655104,319622784,True,26.5,,996.21,,"{""type"":""sensor_data"",""sensor_name"":""Sensor_B"",""node_id"":1611764737,""sequence"":63925,""mesh_time_us"":2770655104,""uptime_ms"":319622784,""bmp280_connected"":true,""temperature_c"":26.50,""pressure_hpa"":996.21,""bmp280_address"":""0x76""}"
2026-09-20T22:54:26.821,2026-09-20 00:00:00,1789908866821,sensor_data,Sensor_D,1549410049,18,2771900523,86896,True,23.87,,996.1,,"{""type"":""sensor_data"",""sensor_name"":""Sensor_D"",""node_id"":1549410049,""sequence"":18,""mesh_time_us"":2771900523,""uptime_ms"":86896,""bmp280_connected"":true,""temperature_c"":23.87,""pressure_hpa"":996.10,""bmp280_address"":""0x76""}"
2026-09-20T22:54:28.258,2026-09-20 00:00:00,1789908868258,sensor_data,Sensor_A,1623979917,205,2773344355,1021897,True,23.18,,996.65,,"{""type"":""sensor_data"",""sensor_name"":""Sensor_A"",""node_id"":1623979917,""sequence"":205,""mesh_time_us"":2773344355,""uptime_ms"":1021897,""bmp280_connected"":true,""temperature_c"":23.18,""pressure_hpa"":996.65,""bmp280_address"":""0x76""}"
2026-09-20T22:54:30.505,2026-09-20 00:00:00,1789908870505,sensor_data,Sensor_B,1611764737,63926,2775655092,319627784,True,26.5,,996.21,,"{""type"":""sensor_data"",""sensor_name"":""Sensor_B"",""node_id"":1611764737,""sequence"":63926,""mesh_time_us"":2775655092,""uptime_ms"":319627784,""bmp280_connected"":true,""temperature_c"":26.50,""pressure_hpa"":996.21,""bmp280_address"":""0x76""}"
2026-09-20T22:54:31.941,2026-09-20 00:00:00,1789908871941,sensor_data,Sensor_D,1549410049,19,2776900485,91896,True,23.87,,996.11,,"{""type"":""sensor_data"",""sensor_name"":""Sensor_D"",""node_id"":1549410049,""sequence"":19,""mesh_time_us"":2776900485,""uptime_ms"":91896,""bmp280_connected"":true,""temperature_c"":23.87,""pressure_hpa"":996.11,""bmp280_address"":""0x76""}"
2026-09-20T22:54:33.273,2026-09-20 00:00:00,1789908873273,sensor_data,Sensor_A,1623979917,206,2778344334,1026897,True,23.18,,996.67,,"{""type"":""sensor_data"",""sensor_name"":""Sensor_A"",""node_id"":1623979917,""sequence"":206,""mesh_time_us"":2778344334,""uptime_ms"":1026897,""bmp280_connected"":true,""temperature_c"":23.18,""pressure_hpa"":996.67,""bmp280_address"":""0x76""}"
2026-09-20T22:54:35.521,2026-09-20 00:00:00,1789908875521,sensor_data,Sensor_B,1611764737,63927,2780655138,319632784,True,26.48,,996.2,,"{""type"":""sensor_data"",""sensor_name"":""Sensor_B"",""node_id"":1611764737,""sequence"":63927,""mesh_time_us"":2780655138,""uptime_ms"":319632784,""bmp280_connected"":true,""temperature_c"":26.48,""pressure_hpa"":996.20,""bmp280_address"":""0x76""}"
2026-09-20T22:54:36.853,2026-09-20 00:00:00,1789908876853,sensor_data,Sensor_D,1549410049,20,2781900495,96896,True,23.86,,996.11,,"{""type"":""sensor_data"",""sensor_name"":""Sensor_D"",""node_id"":1549410049,""sequence"":20,""mesh_time_us"":2781900495,""uptime_ms"":96896,""bmp280_connected"":true,""temperature_c"":23.86,""pressure_hpa"":996.11,""bmp280_address"":""0x76""}"
2026-09-20T22:54:38.293,2026-09-20 00:00:00,1789908878293,sensor_data,Sensor_A,1623979917,207,2783344319,1031897,True,23.13,,996.62,,"{""type"":""sensor_data"",""sensor_name"":""Sensor_A"",""node_id"":1623979917,""sequence"":207,""mesh_time_us"":2783344319,""uptime_ms"":1031897,""bmp280_connected"":true,""temperature_c"":23.13,""pressure_hpa"":996.62,""bmp280_address"":""0x76""}"
2026-09-20T22:54:40.505,2026-09-20 00:00:00,1789908880505,sensor_data,Sensor_B,1611764737,63928,2785655074,319637784,True,26.49,,996.22,,"{""type"":""sensor_data"",""sensor_name"":""Sensor_B"",""node_id"":1611764737,""sequence"":63928,""mesh_time_us"":2785655074,""uptime_ms"":319637784,""bmp280_connected"":true,""temperature_c"":26.49,""pressure_hpa"":996.22,""bmp280_address"":""0x76""}"
2026-09-20T22:54:41.767,2026-09-20 00:00:00,1789908881767,sensor_data,Sensor_D,1549410049,21,2786900484,101896,True,23.85,,996.13,,"{""type"":""sensor_data"",""sensor_name"":""Sensor_D"",""node_id"":1549410049,""sequence"":21,""mesh_time_us"":2786900484,""uptime_ms"":101896,""bmp280_connected"":true,""temperature_c"":23.85,""pressure_hpa"":996.13,""bmp280_address"":""0x76""}"
2026-09-20T22:54:43.406,2026-09-20 00:00:00,1789908883406,sensor_data,Sensor_A,1623979917,208,2788344301,1036897,True,23.14,,996.67,,"{""type"":""sensor_data"",""sensor_name"":""Sensor_A"",""node_id"":1623979917,""sequence"":208,""mesh_time_us"":2788344301,""uptime_ms"":1036897,""bmp280_connected"":true,""temperature_c"":23.14,""pressure_hpa"":996.67,""bmp280_address"":""0x76""}"
2026-09-20T22:54:45.510,2026-09-20 00:00:00,1789908885510,sensor_data,Sensor_B,1611764737,63929,2790655105,319642784,True,26.49,,996.24,,"{""type"":""sensor_data"",""sensor_name"":""Sensor_B"",""node_id"":1611764737,""sequence"":63929,""mesh_time_us"":2790655105,""uptime_ms"":319642784,""bmp280_connected"":true,""temperature_c"":26.49,""pressure_hpa"":996.24,""bmp280_address"":""0x76""}"
2026-09-20T22:54:46.889,2026-09-20 00:00:00,1789908886889,sensor_data,Sensor_D,1549410049,22,2791900486,106896,True,23.85,,996.14,,"{""type"":""sensor_data"",""sensor_name"":""Sensor_D"",""node_id"":1549410049,""sequence"":22,""mesh_time_us"":2791900486,""uptime_ms"":106896,""bmp280_connected"":true,""temperature_c"":23.85,""pressure_hpa"":996.14,""bmp280_address"":""0x76""}"
2026-09-20T22:54:48.424,2026-09-20 00:00:00,1789908888424,sensor_data,Sensor_A,1623979917,209,2793344351,1041897,True,23.1,,996.65,,"{""type"":""sensor_data"",""sensor_name"":""Sensor_A"",""node_id"":1623979917,""sequence"":209,""mesh_time_us"":2793344351,""uptime_ms"":1041897,""bmp280_connected"":true,""temperature_c"":23.10,""pressure_hpa"":996.65,""bmp280_address"":""0x76""}"
2026-09-20T22:54:50.505,2026-09-20 00:00:00,1789908890505,sensor_data,Sensor_B,1611764737,63930,2795655059,319647784,True,26.49,,996.25,,"{""type"":""sensor_data"",""sensor_name"":""Sensor_B"",""node_id"":1611764737,""sequence"":63930,""mesh_time_us"":2795655059,""uptime_ms"":319647784,""bmp280_connected"":true,""temperature_c"":26.49,""pressure_hpa"":996.25,""bmp280_address"":""0x76""}"
2026-09-20T22:54:51.802,2026-09-20 00:00:00,1789908891802,sensor_data,Sensor_D,1549410049,23,2796900498,111896,True,23.85,,996.17,,"{""type"":""sensor_data"",""sensor_name"":""Sensor_D"",""node_id"":1549410049,""sequence"":23,""mesh_time_us"":2796900498,""uptime_ms"":111896,""bmp280_connected"":true,""temperature_c"":23.85,""pressure_hpa"":996.17,""bmp280_address"":""0x76""}"
2026-09-20T22:54:53.442,2026-09-20 00:00:00,1789908893442,sensor_data,Sensor_A,1623979917,210,2798344299,1046897,True,23.08,,996.64,,"{""type"":""sensor_data"",""sensor_name"":""Sensor_A"",""node_id"":1623979917,""sequence"":210,""mesh_time_us"":2798344299,""uptime_ms"":1046897,""bmp280_connected"":true,""temperature_c"":23.08,""pressure_hpa"":996.64,""bmp280_address"":""0x76""}"
2026-09-20T22:54:55.519,2026-09-20 00:00:00,1789908895519,sensor_data,Sensor_B,1611764737,63931,2800655132,319652784,True,26.51,,996.28,,"{""type"":""sensor_data"",""sensor_name"":""Sensor_B"",""node_id"":1611764737,""sequence"":63931,""mesh_time_us"":2800655132,""uptime_ms"":319652784,""bmp280_connected"":true,""temperature_c"":26.51,""pressure_hpa"":996.28,""bmp280_address"":""0x76""}"
2026-09-20T22:54:56.924,2026-09-20 00:00:00,1789908896924,sensor_data,Sensor_D,1549410049,24,2801900523,116896,True,23.84,,996.18,,"{""type"":""sensor_data"",""sensor_name"":""Sensor_D"",""node_id"":1549410049,""sequence"":24,""mesh_time_us"":2801900523,""uptime_ms"":116896,""bmp280_connected"":true,""temperature_c"":23.84,""pressure_hpa"":996.18,""bmp280_address"":""0x76""}"
2026-09-20T22:54:58.359,2026-09-20 00:00:00,1789908898359,sensor_data,Sensor_A,1623979917,211,2803344321,1051897,True,23.11,,996.7,,"{""type"":""sensor_data"",""sensor_name"":""Sensor_A"",""node_id"":1623979917,""sequence"":211,""mesh_time_us"":2803344321,""uptime_ms"":1051897,""bmp280_connected"":true,""temperature_c"":23.11,""pressure_hpa"":996.70,""bmp280_address"":""0x76""}"
2026-09-20T22:55:00.509,2026-09-20 00:00:00,1789908900509,sensor_data,Sensor_B,1611764737,63932,2805655125,319657784,True,26.54,,996.31,,"{""type"":""sensor_data"",""sensor_name"":""Sensor_B"",""node_id"":1611764737,""sequence"":63932,""mesh_time_us"":2805655125,""uptime_ms"":319657784,""bmp280_connected"":true,""temperature_c"":26.54,""pressure_hpa"":996.31,""bmp280_address"":""0x76""}"
2026-09-20T22:55:01.840,2026-09-20 00:00:00,1789908901840,sensor_data,Sensor_D,1549410049,25,2806900490,121896,True,23.83,,996.21,,"{""type"":""sensor_data"",""sensor_name"":""Sensor_D"",""node_id"":1549410049,""sequence"":25,""mesh_time_us"":2806900490,""uptime_ms"":121896,""bmp280_connected"":true,""temperature_c"":23.83,""pressure_hpa"":996.21,""bmp280_address"":""0x76""}"
2026-09-20T22:55:03.276,2026-09-20 00:00:00,1789908903276,sensor_data,Sensor_A,1623979917,212,2808344349,1056897,True,23.1,,996.7,,"{""type"":""sensor_data"",""sensor_name"":""Sensor_A"",""node_id"":1623979917,""sequence"":212,""mesh_time_us"":2808344349,""uptime_ms"":1056897,""bmp280_connected"":true,""temperature_c"":23.10,""pressure_hpa"":996.70,""bmp280_address"":""0x76""}"
2026-09-20T22:55:05.515,2026-09-20 00:00:00,1789908905515,sensor_data,Sensor_B,1611764737,63933,2810655111,319662784,True,26.55,,996.33,,"{""type"":""sensor_data"",""sensor_name"":""Sensor_B"",""node_id"":1611764737,""sequence"":63933,""mesh_time_us"":2810655111,""uptime_ms"":319662784,""bmp280_connected"":true,""temperature_c"":26.55,""pressure_hpa"":996.33,""bmp280_address"":""0x76""}"
2026-09-20T22:55:06.867,2026-09-20 00:00:00,1789908906867,sensor_data,Sensor_D,1549410049,26,2811900556,126896,True,23.83,,996.22,,"{""type"":""sensor_data"",""sensor_name"":""Sensor_D"",""node_id"":1549410049,""sequence"":26,""mesh_time_us"":2811900556,""uptime_ms"":126896,""bmp280_connected"":true,""temperature_c"":23.83,""pressure_hpa"":996.22,""bmp280_address"":""0x76""}"
2026-09-20T22:55:08.238,2026-09-20 00:00:00,1789908908238,sensor_data,Sensor_A,1623979917,213,2813353680,1061897,True,23.08,,996.7,,"{""type"":""sensor_data"",""sensor_name"":""Sensor_A"",""node_id"":1623979917,""sequence"":213,""mesh_time_us"":2813353680,""uptime_ms"":1061897,""bmp280_connected"":true,""temperature_c"":23.08,""pressure_hpa"":996.70,""bmp280_address"":""0x76""}"
2026-09-20T22:55:10.506,2026-09-20 00:00:00,1789908910506,sensor_data,Sensor_B,1611764737,63934,2815655123,319667784,True,26.54,,996.33,,"{""type"":""sensor_data"",""sensor_name"":""Sensor_B"",""node_id"":1611764737,""sequence"":63934,""mesh_time_us"":2815655123,""uptime_ms"":319667784,""bmp280_connected"":true,""temperature_c"":26.54,""pressure_hpa"":996.33,""bmp280_address"":""0x76""}"
2026-09-20T22:55:11.871,2026-09-20 00:00:00,1789908911871,sensor_data,Sensor_D,1549410049,27,2816900074,131896,True,23.83,,996.25,,"{""type"":""sensor_data"",""sensor_name"":""Sensor_D"",""node_id"":1549410049,""sequence"":27,""mesh_time_us"":2816900074,""uptime_ms"":131896,""bmp280_connected"":true,""temperature_c"":23.83,""pressure_hpa"":996.25,""bmp280_address"":""0x76""}"
2026-09-20T22:55:13.307,2026-09-20 00:00:00,1789908913307,sensor_data,Sensor_A,1623979917,214,2818343460,1066897,True,23.1,,996.77,,"{""type"":""sensor_data"",""sensor_name"":""Sensor_A"",""node_id"":1623979917,""sequence"":214,""mesh_time_us"":2818343460,""uptime_ms"":1066897,""bmp280_connected"":true,""temperature_c"":23.10,""pressure_hpa"":996.77,""bmp280_address"":""0x76""}"
2026-09-20T22:55:15.511,2026-09-20 00:00:00,1789908915511,sensor_data,Sensor_B,1611764737,63935,2820655095,319672784,True,26.55,,996.37,,"{""type"":""sensor_data"",""sensor_name"":""Sensor_B"",""node_id"":1611764737,""sequence"":63935,""mesh_time_us"":2820655095,""uptime_ms"":319672784,""bmp280_connected"":true,""temperature_c"":26.55,""pressure_hpa"":996.37,""bmp280_address"":""0x76""}"
2026-09-20T22:55:16.790,2026-09-20 00:00:00,1789908916790,sensor_data,Sensor_D,1549410049,28,2821900068,136896,True,23.81,,996.27,,"{""type"":""sensor_data"",""sensor_name"":""Sensor_D"",""node_id"":1549410049,""sequence"":28,""mesh_time_us"":2821900068,""uptime_ms"":136896,""bmp280_connected"":true,""temperature_c"":23.81,""pressure_hpa"":996.27,""bmp280_address"":""0x76""}"
2026-09-20T22:55:18.427,2026-09-20 00:00:00,1789908918427,sensor_data,Sensor_A,1623979917,215,2823343479,1071897,True,23.07,,996.77,,"{""type"":""sensor_data"",""sensor_name"":""Sensor_A"",""node_id"":1623979917,""sequence"":215,""mesh_time_us"":2823343479,""uptime_ms"":1071897,""bmp280_connected"":true,""temperature_c"":23.07,""pressure_hpa"":996.77,""bmp280_address"":""0x76""}"
2026-09-20T22:55:20.506,2026-09-20 00:00:00,1789908920506,sensor_data,Sensor_B,1611764737,63936,2825655088,319677784,True,26.54,,996.38,,"{""type"":""sensor_data"",""sensor_name"":""Sensor_B"",""node_id"":1611764737,""sequence"":63936,""mesh_time_us"":2825655088,""uptime_ms"":319677784,""bmp280_connected"":true,""temperature_c"":26.54,""pressure_hpa"":996.38,""bmp280_address"":""0x76""}"
2026-09-20T22:55:21.909,2026-09-20 00:00:00,1789908921909,sensor_data,Sensor_D,1549410049,29,2826900075,141896,True,23.81,,996.29,,"{""type"":""sensor_data"",""sensor_name"":""Sensor_D"",""node_id"":1549410049,""sequence"":29,""mesh_time_us"":2826900075,""uptime_ms"":141896,""bmp280_connected"":true,""temperature_c"":23.81,""pressure_hpa"":996.29,""bmp280_address"":""0x76""}"
2026-09-20T22:55:23.343,2026-09-20 00:00:00,1789908923343,sensor_data,Sensor_A,1623979917,216,2828343430,1076897,True,23.04,,996.8,,"{""type"":""sensor_data"",""sensor_name"":""Sensor_A"",""node_id"":1623979917,""sequence"":216,""mesh_time_us"":2828343430,""uptime_ms"":1076897,""bmp280_connected"":true,""temperature_c"":23.04,""pressure_hpa"":996.80,""bmp280_address"":""0x76""}"
2026-09-20T22:55:25.506,2026-09-20 00:00:00,1789908925506,sensor_data,Sensor_B,1611764737,63937,2830658839,319682784,True,26.53,,996.4,,"{""type"":""sensor_data"",""sensor_name"":""Sensor_B"",""node_id"":1611764737,""sequence"":63937,""mesh_time_us"":2830658839,""uptime_ms"":319682784,""bmp280_connected"":true,""temperature_c"":26.53,""pressure_hpa"":996.40,""bmp280_address"":""0x76""}"
2026-09-20T22:55:26.824,2026-09-20 00:00:00,1789908926824,sensor_data,Sensor_D,1549410049,30,2831900062,146896,True,23.8,,996.3,,"{""type"":""sensor_data"",""sensor_name"":""Sensor_D"",""node_id"":1549410049,""sequence"":30,""mesh_time_us"":2831900062,""uptime_ms"":146896,""bmp280_connected"":true,""temperature_c"":23.80,""pressure_hpa"":996.30,""bmp280_address"":""0x76""}"
2026-09-20T22:55:28.262,2026-09-20 00:00:00,1789908928262,sensor_data,Sensor_A,1623979917,217,2833343412,1081897,True,23.07,,996.84,,"{""type"":""sensor_data"",""sensor_name"":""Sensor_A"",""node_id"":1623979917,""sequence"":217,""mesh_time_us"":2833343412,""uptime_ms"":1081897,""bmp280_connected"":true,""temperature_c"":23.07,""pressure_hpa"":996.84,""bmp280_address"":""0x76""}"
2026-09-20T22:55:30.506,2026-09-20 00:00:00,1789908930506,sensor_data,Sensor_B,1611764737,63938,2835658810,319687784,True,26.53,,996.37,,"{""type"":""sensor_data"",""sensor_name"":""Sensor_B"",""node_id"":1611764737,""sequence"":63938,""mesh_time_us"":2835658810,""uptime_ms"":319687784,""bmp280_connected"":true,""temperature_c"":26.53,""pressure_hpa"":996.37,""bmp280_address"":""0x76""}"
2026-09-20T22:55:31.952,2026-09-20 00:00:00,1789908931952,sensor_data,Sensor_D,1549410049,31,2836900064,151896,True,23.8,,996.25,,"{""type"":""sensor_data"",""sensor_name"":""Sensor_D"",""node_id"":1549410049,""sequence"":31,""mesh_time_us"":2836900064,""uptime_ms"":151896,""bmp280_connected"":true,""temperature_c"":23.80,""pressure_hpa"":996.25,""bmp280_address"":""0x76""}"
2026-09-20T22:55:33.378,2026-09-20 00:00:00,1789908933378,sensor_data,Sensor_A,1623979917,218,2838343441,1086897,True,23.06,,996.77,,"{""type"":""sensor_data"",""sensor_name"":""Sensor_A"",""node_id"":1623979917,""sequence"":218,""mesh_time_us"":2838343441,""uptime_ms"":1086897,""bmp280_connected"":true,""temperature_c"":23.06,""pressure_hpa"":996.77,""bmp280_address"":""0x76""}"
2026-09-20T22:55:35.512,2026-09-20 00:00:00,1789908935512,sensor_data,Sensor_B,1611764737,63939,2840658831,319692784,True,26.53,,996.33,,"{""type"":""sensor_data"",""sensor_name"":""Sensor_B"",""node_id"":1611764737,""sequence"":63939,""mesh_time_us"":2840658831,""uptime_ms"":319692784,""bmp280_connected"":true,""temperature_c"":26.53,""pressure_hpa"":996.33,""bmp280_address"":""0x76""}"
2026-09-20T22:55:36.860,2026-09-20 00:00:00,1789908936860,sensor_data,Sensor_D,1549410049,32,2841900074,156896,True,23.79,,996.21,,"{""type"":""sensor_data"",""sensor_name"":""Sensor_D"",""node_id"":1549410049,""sequence"":32,""mesh_time_us"":2841900074,""uptime_ms"":156896,""bmp280_connected"":true,""temperature_c"":23.79,""pressure_hpa"":996.21,""bmp280_address"":""0x76""}"
2026-09-20T22:55:38.296,2026-09-20 00:00:00,1789908938296,sensor_data,Sensor_A,1623979917,219,2843343403,1091897,True,23.04,,996.7,,"{""type"":""sensor_data"",""sensor_name"":""Sensor_A"",""node_id"":1623979917,""sequence"":219,""mesh_time_us"":2843343403,""uptime_ms"":1091897,""bmp280_connected"":true,""temperature_c"":23.04,""pressure_hpa"":996.70,""bmp280_address"":""0x76""}"
2026-09-20T22:55:40.506,2026-09-20 00:00:00,1789908940506,sensor_data,Sensor_B,1611764737,63940,2845658818,319697784,True,26.52,,996.29,,"{""type"":""sensor_data"",""sensor_name"":""Sensor_B"",""node_id"":1611764737,""sequence"":63940,""mesh_time_us"":2845658818,""uptime_ms"":319697784,""bmp280_connected"":true,""temperature_c"":26.52,""pressure_hpa"":996.29,""bmp280_address"":""0x76""}"
2026-09-20T22:55:41.774,2026-09-20 00:00:00,1789908941774,sensor_data,Sensor_D,1549410049,33,2846900065,161896,True,23.79,,996.15,,"{""type"":""sensor_data"",""sensor_name"":""Sensor_D"",""node_id"":1549410049,""sequence"":33,""mesh_time_us"":2846900065,""uptime_ms"":161896,""bmp280_connected"":true,""temperature_c"":23.79,""pressure_hpa"":996.15,""bmp280_address"":""0x76""}"
2026-09-20T22:55:43.413,2026-09-20 00:00:00,1789908943413,sensor_data,Sensor_A,1623979917,220,2848343460,1096897,True,23.02,,996.58,,"{""type"":""sensor_data"",""sensor_name"":""Sensor_A"",""node_id"":1623979917,""sequence"":220,""mesh_time_us"":2848343460,""uptime_ms"":1096897,""bmp280_connected"":true,""temperature_c"":23.02,""pressure_hpa"":996.58,""bmp280_address"":""0x76""}"
2026-09-20T22:55:45.506,2026-09-20 00:00:00,1789908945506,sensor_data,Sensor_B,1611764737,63941,2850658803,319702784,True,26.51,,996.22,,"{""type"":""sensor_data"",""sensor_name"":""Sensor_B"",""node_id"":1611764737,""sequence"":63941,""mesh_time_us"":2850658803,""uptime_ms"":319702784,""bmp280_connected"":true,""temperature_c"":26.51,""pressure_hpa"":996.22,""bmp280_address"":""0x76""}"
2026-09-20T22:55:46.894,2026-09-20 00:00:00,1789908946894,sensor_data,Sensor_D,1549410049,34,2851900065,166896,True,23.79,,996.08,,"{""type"":""sensor_data"",""sensor_name"":""Sensor_D"",""node_id"":1549410049,""sequence"":34,""mesh_time_us"":2851900065,""uptime_ms"":166896,""bmp280_connected"":true,""temperature_c"":23.79,""pressure_hpa"":996.08,""bmp280_address"":""0x76""}"
2026-09-20T22:55:48.329,2026-09-20 00:00:00,1789908948329,sensor_data,Sensor_A,1623979917,221,2853343420,1101897,True,23,,996.49,,"{""type"":""sensor_data"",""sensor_name"":""Sensor_A"",""node_id"":1623979917,""sequence"":221,""mesh_time_us"":2853343420,""uptime_ms"":1101897,""bmp280_connected"":true,""temperature_c"":23.00,""pressure_hpa"":996.49,""bmp280_address"":""0x76""}"
2026-09-20T22:55:50.509,2026-09-20 00:00:00,1789908950509,sensor_data,Sensor_B,1611764737,63942,2855658789,319707784,True,26.5,,996.17,,"{""type"":""sensor_data"",""sensor_name"":""Sensor_B"",""node_id"":1611764737,""sequence"":63942,""mesh_time_us"":2855658789,""uptime_ms"":319707784,""bmp280_connected"":true,""temperature_c"":26.50,""pressure_hpa"":996.17,""bmp280_address"":""0x76""}"
2026-09-20T22:55:51.810,2026-09-20 00:00:00,1789908951810,sensor_data,Sensor_D,1549410049,35,2856900067,171896,True,23.78,,996.04,,"{""type"":""sensor_data"",""sensor_name"":""Sensor_D"",""node_id"":1549410049,""sequence"":35,""mesh_time_us"":2856900067,""uptime_ms"":171896,""bmp280_connected"":true,""temperature_c"":23.78,""pressure_hpa"":996.04,""bmp280_address"":""0x76""}"
2026-09-20T22:55:53.264,2026-09-20 00:00:00,1789908953264,sensor_data,Sensor_A,1623979917,222,2858343413,1106897,True,22.96,,996.44,,"{""type"":""sensor_data"",""sensor_name"":""Sensor_A"",""node_id"":1623979917,""sequence"":222,""mesh_time_us"":2858343413,""uptime_ms"":1106897,""bmp280_connected"":true,""temperature_c"":22.96,""pressure_hpa"":996.44,""bmp280_address"":""0x76""}"
2026-09-20T22:55:55.507,2026-09-20 00:00:00,1789908955507,sensor_data,Sensor_B,1611764737,63943,2860658798,319712784,True,26.48,,996.16,,"{""type"":""sensor_data"",""sensor_name"":""Sensor_B"",""node_id"":1611764737,""sequence"":63943,""mesh_time_us"":2860658798,""uptime_ms"":319712784,""bmp280_connected"":true,""temperature_c"":26.48,""pressure_hpa"":996.16,""bmp280_address"":""0x76""}"
2026-09-20T22:55:56.930,2026-09-20 00:00:00,1789908956930,sensor_data,Sensor_D,1549410049,36,2861900075,176896,True,23.78,,996.05,,"{""type"":""sensor_data"",""sensor_name"":""Sensor_D"",""node_id"":1549410049,""sequence"":36,""mesh_time_us"":2861900075,""uptime_ms"":176896,""bmp280_connected"":true,""temperature_c"":23.78,""pressure_hpa"":996.05,""bmp280_address"":""0x76""}"
2026-09-20T22:55:58.365,2026-09-20 00:00:00,1789908958365,sensor_data,Sensor_A,1623979917,223,2863343453,1111897,True,22.98,,996.47,,"{""type"":""sensor_data"",""sensor_name"":""Sensor_A"",""node_id"":1623979917,""sequence"":223,""mesh_time_us"":2863343453,""uptime_ms"":1111897,""bmp280_connected"":true,""temperature_c"":22.98,""pressure_hpa"":996.47,""bmp280_address"":""0x76""}"
2026-09-20T22:56:00.510,2026-09-20 00:00:00,1789908960510,sensor_data,Sensor_B,1611764737,63944,2865658786,319717784,True,26.48,,996.18,,"{""type"":""sensor_data"",""sensor_name"":""Sensor_B"",""node_id"":1611764737,""sequence"":63944,""mesh_time_us"":2865658786,""uptime_ms"":319717784,""bmp280_connected"":true,""temperature_c"":26.48,""pressure_hpa"":996.18,""bmp280_address"":""0x76""}"
2026-09-20T22:56:01.846,2026-09-20 00:00:00,1789908961846,sensor_data,Sensor_D,1549410049,37,2866900063,181896,True,23.78,,996.07,,"{""type"":""sensor_data"",""sensor_name"":""Sensor_D"",""node_id"":1549410049,""sequence"":37,""mesh_time_us"":2866900063,""uptime_ms"":181896,""bmp280_connected"":true,""temperature_c"":23.78,""pressure_hpa"":996.07,""bmp280_address"":""0x76""}"
2026-09-20T22:56:03.286,2026-09-20 00:00:00,1789908963286,sensor_data,Sensor_A,1623979917,224,2868343460,1116897,True,23.01,,996.53,,"{""type"":""sensor_data"",""sensor_name"":""Sensor_A"",""node_id"":1623979917,""sequence"":224,""mesh_time_us"":2868343460,""uptime_ms"":1116897,""bmp280_connected"":true,""temperature_c"":23.01,""pressure_hpa"":996.53,""bmp280_address"":""0x76""}"
2026-09-20T22:56:05.514,2026-09-20 00:00:00,1789908965514,sensor_data,Sensor_B,1611764737,63945,2870658762,319722784,True,26.47,,996.19,,"{""type"":""sensor_data"",""sensor_name"":""Sensor_B"",""node_id"":1611764737,""sequence"":63945,""mesh_time_us"":2870658762,""uptime_ms"":319722784,""bmp280_connected"":true,""temperature_c"":26.47,""pressure_hpa"":996.19,""bmp280_address"":""0x76""}"
2026-09-20T22:56:06.763,2026-09-20 00:00:00,1789908966763,sensor_data,Sensor_D,1549410049,38,2871900067,186896,True,23.78,,996.09,,"{""type"":""sensor_data"",""sensor_name"":""Sensor_D"",""node_id"":1549410049,""sequence"":38,""mesh_time_us"":2871900067,""uptime_ms"":186896,""bmp280_connected"":true,""temperature_c"":23.78,""pressure_hpa"":996.09,""bmp280_address"":""0x76""}"
2026-09-20T22:56:08.400,2026-09-20 00:00:00,1789908968400,sensor_data,Sensor_A,1623979917,225,2873343412,1121897,True,23.03,,996.59,,"{""type"":""sensor_data"",""sensor_name"":""Sensor_A"",""node_id"":1623979917,""sequence"":225,""mesh_time_us"":2873343412,""uptime_ms"":1121897,""bmp280_connected"":true,""temperature_c"":23.03,""pressure_hpa"":996.59,""bmp280_address"":""0x76""}"
2026-09-20T22:56:10.513,2026-09-20 00:00:00,1789908970513,sensor_data,Sensor_B,1611764737,63946,2875658785,319727784,True,26.47,,996.19,,"{""type"":""sensor_data"",""sensor_name"":""Sensor_B"",""node_id"":1611764737,""sequence"":63946,""mesh_time_us"":2875658785,""uptime_ms"":319727784,""bmp280_connected"":true,""temperature_c"":26.47,""pressure_hpa"":996.19,""bmp280_address"":""0x76""}"
2026-09-20T22:56:11.881,2026-09-20 00:00:00,1789908971881,sensor_data,Sensor_D,1549410049,39,2876898727,191896,True,23.77,,996.06,,"{""type"":""sensor_data"",""sensor_name"":""Sensor_D"",""node_id"":1549410049,""sequence"":39,""mesh_time_us"":2876898727,""uptime_ms"":191896,""bmp280_connected"":true,""temperature_c"":23.77,""pressure_hpa"":996.06,""bmp280_address"":""0x76""}"
2026-09-20T22:56:13.319,2026-09-20 00:00:00,1789908973319,sensor_data,Sensor_A,1623979917,226,2878350541,1126897,True,23.04,,996.6,,"{""type"":""sensor_data"",""sensor_name"":""Sensor_A"",""node_id"":1623979917,""sequence"":226,""mesh_time_us"":2878350541,""uptime_ms"":1126897,""bmp280_connected"":true,""temperature_c"":23.04,""pressure_hpa"":996.60,""bmp280_address"":""0x76""}"
2026-09-20T22:56:15.506,2026-09-20 00:00:00,1789908975506,sensor_data,Sensor_B,1611764737,63947,2880658782,319732784,True,26.47,,996.11,,"{""type"":""sensor_data"",""sensor_name"":""Sensor_B"",""node_id"":1611764737,""sequence"":63947,""mesh_time_us"":2880658782,""uptime_ms"":319732784,""bmp280_connected"":true,""temperature_c"":26.47,""pressure_hpa"":996.11,""bmp280_address"":""0x76""}"
2026-09-20T22:56:16.811,2026-09-20 00:00:00,1789908976811,sensor_data,Sensor_D,1549410049,40,2881898720,196896,True,23.77,,995.97,,"{""type"":""sensor_data"",""sensor_name"":""Sensor_D"",""node_id"":1549410049,""sequence"":40,""mesh_time_us"":2881898720,""uptime_ms"":196896,""bmp280_connected"":true,""temperature_c"":23.77,""pressure_hpa"":995.97,""bmp280_address"":""0x76""}"
2026-09-20T22:56:18.434,2026-09-20 00:00:00,1789908978434,sensor_data,Sensor_A,1623979917,227,2883350561,1131897,True,23.04,,996.61,,"{""type"":""sensor_data"",""sensor_name"":""Sensor_A"",""node_id"":1623979917,""sequence"":227,""mesh_time_us"":2883350561,""uptime_ms"":1131897,""bmp280_connected"":true,""temperature_c"":23.04,""pressure_hpa"":996.61,""bmp280_address"":""0x76""}"
2026-09-20T22:56:20.513,2026-09-20 00:00:00,1789908980513,sensor_data,Sensor_B,1611764737,63948,2885658854,319737784,True,26.47,,996.09,,"{""type"":""sensor_data"",""sensor_name"":""Sensor_B"",""node_id"":1611764737,""sequence"":63948,""mesh_time_us"":2885658854,""uptime_ms"":319737784,""bmp280_connected"":true,""temperature_c"":26.47,""pressure_hpa"":996.09,""bmp280_address"":""0x76""}"
2026-09-20T22:56:21.814,2026-09-20 00:00:00,1789908981814,sensor_data,Sensor_D,1549410049,41,2886898727,201896,True,23.76,,995.95,,"{""type"":""sensor_data"",""sensor_name"":""Sensor_D"",""node_id"":1549410049,""sequence"":41,""mesh_time_us"":2886898727,""uptime_ms"":201896,""bmp280_connected"":true,""temperature_c"":23.76,""pressure_hpa"":995.95,""bmp280_address"":""0x76""}"
2026-09-20T22:56:23.354,2026-09-20 00:00:00,1789908983354,sensor_data,Sensor_A,1623979917,228,2888350565,1136897,True,23.05,,996.6,,"{""type"":""sensor_data"",""sensor_name"":""Sensor_A"",""node_id"":1623979917,""sequence"":228,""mesh_time_us"":2888350565,""uptime_ms"":1136897,""bmp280_connected"":true,""temperature_c"":23.05,""pressure_hpa"":996.60,""bmp280_address"":""0x76""}"
2026-09-20T22:56:25.506,2026-09-20 00:00:00,1789908985506,sensor_data,Sensor_B,1611764737,63949,2890655113,319742784,True,26.47,,996.08,,"{""type"":""sensor_data"",""sensor_name"":""Sensor_B"",""node_id"":1611764737,""sequence"":63949,""mesh_time_us"":2890655113,""uptime_ms"":319742784,""bmp280_connected"":true,""temperature_c"":26.47,""pressure_hpa"":996.08,""bmp280_address"":""0x76""}"
2026-09-20T22:56:26.832,2026-09-20 00:00:00,1789908986832,sensor_data,Sensor_D,1549410049,42,2891898792,206896,True,23.76,,995.95,,"{""type"":""sensor_data"",""sensor_name"":""Sensor_D"",""node_id"":1549410049,""sequence"":42,""mesh_time_us"":2891898792,""uptime_ms"":206896,""bmp280_connected"":true,""temperature_c"":23.76,""pressure_hpa"":995.95,""bmp280_address"":""0x76""}"
2026-09-20T22:56:28.267,2026-09-20 00:00:00,1789908988267,sensor_data,Sensor_A,1623979917,229,2893350537,1141897,True,23.03,,996.55,,"{""type"":""sensor_data"",""sensor_name"":""Sensor_A"",""node_id"":1623979917,""sequence"":229,""mesh_time_us"":2893350537,""uptime_ms"":1141897,""bmp280_connected"":true,""temperature_c"":23.03,""pressure_hpa"":996.55,""bmp280_address"":""0x76""}"
2026-09-20T22:56:30.507,2026-09-20 00:00:00,1789908990507,sensor_data,Sensor_B,1611764737,63950,2895655130,319747784,True,26.48,,996.1,,"{""type"":""sensor_data"",""sensor_name"":""Sensor_B"",""node_id"":1611764737,""sequence"":63950,""mesh_time_us"":2895655130,""uptime_ms"":319747784,""bmp280_connected"":true,""temperature_c"":26.48,""pressure_hpa"":996.10,""bmp280_address"":""0x76""}"
2026-09-20T22:56:31.952,2026-09-20 00:00:00,1789908991952,sensor_data,Sensor_D,1549410049,43,2896898717,211896,True,23.76,,995.98,,"{""type"":""sensor_data"",""sensor_name"":""Sensor_D"",""node_id"":1549410049,""sequence"":43,""mesh_time_us"":2896898717,""uptime_ms"":211896,""bmp280_connected"":true,""temperature_c"":23.76,""pressure_hpa"":995.98,""bmp280_address"":""0x76""}"
2026-09-20T22:56:33.389,2026-09-20 00:00:00,1789908993389,sensor_data,Sensor_A,1623979917,230,2898350532,1146897,True,23,,996.5,,"{""type"":""sensor_data"",""sensor_name"":""Sensor_A"",""node_id"":1623979917,""sequence"":230,""mesh_time_us"":2898350532,""uptime_ms"":1146897,""bmp280_connected"":true,""temperature_c"":23.00,""pressure_hpa"":996.50,""bmp280_address"":""0x76""}"
2026-09-20T22:56:35.516,2026-09-20 00:00:00,1789908995516,sensor_data,Sensor_B,1611764737,63951,2900655114,319752784,True,26.47,,996.12,,"{""type"":""sensor_data"",""sensor_name"":""Sensor_B"",""node_id"":1611764737,""sequence"":63951,""mesh_time_us"":2900655114,""uptime_ms"":319752784,""bmp280_connected"":true,""temperature_c"":26.47,""pressure_hpa"":996.12,""bmp280_address"":""0x76""}"
2026-09-20T22:56:36.873,2026-09-20 00:00:00,1789908996873,sensor_data,Sensor_D,1549410049,44,2901898719,216896,True,23.75,,996,,"{""type"":""sensor_data"",""sensor_name"":""Sensor_D"",""node_id"":1549410049,""sequence"":44,""mesh_time_us"":2901898719,""uptime_ms"":216896,""bmp280_connected"":true,""temperature_c"":23.75,""pressure_hpa"":996.00,""bmp280_address"":""0x76""}"
2026-09-20T22:56:38.318,2026-09-20 00:00:00,1789908998318,sensor_data,Sensor_A,1623979917,231,2903350521,1151897,True,22.98,,996.48,,"{""type"":""sensor_data"",""sensor_name"":""Sensor_A"",""node_id"":1623979917,""sequence"":231,""mesh_time_us"":2903350521,""uptime_ms"":1151897,""bmp280_connected"":true,""temperature_c"":22.98,""pressure_hpa"":996.48,""bmp280_address"":""0x76""}"
2026-09-20T22:56:40.507,2026-09-20 00:00:00,1789909000507,sensor_data,Sensor_B,1611764737,63952,2905655128,319757784,True,26.46,,996.1,,"{""type"":""sensor_data"",""sensor_name"":""Sensor_B"",""node_id"":1611764737,""sequence"":63952,""mesh_time_us"":2905655128,""uptime_ms"":319757784,""bmp280_connected"":true,""temperature_c"":26.46,""pressure_hpa"":996.10,""bmp280_address"":""0x76""}"
2026-09-20T22:56:41.785,2026-09-20 00:00:00,1789909001785,sensor_data,Sensor_D,1549410049,45,2906898728,221896,True,23.75,,995.98,,"{""type"":""sensor_data"",""sensor_name"":""Sensor_D"",""node_id"":1549410049,""sequence"":45,""mesh_time_us"":2906898728,""uptime_ms"":221896,""bmp280_connected"":true,""temperature_c"":23.75,""pressure_hpa"":995.98,""bmp280_address"":""0x76""}"
2026-09-20T22:56:43.421,2026-09-20 00:00:00,1789909003421,sensor_data,Sensor_A,1623979917,232,2908350546,1156897,True,22.97,,996.44,,"{""type"":""sensor_data"",""sensor_name"":""Sensor_A"",""node_id"":1623979917,""sequence"":232,""mesh_time_us"":2908350546,""uptime_ms"":1156897,""bmp280_connected"":true,""temperature_c"":22.97,""pressure_hpa"":996.44,""bmp280_address"":""0x76""}"
2026-09-20T22:56:45.507,2026-09-20 00:00:00,1789909005507,sensor_data,Sensor_B,1611764737,63953,2910655130,319762784,True,26.46,,996.08,,"{""type"":""sensor_data"",""sensor_name"":""Sensor_B"",""node_id"":1611764737,""sequence"":63953,""mesh_time_us"":2910655130,""uptime_ms"":319762784,""bmp280_connected"":true,""temperature_c"":26.46,""pressure_hpa"":996.08,""bmp280_address"":""0x76""}"
2026-09-20T22:56:46.901,2026-09-20 00:00:00,1789909006901,sensor_data,Sensor_D,1549410049,46,2911898718,226896,True,23.75,,995.98,,"{""type"":""sensor_data"",""sensor_name"":""Sensor_D"",""node_id"":1549410049,""sequence"":46,""mesh_time_us"":2911898718,""uptime_ms"":226896,""bmp280_connected"":true,""temperature_c"":23.75,""pressure_hpa"":995.98,""bmp280_address"":""0x76""}"
2026-09-20T22:56:48.339,2026-09-20 00:00:00,1789909008339,sensor_data,Sensor_A,1623979917,233,2913350562,1161897,True,23,,996.45,,"{""type"":""sensor_data"",""sensor_name"":""Sensor_A"",""node_id"":1623979917,""sequence"":233,""mesh_time_us"":2913350562,""uptime_ms"":1161897,""bmp280_connected"":true,""temperature_c"":23.00,""pressure_hpa"":996.45,""bmp280_address"":""0x76""}"
2026-09-20T22:56:50.507,2026-09-20 00:00:00,1789909010507,sensor_data,Sensor_B,1611764737,63954,2915655079,319767784,True,26.46,,996.07,,"{""type"":""sensor_data"",""sensor_name"":""Sensor_B"",""node_id"":1611764737,""sequence"":63954,""mesh_time_us"":2915655079,""uptime_ms"":319767784,""bmp280_connected"":true,""temperature_c"":26.46,""pressure_hpa"":996.07,""bmp280_address"":""0x76""}"
2026-09-20T22:56:51.818,2026-09-20 00:00:00,1789909011818,sensor_data,Sensor_D,1549410049,47,2916898734,231896,True,23.74,,995.97,,"{""type"":""sensor_data"",""sensor_name"":""Sensor_D"",""node_id"":1549410049,""sequence"":47,""mesh_time_us"":2916898734,""uptime_ms"":231896,""bmp280_connected"":true,""temperature_c"":23.74,""pressure_hpa"":995.97,""bmp280_address"":""0x76""}"
2026-09-20T22:56:53.256,2026-09-20 00:00:00,1789909013256,sensor_data,Sensor_A,1623979917,234,2918350563,1166897,True,22.99,,996.41,,"{""type"":""sensor_data"",""sensor_name"":""Sensor_A"",""node_id"":1623979917,""sequence"":234,""mesh_time_us"":2918350563,""uptime_ms"":1166897,""bmp280_connected"":true,""temperature_c"":22.99,""pressure_hpa"":996.41,""bmp280_address"":""0x76""}"
2026-09-20T22:56:55.508,2026-09-20 00:00:00,1789909015508,sensor_data,Sensor_B,1611764737,63955,2920655146,319772784,True,26.46,,996.08,,"{""type"":""sensor_data"",""sensor_name"":""Sensor_B"",""node_id"":1611764737,""sequence"":63955,""mesh_time_us"":2920655146,""uptime_ms"":319772784,""bmp280_connected"":true,""temperature_c"":26.46,""pressure_hpa"":996.08,""bmp280_address"":""0x76""}"
2026-09-20T22:56:56.941,2026-09-20 00:00:00,1789909016941,sensor_data,Sensor_D,1549410049,48,2921898730,236896,True,23.74,,995.96,,"{""type"":""sensor_data"",""sensor_name"":""Sensor_D"",""node_id"":1549410049,""sequence"":48,""mesh_time_us"":2921898730,""uptime_ms"":236896,""bmp280_connected"":true,""temperature_c"":23.74,""pressure_hpa"":995.96,""bmp280_address"":""0x76""}"
2026-09-20T22:56:58.373,2026-09-20 00:00:00,1789909018373,sensor_data,Sensor_A,1623979917,235,2923350515,1171897,True,22.98,,996.4,,"{""type"":""sensor_data"",""sensor_name"":""Sensor_A"",""node_id"":1623979917,""sequence"":235,""mesh_time_us"":2923350515,""uptime_ms"":1171897,""bmp280_connected"":true,""temperature_c"":22.98,""pressure_hpa"":996.40,""bmp280_address"":""0x76""}"
2026-09-20T22:57:00.507,2026-09-20 00:00:00,1789909020507,sensor_data,Sensor_B,1611764737,63956,2925655121,319777784,True,26.45,,996.09,,"{""type"":""sensor_data"",""sensor_name"":""Sensor_B"",""node_id"":1611764737,""sequence"":63956,""mesh_time_us"":2925655121,""uptime_ms"":319777784,""bmp280_connected"":true,""temperature_c"":26.45,""pressure_hpa"":996.09,""bmp280_address"":""0x76""}"
2026-09-20T22:57:01.853,2026-09-20 00:00:00,1789909021853,sensor_data,Sensor_D,1549410049,49,2926898717,241896,True,23.73,,995.97,,"{""type"":""sensor_data"",""sensor_name"":""Sensor_D"",""node_id"":1549410049,""sequence"":49,""mesh_time_us"":2926898717,""uptime_ms"":241896,""bmp280_connected"":true,""temperature_c"":23.73,""pressure_hpa"":995.97,""bmp280_address"":""0x76""}"
2026-09-20T22:57:03.288,2026-09-20 00:00:00,1789909023288,sensor_data,Sensor_A,1623979917,236,2928350551,1176897,True,22.98,,996.41,,"{""type"":""sensor_data"",""sensor_name"":""Sensor_A"",""node_id"":1623979917,""sequence"":236,""mesh_time_us"":2928350551,""uptime_ms"":1176897,""bmp280_connected"":true,""temperature_c"":22.98,""pressure_hpa"":996.41,""bmp280_address"":""0x76""}"
2026-09-20T22:57:05.508,2026-09-20 00:00:00,1789909025508,sensor_data,Sensor_B,1611764737,63957,2930655148,319782784,True,26.46,,996.09,,"{""type"":""sensor_data"",""sensor_name"":""Sensor_B"",""node_id"":1611764737,""sequence"":63957,""mesh_time_us"":2930655148,""uptime_ms"":319782784,""bmp280_connected"":true,""temperature_c"":26.46,""pressure_hpa"":996.09,""bmp280_address"":""0x76""}"
2026-09-20T22:57:06.971,2026-09-20 00:00:00,1789909026971,sensor_data,Sensor_D,1549410049,50,2931898721,246896,True,23.72,,995.98,,"{""type"":""sensor_data"",""sensor_name"":""Sensor_D"",""node_id"":1549410049,""sequence"":50,""mesh_time_us"":2931898721,""uptime_ms"":246896,""bmp280_connected"":true,""temperature_c"":23.72,""pressure_hpa"":995.98,""bmp280_address"":""0x76""}"
2026-09-20T22:57:08.324,2026-09-20 00:00:00,1789909028324,sensor_data,Sensor_A,1623979917,237,2933350547,1181897,True,23,,996.48,,"{""type"":""sensor_data"",""sensor_name"":""Sensor_A"",""node_id"":1623979917,""sequence"":237,""mesh_time_us"":2933350547,""uptime_ms"":1181897,""bmp280_connected"":true,""temperature_c"":23.00,""pressure_hpa"":996.48,""bmp280_address"":""0x76""}"
2026-09-20T22:57:10.513,2026-09-20 00:00:00,1789909030513,sensor_data,Sensor_B,1611764737,63958,2935655144,319787784,True,26.47,,996.08,,"{""type"":""sensor_data"",""sensor_name"":""Sensor_B"",""node_id"":1611764737,""sequence"":63958,""mesh_time_us"":2935655144,""uptime_ms"":319787784,""bmp280_connected"":true,""temperature_c"":26.47,""pressure_hpa"":996.08,""bmp280_address"":""0x76""}"
2026-09-20T22:57:11.889,2026-09-20 00:00:00,1789909031889,sensor_data,Sensor_D,1549410049,51,2936899780,251896,True,23.72,,995.96,,"{""type"":""sensor_data"",""sensor_name"":""Sensor_D"",""node_id"":1549410049,""sequence"":51,""mesh_time_us"":2936899780,""uptime_ms"":251896,""bmp280_connected"":true,""temperature_c"":23.72,""pressure_hpa"":995.96,""bmp280_address"":""0x76""}"
2026-09-20T22:57:13.319,2026-09-20 00:00:00,1789909033319,sensor_data,Sensor_A,1623979917,238,2938343233,1186897,True,23.02,,996.57,,"{""type"":""sensor_data"",""sensor_name"":""Sensor_A"",""node_id"":1623979917,""sequence"":238,""mesh_time_us"":2938343233,""uptime_ms"":1186897,""bmp280_connected"":true,""temperature_c"":23.02,""pressure_hpa"":996.57,""bmp280_address"":""0x76""}"
2026-09-20T22:57:15.508,2026-09-20 00:00:00,1789909035508,sensor_data,Sensor_B,1611764737,63959,2940655139,319792784,True,26.46,,996.03,,"{""type"":""sensor_data"",""sensor_name"":""Sensor_B"",""node_id"":1611764737,""sequence"":63959,""mesh_time_us"":2940655139,""uptime_ms"":319792784,""bmp280_connected"":true,""temperature_c"":26.46,""pressure_hpa"":996.03,""bmp280_address"":""0x76""}"
2026-09-20T22:57:16.807,2026-09-20 00:00:00,1789909036807,sensor_data,Sensor_D,1549410049,52,2941899773,256896,True,23.72,,995.95,,"{""type"":""sensor_data"",""sensor_name"":""Sensor_D"",""node_id"":1549410049,""sequence"":52,""mesh_time_us"":2941899773,""uptime_ms"":256896,""bmp280_connected"":true,""temperature_c"":23.72,""pressure_hpa"":995.95,""bmp280_address"":""0x76""}"
2026-09-20T22:57:18.445,2026-09-20 00:00:00,1789909038445,sensor_data,Sensor_A,1623979917,239,2943343155,1191897,True,23.03,,996.63,,"{""type"":""sensor_data"",""sensor_name"":""Sensor_A"",""node_id"":1623979917,""sequence"":239,""mesh_time_us"":2943343155,""uptime_ms"":1191897,""bmp280_connected"":true,""temperature_c"":23.03,""pressure_hpa"":996.63,""bmp280_address"":""0x76""}"
2026-09-20T22:57:20.511,2026-09-20 00:00:00,1789909040511,sensor_data,Sensor_B,1611764737,63960,2945655112,319797784,True,26.46,,996.08,,"{""type"":""sensor_data"",""sensor_name"":""Sensor_B"",""node_id"":1611764737,""sequence"":63960,""mesh_time_us"":2945655112,""uptime_ms"":319797784,""bmp280_connected"":true,""temperature_c"":26.46,""pressure_hpa"":996.08,""bmp280_address"":""0x76""}"
2026-09-20T22:57:21.926,2026-09-20 00:00:00,1789909041926,sensor_data,Sensor_D,1549410049,53,2946899796,261896,True,23.71,,995.99,,"{""type"":""sensor_data"",""sensor_name"":""Sensor_D"",""node_id"":1549410049,""sequence"":53,""mesh_time_us"":2946899796,""uptime_ms"":261896,""bmp280_connected"":true,""temperature_c"":23.71,""pressure_hpa"":995.99,""bmp280_address"":""0x76""}"
2026-09-20T22:57:23.359,2026-09-20 00:00:00,1789909043359,sensor_data,Sensor_A,1623979917,240,2948343161,1196897,True,23.04,,996.66,,"{""type"":""sensor_data"",""sensor_name"":""Sensor_A"",""node_id"":1623979917,""sequence"":240,""mesh_time_us"":2948343161,""uptime_ms"":1196897,""bmp280_connected"":true,""temperature_c"":23.04,""pressure_hpa"":996.66,""bmp280_address"":""0x76""}"
2026-09-20T22:57:25.507,2026-09-20 00:00:00,1789909045507,sensor_data,Sensor_B,1611764737,63961,2950656079,319802784,True,26.47,,996.14,,"{""type"":""sensor_data"",""sensor_name"":""Sensor_B"",""node_id"":1611764737,""sequence"":63961,""mesh_time_us"":2950656079,""uptime_ms"":319802784,""bmp280_connected"":true,""temperature_c"":26.47,""pressure_hpa"":996.14,""bmp280_address"":""0x76""}"
2026-09-20T22:57:26.838,2026-09-20 00:00:00,1789909046838,sensor_data,Sensor_D,1549410049,54,2951899780,266896,True,23.71,,996.05,,"{""type"":""sensor_data"",""sensor_name"":""Sensor_D"",""node_id"":1549410049,""sequence"":54,""mesh_time_us"":2951899780,""uptime_ms"":266896,""bmp280_connected"":true,""temperature_c"":23.71,""pressure_hpa"":996.05,""bmp280_address"":""0x76""}"
2026-09-20T22:57:28.273,2026-09-20 00:00:00,1789909048273,sensor_data,Sensor_A,1623979917,241,2953343141,1201897,True,23.04,,996.67,,"{""type"":""sensor_data"",""sensor_name"":""Sensor_A"",""node_id"":1623979917,""sequence"":241,""mesh_time_us"":2953343141,""uptime_ms"":1201897,""bmp280_connected"":true,""temperature_c"":23.04,""pressure_hpa"":996.67,""bmp280_address"":""0x76""}"
2026-09-20T22:57:30.507,2026-09-20 00:00:00,1789909050507,sensor_data,Sensor_B,1611764737,63962,2955656083,319807784,True,26.47,,996.18,,"{""type"":""sensor_data"",""sensor_name"":""Sensor_B"",""node_id"":1611764737,""sequence"":63962,""mesh_time_us"":2955656083,""uptime_ms"":319807784,""bmp280_connected"":true,""temperature_c"":26.47,""pressure_hpa"":996.18,""bmp280_address"":""0x76""}"
2026-09-20T22:57:31.860,2026-09-20 00:00:00,1789909051860,sensor_data,Sensor_D,1549410049,55,2956899771,271896,True,23.71,,996.09,,"{""type"":""sensor_data"",""sensor_name"":""Sensor_D"",""node_id"":1549410049,""sequence"":55,""mesh_time_us"":2956899771,""uptime_ms"":271896,""bmp280_connected"":true,""temperature_c"":23.71,""pressure_hpa"":996.09,""bmp280_address"":""0x76""}"
2026-09-20T22:57:33.394,2026-09-20 00:00:00,1789909053394,sensor_data,Sensor_A,1623979917,242,2958343148,1206897,True,23.03,,996.66,,"{""type"":""sensor_data"",""sensor_name"":""Sensor_A"",""node_id"":1623979917,""sequence"":242,""mesh_time_us"":2958343148,""uptime_ms"":1206897,""bmp280_connected"":true,""temperature_c"":23.03,""pressure_hpa"":996.66,""bmp280_address"":""0x76""}"
2026-09-20T22:57:35.523,2026-09-20 00:00:00,1789909055523,sensor_data,Sensor_B,1611764737,63963,2960656084,319812784,True,26.46,,996.2,,"{""type"":""sensor_data"",""sensor_name"":""Sensor_B"",""node_id"":1611764737,""sequence"":63963,""mesh_time_us"":2960656084,""uptime_ms"":319812784,""bmp280_connected"":true,""temperature_c"":26.46,""pressure_hpa"":996.20,""bmp280_address"":""0x76""}"
2026-09-20T22:57:36.875,2026-09-20 00:00:00,1789909056875,sensor_data,Sensor_D,1549410049,56,2961899777,276896,True,23.71,,996.1,,"{""type"":""sensor_data"",""sensor_name"":""Sensor_D"",""node_id"":1549410049,""sequence"":56,""mesh_time_us"":2961899777,""uptime_ms"":276896,""bmp280_connected"":true,""temperature_c"":23.71,""pressure_hpa"":996.10,""bmp280_address"":""0x76""}"
2026-09-20T22:57:38.513,2026-09-20 00:00:00,1789909058513,sensor_data,Sensor_A,1623979917,243,2963343190,1211897,True,23.04,,996.64,,"{""type"":""sensor_data"",""sensor_name"":""Sensor_A"",""node_id"":1623979917,""sequence"":243,""mesh_time_us"":2963343190,""uptime_ms"":1211897,""bmp280_connected"":true,""temperature_c"":23.04,""pressure_hpa"":996.64,""bmp280_address"":""0x76""}"
2026-09-20T22:57:40.508,2026-09-20 00:00:00,1789909060508,sensor_data,Sensor_B,1611764737,63964,2965656076,319817784,True,26.46,,996.2,,"{""type"":""sensor_data"",""sensor_name"":""Sensor_B"",""node_id"":1611764737,""sequence"":63964,""mesh_time_us"":2965656076,""uptime_ms"":319817784,""bmp280_connected"":true,""temperature_c"":26.46,""pressure_hpa"":996.20,""bmp280_address"":""0x76""}"
2026-09-20T22:57:41.791,2026-09-20 00:00:00,1789909061791,sensor_data,Sensor_D,1549410049,57,2966899761,281896,True,23.71,,996.1,,"{""type"":""sensor_data"",""sensor_name"":""Sensor_D"",""node_id"":1549410049,""sequence"":57,""mesh_time_us"":2966899761,""uptime_ms"":281896,""bmp280_connected"":true,""temperature_c"":23.71,""pressure_hpa"":996.10,""bmp280_address"":""0x76""}"
2026-09-20T22:57:43.432,2026-09-20 00:00:00,1789909063432,sensor_data,Sensor_A,1623979917,244,2968343138,1216897,True,23.02,,996.61,,"{""type"":""sensor_data"",""sensor_name"":""Sensor_A"",""node_id"":1623979917,""sequence"":244,""mesh_time_us"":2968343138,""uptime_ms"":1216897,""bmp280_connected"":true,""temperature_c"":23.02,""pressure_hpa"":996.61,""bmp280_address"":""0x76""}"
2026-09-20T22:57:45.507,2026-09-20 00:00:00,1789909065507,sensor_data,Sensor_B,1611764737,63965,2970656063,319822784,True,26.45,,996.19,,"{""type"":""sensor_data"",""sensor_name"":""Sensor_B"",""node_id"":1611764737,""sequence"":63965,""mesh_time_us"":2970656063,""uptime_ms"":319822784,""bmp280_connected"":true,""temperature_c"":26.45,""pressure_hpa"":996.19,""bmp280_address"":""0x76""}"
2026-09-20T22:57:47.013,2026-09-20 00:00:00,1789909067013,sensor_data,Sensor_D,1549410049,58,2971899821,286896,True,23.7,,996.1,,"{""type"":""sensor_data"",""sensor_name"":""Sensor_D"",""node_id"":1549410049,""sequence"":58,""mesh_time_us"":2971899821,""uptime_ms"":286896,""bmp280_connected"":true,""temperature_c"":23.70,""pressure_hpa"":996.10,""bmp280_address"":""0x76""}"
2026-09-20T22:57:48.346,2026-09-20 00:00:00,1789909068346,sensor_data,Sensor_A,1623979917,245,2973343162,1221897,True,23.03,,996.65,,"{""type"":""sensor_data"",""sensor_name"":""Sensor_A"",""node_id"":1623979917,""sequence"":245,""mesh_time_us"":2973343162,""uptime_ms"":1221897,""bmp280_connected"":true,""temperature_c"":23.03,""pressure_hpa"":996.65,""bmp280_address"":""0x76""}"
2026-09-20T22:57:50.511,2026-09-20 00:00:00,1789909070511,sensor_data,Sensor_B,1611764737,63966,2975656115,319827784,True,26.45,,996.22,,"{""type"":""sensor_data"",""sensor_name"":""Sensor_B"",""node_id"":1611764737,""sequence"":63966,""mesh_time_us"":2975656115,""uptime_ms"":319827784,""bmp280_connected"":true,""temperature_c"":26.45,""pressure_hpa"":996.22,""bmp280_address"":""0x76""}"
2026-09-20T22:57:51.822,2026-09-20 00:00:00,1789909071822,sensor_data,Sensor_D,1549410049,59,2976899797,291896,True,23.7,,996.14,,"{""type"":""sensor_data"",""sensor_name"":""Sensor_D"",""node_id"":1549410049,""sequence"":59,""mesh_time_us"":2976899797,""uptime_ms"":291896,""bmp280_connected"":true,""temperature_c"":23.70,""pressure_hpa"":996.14,""bmp280_address"":""0x76""}"
2026-09-20T22:57:53.288,2026-09-20 00:00:00,1789909073288,sensor_data,Sensor_A,1623979917,246,2978343199,1226897,True,23.01,,996.64,,"{""type"":""sensor_data"",""sensor_name"":""Sensor_A"",""node_id"":1623979917,""sequence"":246,""mesh_time_us"":2978343199,""uptime_ms"":1226897,""bmp280_connected"":true,""temperature_c"":23.01,""pressure_hpa"":996.64,""bmp280_address"":""0x76""}"
2026-09-20T22:57:55.507,2026-09-20 00:00:00,1789909075507,sensor_data,Sensor_B,1611764737,63967,2980656123,319832784,True,26.45,,996.25,,"{""type"":""sensor_data"",""sensor_name"":""Sensor_B"",""node_id"":1611764737,""sequence"":63967,""mesh_time_us"":2980656123,""uptime_ms"":319832784,""bmp280_connected"":true,""temperature_c"":26.45,""pressure_hpa"":996.25,""bmp280_address"":""0x76""}"
2026-09-20T22:57:56.946,2026-09-20 00:00:00,1789909076946,sensor_data,Sensor_D,1549410049,60,2981899770,296896,True,23.7,,996.15,,"{""type"":""sensor_data"",""sensor_name"":""Sensor_D"",""node_id"":1549410049,""sequence"":60,""mesh_time_us"":2981899770,""uptime_ms"":296896,""bmp280_connected"":true,""temperature_c"":23.70,""pressure_hpa"":996.15,""bmp280_address"":""0x76""}"
2026-09-20T22:57:58.493,2026-09-20 00:00:00,1789909078493,sensor_data,Sensor_A,1623979917,247,2983343147,1231897,True,22.98,,996.62,,"{""type"":""sensor_data"",""sensor_name"":""Sensor_A"",""node_id"":1623979917,""sequence"":247,""mesh_time_us"":2983343147,""uptime_ms"":1231897,""bmp280_connected"":true,""temperature_c"":22.98,""pressure_hpa"":996.62,""bmp280_address"":""0x76""}"
2026-09-20T22:58:00.508,2026-09-20 00:00:00,1789909080508,sensor_data,Sensor_B,1611764737,63968,2985656120,319837784,True,26.44,,996.25,,"{""type"":""sensor_data"",""sensor_name"":""Sensor_B"",""node_id"":1611764737,""sequence"":63968,""mesh_time_us"":2985656120,""uptime_ms"":319837784,""bmp280_connected"":true,""temperature_c"":26.44,""pressure_hpa"":996.25,""bmp280_address"":""0x76""}"
2026-09-20T22:58:01.860,2026-09-20 00:00:00,1789909081860,sensor_data,Sensor_D,1549410049,61,2986899786,301896,True,23.7,,996.15,,"{""type"":""sensor_data"",""sensor_name"":""Sensor_D"",""node_id"":1549410049,""sequence"":61,""mesh_time_us"":2986899786,""uptime_ms"":301896,""bmp280_connected"":true,""temperature_c"":23.70,""pressure_hpa"":996.15,""bmp280_address"":""0x76""}"
2026-09-20T22:58:03.395,2026-09-20 00:00:00,1789909083395,sensor_data,Sensor_A,1623979917,248,2988343169,1236897,True,22.95,,996.6,,"{""type"":""sensor_data"",""sensor_name"":""Sensor_A"",""node_id"":1623979917,""sequence"":248,""mesh_time_us"":2988343169,""uptime_ms"":1236897,""bmp280_connected"":true,""temperature_c"":22.95,""pressure_hpa"":996.60,""bmp280_address"":""0x76""}"
2026-09-20T22:58:05.509,2026-09-20 00:00:00,1789909085509,sensor_data,Sensor_B,1611764737,63969,2990656071,319842784,True,26.43,,996.28,,"{""type"":""sensor_data"",""sensor_name"":""Sensor_B"",""node_id"":1611764737,""sequence"":63969,""mesh_time_us"":2990656071,""uptime_ms"":319842784,""bmp280_connected"":true,""temperature_c"":26.43,""pressure_hpa"":996.28,""bmp280_address"":""0x76""}"
2026-09-20T22:58:06.780,2026-09-20 00:00:00,1789909086780,sensor_data,Sensor_D,1549410049,62,2991899830,306896,True,23.69,,996.16,,"{""type"":""sensor_data"",""sensor_name"":""Sensor_D"",""node_id"":1549410049,""sequence"":62,""mesh_time_us"":2991899830,""uptime_ms"":306896,""bmp280_connected"":true,""temperature_c"":23.69,""pressure_hpa"":996.16,""bmp280_address"":""0x76""}"
2026-09-20T22:58:08.516,2026-09-20 00:00:00,1789909088516,sensor_data,Sensor_A,1623979917,249,2993343151,1241897,True,22.91,,996.55,,"{""type"":""sensor_data"",""sensor_name"":""Sensor_A"",""node_id"":1623979917,""sequence"":249,""mesh_time_us"":2993343151,""uptime_ms"":1241897,""bmp280_connected"":true,""temperature_c"":22.91,""pressure_hpa"":996.55,""bmp280_address"":""0x76""}"
2026-09-20T22:58:10.511,2026-09-20 00:00:00,1789909090511,sensor_data,Sensor_B,1611764737,63970,2995656028,319847784,True,26.42,,996.28,,"{""type"":""sensor_data"",""sensor_name"":""Sensor_B"",""node_id"":1611764737,""sequence"":63970,""mesh_time_us"":2995656028,""uptime_ms"":319847784,""bmp280_connected"":true,""temperature_c"":26.42,""pressure_hpa"":996.28,""bmp280_address"":""0x76""}"
2026-09-20T22:58:11.900,2026-09-20 00:00:00,1789909091900,sensor_data,Sensor_D,1549410049,63,2996899811,311896,True,23.69,,996.17,,"{""type"":""sensor_data"",""sensor_name"":""Sensor_D"",""node_id"":1549410049,""sequence"":63,""mesh_time_us"":2996899811,""uptime_ms"":311896,""bmp280_connected"":true,""temperature_c"":23.69,""pressure_hpa"":996.17,""bmp280_address"":""0x76""}"
2026-09-20T22:58:13.328,2026-09-20 00:00:00,1789909093328,sensor_data,Sensor_A,1623979917,250,2998341573,1246897,True,22.97,,996.63,,"{""type"":""sensor_data"",""sensor_name"":""Sensor_A"",""node_id"":1623979917,""sequence"":250,""mesh_time_us"":2998341573,""uptime_ms"":1246897,""bmp280_connected"":true,""temperature_c"":22.97,""pressure_hpa"":996.63,""bmp280_address"":""0x76""}"
2026-09-20T22:58:15.508,2026-09-20 00:00:00,1789909095508,sensor_data,Sensor_B,1611764737,63971,3000656043,319852784,True,26.42,,996.28,,"{""type"":""sensor_data"",""sensor_name"":""Sensor_B"",""node_id"":1611764737,""sequence"":63971,""mesh_time_us"":3000656043,""uptime_ms"":319852784,""bmp280_connected"":true,""temperature_c"":26.42,""pressure_hpa"":996.28,""bmp280_address"":""0x76""}"
2026-09-20T22:58:20.506,2026-09-20 00:00:00,1789909100506,sensor_data,Sensor_B,1611764737,63972,3005656109,319857784,True,26.41,,996.28,,"{""type"":""sensor_data"",""sensor_name"":""Sensor_B"",""node_id"":1611764737,""sequence"":63972,""mesh_time_us"":3005656109,""uptime_ms"":319857784,""bmp280_connected"":true,""temperature_c"":26.41,""pressure_hpa"":996.28,""bmp280_address"":""0x76""}"
2026-09-20T22:58:25.669,2026-09-20 00:00:00,1789909105669,sensor_data,Sensor_B,1611764737,63973,3010655152,319862784,True,26.39,,996.28,,"{""type"":""sensor_data"",""sensor_name"":""Sensor_B"",""node_id"":1611764737,""sequence"":63973,""mesh_time_us"":3010655152,""uptime_ms"":319862784,""bmp280_connected"":true,""temperature_c"":26.39,""pressure_hpa"":996.28,""bmp280_address"":""0x76""}"
2026-09-20T22:58:30.662,2026-09-20 00:00:00,1789909110662,sensor_data,Sensor_B,1611764737,63974,3015655087,319867784,True,26.37,,996.3,,"{""type"":""sensor_data"",""sensor_name"":""Sensor_B"",""node_id"":1611764737,""sequence"":63974,""mesh_time_us"":3015655087,""uptime_ms"":319867784,""bmp280_connected"":true,""temperature_c"":26.37,""pressure_hpa"":996.30,""bmp280_address"":""0x76""}"
2026-09-20T22:58:38.476,2026-09-20 00:00:00,1789909118476,sensor_data,Sensor_B,1611764737,63975,3020655144,319872784,True,26.33,,996.26,,"{""type"":""sensor_data"",""sensor_name"":""Sensor_B"",""node_id"":1611764737,""sequence"":63975,""mesh_time_us"":3020655144,""uptime_ms"":319872784,""bmp280_connected"":true,""temperature_c"":26.33,""pressure_hpa"":996.26,""bmp280_address"":""0x76""}"
2026-09-20T22:58:40.517,2026-09-20 00:00:00,1789909120517,sensor_data,Sensor_B,1611764737,63976,3025655099,319877784,True,26.33,,996.28,,"{""type"":""sensor_data"",""sensor_name"":""Sensor_B"",""node_id"":1611764737,""sequence"":63976,""mesh_time_us"":3025655099,""uptime_ms"":319877784,""bmp280_connected"":true,""temperature_c"":26.33,""pressure_hpa"":996.28,""bmp280_address"":""0x76""}"
2026-09-20T22:58:45.694,2026-09-20 00:00:00,1789909125694,sensor_data,Sensor_B,1611764737,63977,3030655143,319882784,True,26.33,,996.32,,"{""type"":""sensor_data"",""sensor_name"":""Sensor_B"",""node_id"":1611764737,""sequence"":63977,""mesh_time_us"":3030655143,""uptime_ms"":319882784,""bmp280_connected"":true,""temperature_c"":26.33,""pressure_hpa"":996.32,""bmp280_address"":""0x76""}"
2026-09-20T22:58:53.711,2026-09-20 00:00:00,1789909133711,sensor_data,Sensor_B,1611764737,63978,3035655124,319887784,True,26.34,,996.33,,"{""type"":""sensor_data"",""sensor_name"":""Sensor_B"",""node_id"":1611764737,""sequence"":63978,""mesh_time_us"":3035655124,""uptime_ms"":319887784,""bmp280_connected"":true,""temperature_c"":26.34,""pressure_hpa"":996.33,""bmp280_address"":""0x76""}"
2026-09-20T22:58:55.552,2026-09-20 00:00:00,1789909135552,sensor_data,Sensor_B,1611764737,63979,3040655158,319892784,True,26.31,,996.27,,"{""type"":""sensor_data"",""sensor_name"":""Sensor_B"",""node_id"":1611764737,""sequence"":63979,""mesh_time_us"":3040655158,""uptime_ms"":319892784,""bmp280_connected"":true,""temperature_c"":26.31,""pressure_hpa"":996.27,""bmp280_address"":""0x76""}"
2026-09-20T22:59:00.726,2026-09-20 00:00:00,1789909140726,sensor_data,Sensor_B,1611764737,63980,3045655119,319897784,True,26.33,,996.33,,"{""type"":""sensor_data"",""sensor_name"":""Sensor_B"",""node_id"":1611764737,""sequence"":63980,""mesh_time_us"":3045655119,""uptime_ms"":319897784,""bmp280_connected"":true,""temperature_c"":26.33,""pressure_hpa"":996.33,""bmp280_address"":""0x76""}"
2026-09-20T23:02:55.597,2026-09-20 00:00:00,1789909375597,sensor_data,Sensor_B,1611764737,64027,3280654078,320132784,True,26.38,,996.28,,"{""type"":""sensor_data"",""sensor_name"":""Sensor_B"",""node_id"":1611764737,""sequence"":64027,""mesh_time_us"":3280654078,""uptime_ms"":320132784,""bmp280_connected"":true,""temperature_c"":26.38,""pressure_hpa"":996.28,""bmp280_address"":""0x76""}"
2026-09-20T23:03:00.614,2026-09-20 00:00:00,1789909380614,sensor_data,Sensor_B,1611764737,64028,3285654041,320137784,True,26.37,,996.27,,"{""type"":""sensor_data"",""sensor_name"":""Sensor_B"",""node_id"":1611764737,""sequence"":64028,""mesh_time_us"":3285654041,""uptime_ms"":320137784,""bmp280_connected"":true,""temperature_c"":26.37,""pressure_hpa"":996.27,""bmp280_address"":""0x76""}"
2026-09-20T23:03:06.448,2026-09-20 00:00:00,1789909386448,sensor_data,Sensor_B,1611764737,64029,3290654049,320142784,True,26.34,,996.25,,"{""type"":""sensor_data"",""sensor_name"":""Sensor_B"",""node_id"":1611764737,""sequence"":64029,""mesh_time_us"":3290654049,""uptime_ms"":320142784,""bmp280_connected"":true,""temperature_c"":26.34,""pressure_hpa"":996.25,""bmp280_address"":""0x76""}"
2026-09-20T23:03:10.806,2026-09-20 00:00:00,1789909390806,sensor_data,Sensor_B,1611764737,64030,3295654066,320147784,True,26.35,,996.29,,"{""type"":""sensor_data"",""sensor_name"":""Sensor_B"",""node_id"":1611764737,""sequence"":64030,""mesh_time_us"":3295654066,""uptime_ms"":320147784,""bmp280_connected"":true,""temperature_c"":26.35,""pressure_hpa"":996.29,""bmp280_address"":""0x76""}"
2026-09-20T23:03:15.646,2026-09-20 00:00:00,1789909395646,sensor_data,Sensor_B,1611764737,64031,3300654075,320152784,True,26.33,,996.28,,"{""type"":""sensor_data"",""sensor_name"":""Sensor_B"",""node_id"":1611764737,""sequence"":64031,""mesh_time_us"":3300654075,""uptime_ms"":320152784,""bmp280_connected"":true,""temperature_c"":26.33,""pressure_hpa"":996.28,""bmp280_address"":""0x76""}"
2026-09-20T23:03:52.650,2026-09-20 00:00:00,1789909432650,sensor_data,Sensor_B,1611764737,64032,3305654028,320157784,True,26.31,,996.3,,"{""type"":""sensor_data"",""sensor_name"":""Sensor_B"",""node_id"":1611764737,""sequence"":64032,""mesh_time_us"":3305654028,""uptime_ms"":320157784,""bmp280_connected"":true,""temperature_c"":26.31,""pressure_hpa"":996.30,""bmp280_address"":""0x76""}"
2026-09-20T23:03:53.320,2026-09-20 00:00:00,1789909433320,sensor_data,Sensor_B,1611764737,64033,3310654024,320162784,True,26.3,,996.3,,"{""type"":""sensor_data"",""sensor_name"":""Sensor_B"",""node_id"":1611764737,""sequence"":64033,""mesh_time_us"":3310654024,""uptime_ms"":320162784,""bmp280_connected"":true,""temperature_c"":26.30,""pressure_hpa"":996.30,""bmp280_address"":""0x76""}"
2026-09-20T23:03:53.374,2026-09-20 00:00:00,1789909433374,sensor_data,Sensor_B,1611764737,64034,3315654037,320167784,True,26.32,,996.34,,"{""type"":""sensor_data"",""sensor_name"":""Sensor_B"",""node_id"":1611764737,""sequence"":64034,""mesh_time_us"":3315654037,""uptime_ms"":320167784,""bmp280_connected"":true,""temperature_c"":26.32,""pressure_hpa"":996.34,""bmp280_address"":""0x76""}"
2026-09-20T23:03:53.426,2026-09-20 00:00:00,1789909433426,sensor_data,Sensor_B,1611764737,64035,3320654074,320172784,True,26.31,,996.32,,"{""type"":""sensor_data"",""sensor_name"":""Sensor_B"",""node_id"":1611764737,""sequence"":64035,""mesh_time_us"":3320654074,""uptime_ms"":320172784,""bmp280_connected"":true,""temperature_c"":26.31,""pressure_hpa"":996.32,""bmp280_address"":""0x76""}"
2026-09-20T23:03:53.476,2026-09-20 00:00:00,1789909433476,sensor_data,Sensor_B,1611764737,64036,3325654030,320177784,True,26.33,,996.37,,"{""type"":""sensor_data"",""sensor_name"":""Sensor_B"",""node_id"":1611764737,""sequence"":64036,""mesh_time_us"":3325654030,""uptime_ms"":320177784,""bmp280_connected"":true,""temperature_c"":26.33,""pressure_hpa"":996.37,""bmp280_address"":""0x76""}"
2026-09-20T23:03:53.526,2026-09-20 00:00:00,1789909433526,sensor_data,Sensor_B,1611764737,64037,3330654060,320182784,True,26.33,,996.4,,"{""type"":""sensor_data"",""sensor_name"":""Sensor_B"",""node_id"":1611764737,""sequence"":64037,""mesh_time_us"":3330654060,""uptime_ms"":320182784,""bmp280_connected"":true,""temperature_c"":26.33,""pressure_hpa"":996.40,""bmp280_address"":""0x76""}"
2026-09-20T23:03:53.577,2026-09-20 00:00:00,1789909433577,sensor_data,Sensor_B,1611764737,64038,3335654030,320187784,True,26.34,,996.43,,"{""type"":""sensor_data"",""sensor_name"":""Sensor_B"",""node_id"":1611764737,""sequence"":64038,""mesh_time_us"":3335654030,""uptime_ms"":320187784,""bmp280_connected"":true,""temperature_c"":26.34,""pressure_hpa"":996.43,""bmp280_address"":""0x76""}"
2026-09-20T23:03:55.531,2026-09-20 00:00:00,1789909435531,sensor_data,Sensor_B,1611764737,64039,3340653497,320192784,True,26.3,,996.4,,"{""type"":""sensor_data"",""sensor_name"":""Sensor_B"",""node_id"":1611764737,""sequence"":64039,""mesh_time_us"":3340653497,""uptime_ms"":320192784,""bmp280_connected"":true,""temperature_c"":26.30,""pressure_hpa"":996.40,""bmp280_address"":""0x76""}"
2026-09-20T23:04:00.497,2026-09-20 00:00:00,1789909440497,sensor_data,Sensor_B,1611764737,64040,3345653431,320197784,True,26.3,,996.43,,"{""type"":""sensor_data"",""sensor_name"":""Sensor_B"",""node_id"":1611764737,""sequence"":64040,""mesh_time_us"":3345653431,""uptime_ms"":320197784,""bmp280_connected"":true,""temperature_c"":26.30,""pressure_hpa"":996.43,""bmp280_address"":""0x76""}"
2026-09-20T23:04:36.001,2026-09-20 00:00:00,1789909476001,sensor_data,Sensor_B,1611764737,64041,3350653528,320202784,True,26.3,,996.43,,"{""type"":""sensor_data"",""sensor_name"":""Sensor_B"",""node_id"":1611764737,""sequence"":64041,""mesh_time_us"":3350653528,""uptime_ms"":320202784,""bmp280_connected"":true,""temperature_c"":26.30,""pressure_hpa"":996.43,""bmp280_address"":""0x76""}"
2026-09-20T23:04:54.243,2026-09-20 00:00:00,1789909494243,sensor_data,Sensor_A,1623979917,2,3353785836,6893,True,23.99,,996.77,,"{""type"":""sensor_data"",""sensor_name"":""Sensor_A"",""node_id"":1623979917,""sequence"":2,""mesh_time_us"":3353785836,""uptime_ms"":6893,""bmp280_connected"":true,""temperature_c"":23.99,""pressure_hpa"":996.77,""bmp280_address"":""0x76""}"
2026-09-20T23:04:54.298,2026-09-20 00:00:00,1789909494298,sensor_data,Sensor_B,1611764737,64042,3355653491,320207784,True,26.3,,996.44,,"{""type"":""sensor_data"",""sensor_name"":""Sensor_B"",""node_id"":1611764737,""sequence"":64042,""mesh_time_us"":3355653491,""uptime_ms"":320207784,""bmp280_connected"":true,""temperature_c"":26.30,""pressure_hpa"":996.44,""bmp280_address"":""0x76""}"
2026-09-20T23:04:54.349,2026-09-20 00:00:00,1789909494349,sensor_data,Sensor_A,1623979917,3,3358785797,11893,True,24.07,,996.82,,"{""type"":""sensor_data"",""sensor_name"":""Sensor_A"",""node_id"":1623979917,""sequence"":3,""mesh_time_us"":3358785797,""uptime_ms"":11893,""bmp280_connected"":true,""temperature_c"":24.07,""pressure_hpa"":996.82,""bmp280_address"":""0x76""}"
2026-09-20T23:04:54.402,2026-09-20 00:00:00,1789909494402,sensor_data,Sensor_B,1611764737,64043,3360653424,320212784,True,26.3,,996.45,,"{""type"":""sensor_data"",""sensor_name"":""Sensor_B"",""node_id"":1611764737,""sequence"":64043,""mesh_time_us"":3360653424,""uptime_ms"":320212784,""bmp280_connected"":true,""temperature_c"":26.30,""pressure_hpa"":996.45,""bmp280_address"":""0x76""}"
2026-09-20T23:04:54.863,2026-09-20 00:00:00,1789909494863,sensor_data,Sensor_A,1623979917,4,3363785829,16893,True,24.15,,996.84,,"{""type"":""sensor_data"",""sensor_name"":""Sensor_A"",""node_id"":1623979917,""sequence"":4,""mesh_time_us"":3363785829,""uptime_ms"":16893,""bmp280_connected"":true,""temperature_c"":24.15,""pressure_hpa"":996.84,""bmp280_address"":""0x76""}"
2026-09-20T23:04:54.917,2026-09-20 00:00:00,1789909494917,sensor_data,Sensor_B,1611764737,64044,3365653431,320217784,True,26.31,,996.46,,"{""type"":""sensor_data"",""sensor_name"":""Sensor_B"",""node_id"":1611764737,""sequence"":64044,""mesh_time_us"":3365653431,""uptime_ms"":320217784,""bmp280_connected"":true,""temperature_c"":26.31,""pressure_hpa"":996.46,""bmp280_address"":""0x76""}"
2026-09-20T23:04:54.967,2026-09-20 00:00:00,1789909494967,sensor_data,Sensor_A,1623979917,5,3368785851,21893,True,24.24,,996.85,,"{""type"":""sensor_data"",""sensor_name"":""Sensor_A"",""node_id"":1623979917,""sequence"":5,""mesh_time_us"":3368785851,""uptime_ms"":21893,""bmp280_connected"":true,""temperature_c"":24.24,""pressure_hpa"":996.85,""bmp280_address"":""0x76""}"
2026-09-20T23:04:55.015,2026-09-20 00:00:00,1789909495015,sensor_data,Sensor_B,1611764737,64045,3370653518,320222784,True,26.31,,996.46,,"{""type"":""sensor_data"",""sensor_name"":""Sensor_B"",""node_id"":1611764737,""sequence"":64045,""mesh_time_us"":3370653518,""uptime_ms"":320222784,""bmp280_connected"":true,""temperature_c"":26.31,""pressure_hpa"":996.46,""bmp280_address"":""0x76""}"
2026-09-20T23:04:55.057,2026-09-20 00:00:00,1789909495057,sensor_data,Sensor_A,1623979917,6,3373785796,26893,True,24.31,,996.84,,"{""type"":""sensor_data"",""sensor_name"":""Sensor_A"",""node_id"":1623979917,""sequence"":6,""mesh_time_us"":3373785796,""uptime_ms"":26893,""bmp280_connected"":true,""temperature_c"":24.31,""pressure_hpa"":996.84,""bmp280_address"":""0x76""}"
2026-09-20T23:04:55.102,2026-09-20 00:00:00,1789909495102,sensor_data,Sensor_B,1611764737,64046,3375653445,320227784,True,26.31,,996.46,,"{""type"":""sensor_data"",""sensor_name"":""Sensor_B"",""node_id"":1611764737,""sequence"":64046,""mesh_time_us"":3375653445,""uptime_ms"":320227784,""bmp280_connected"":true,""temperature_c"":26.31,""pressure_hpa"":996.46,""bmp280_address"":""0x76""}"
2026-09-20T23:04:55.155,2026-09-20 00:00:00,1789909495155,sensor_data,Sensor_A,1623979917,7,3378785837,31893,True,24.37,,996.82,,"{""type"":""sensor_data"",""sensor_name"":""Sensor_A"",""node_id"":1623979917,""sequence"":7,""mesh_time_us"":3378785837,""uptime_ms"":31893,""bmp280_connected"":true,""temperature_c"":24.37,""pressure_hpa"":996.82,""bmp280_address"":""0x76""}"
2026-09-20T23:04:55.241,2026-09-20 00:00:00,1789909495241,sensor_data,Sensor_B,1611764737,64047,3380653464,320232784,True,26.3,,996.45,,"{""type"":""sensor_data"",""sensor_name"":""Sensor_B"",""node_id"":1611764737,""sequence"":64047,""mesh_time_us"":3380653464,""uptime_ms"":320232784,""bmp280_connected"":true,""temperature_c"":26.30,""pressure_hpa"":996.45,""bmp280_address"":""0x76""}"
2026-09-20T23:04:55.293,2026-09-20 00:00:00,1789909495293,sensor_data,Sensor_A,1623979917,8,3383785837,36893,True,24.43,,996.81,,"{""type"":""sensor_data"",""sensor_name"":""Sensor_A"",""node_id"":1623979917,""sequence"":8,""mesh_time_us"":3383785837,""uptime_ms"":36893,""bmp280_connected"":true,""temperature_c"":24.43,""pressure_hpa"":996.81,""bmp280_address"":""0x76""}"
2026-09-20T23:04:55.345,2026-09-20 00:00:00,1789909495345,sensor_data,Sensor_B,1611764737,64048,3385653447,320237784,True,26.29,,996.43,,"{""type"":""sensor_data"",""sensor_name"":""Sensor_B"",""node_id"":1611764737,""sequence"":64048,""mesh_time_us"":3385653447,""uptime_ms"":320237784,""bmp280_connected"":true,""temperature_c"":26.29,""pressure_hpa"":996.43,""bmp280_address"":""0x76""}"
2026-09-20T23:04:55.396,2026-09-20 00:00:00,1789909495396,sensor_data,Sensor_A,1623979917,9,3388785825,41893,True,24.49,,996.79,,"{""type"":""sensor_data"",""sensor_name"":""Sensor_A"",""node_id"":1623979917,""sequence"":9,""mesh_time_us"":3388785825,""uptime_ms"":41893,""bmp280_connected"":true,""temperature_c"":24.49,""pressure_hpa"":996.79,""bmp280_address"":""0x76""}"
2026-09-20T23:04:55.446,2026-09-20 00:00:00,1789909495446,sensor_data,Sensor_B,1611764737,64049,3390653505,320242784,True,26.3,,996.45,,"{""type"":""sensor_data"",""sensor_name"":""Sensor_B"",""node_id"":1611764737,""sequence"":64049,""mesh_time_us"":3390653505,""uptime_ms"":320242784,""bmp280_connected"":true,""temperature_c"":26.30,""pressure_hpa"":996.45,""bmp280_address"":""0x76""}"
2026-09-20T23:04:55.496,2026-09-20 00:00:00,1789909495496,sensor_data,Sensor_A,1623979917,10,3393785839,46893,True,24.59,,996.84,,"{""type"":""sensor_data"",""sensor_name"":""Sensor_A"",""node_id"":1623979917,""sequence"":10,""mesh_time_us"":3393785839,""uptime_ms"":46893,""bmp280_connected"":true,""temperature_c"":24.59,""pressure_hpa"":996.84,""bmp280_address"":""0x76""}"
2026-09-20T23:04:55.546,2026-09-20 00:00:00,1789909495546,sensor_data,Sensor_B,1611764737,64050,3395653447,320247784,True,26.33,,996.47,,"{""type"":""sensor_data"",""sensor_name"":""Sensor_B"",""node_id"":1611764737,""sequence"":64050,""mesh_time_us"":3395653447,""uptime_ms"":320247784,""bmp280_connected"":true,""temperature_c"":26.33,""pressure_hpa"":996.47,""bmp280_address"":""0x76""}"
2026-09-20T23:04:55.597,2026-09-20 00:00:00,1789909495597,sensor_data,Sensor_A,1623979917,11,3398785841,51893,True,24.62,,996.79,,"{""type"":""sensor_data"",""sensor_name"":""Sensor_A"",""node_id"":1623979917,""sequence"":11,""mesh_time_us"":3398785841,""uptime_ms"":51893,""bmp280_connected"":true,""temperature_c"":24.62,""pressure_hpa"":996.79,""bmp280_address"":""0x76""}"
2026-09-20T23:05:09.170,2026-09-20 00:00:00,1789909509170,sensor_data,Sensor_B,1611764737,64051,3400653482,320252784,True,26.33,,996.46,,"{""type"":""sensor_data"",""sensor_name"":""Sensor_B"",""node_id"":1611764737,""sequence"":64051,""mesh_time_us"":3400653482,""uptime_ms"":320252784,""bmp280_connected"":true,""temperature_c"":26.33,""pressure_hpa"":996.46,""bmp280_address"":""0x76""}"
2026-09-20T23:05:09.264,2026-09-20 00:00:00,1789909509264,sensor_data,Sensor_A,1623979917,12,3403785799,56893,True,24.7,,996.83,,"{""type"":""sensor_data"",""sensor_name"":""Sensor_A"",""node_id"":1623979917,""sequence"":12,""mesh_time_us"":3403785799,""uptime_ms"":56893,""bmp280_connected"":true,""temperature_c"":24.70,""pressure_hpa"":996.83,""bmp280_address"":""0x76""}"
2026-09-20T23:05:09.317,2026-09-20 00:00:00,1789909509317,sensor_data,Sensor_B,1611764737,64052,3405653471,320257784,True,26.34,,996.45,,"{""type"":""sensor_data"",""sensor_name"":""Sensor_B"",""node_id"":1611764737,""sequence"":64052,""mesh_time_us"":3405653471,""uptime_ms"":320257784,""bmp280_connected"":true,""temperature_c"":26.34,""pressure_hpa"":996.45,""bmp280_address"":""0x76""}"
2026-09-20T23:05:09.367,2026-09-20 00:00:00,1789909509367,sensor_data,Sensor_A,1623979917,13,3408785845,61893,True,24.78,,996.85,,"{""type"":""sensor_data"",""sensor_name"":""Sensor_A"",""node_id"":1623979917,""sequence"":13,""mesh_time_us"":3408785845,""uptime_ms"":61893,""bmp280_connected"":true,""temperature_c"":24.78,""pressure_hpa"":996.85,""bmp280_address"":""0x76""}"
2026-09-20T23:05:09.412,2026-09-20 00:00:00,1789909509412,sensor_data,Sensor_B,1611764737,64053,3410653523,320262784,True,26.35,,996.45,,"{""type"":""sensor_data"",""sensor_name"":""Sensor_B"",""node_id"":1611764737,""sequence"":64053,""mesh_time_us"":3410653523,""uptime_ms"":320262784,""bmp280_connected"":true,""temperature_c"":26.35,""pressure_hpa"":996.45,""bmp280_address"":""0x76""}"
2026-09-20T23:05:09.493,2026-09-20 00:00:00,1789909509493,sensor_data,Sensor_A,1623979917,14,3413784845,66893,True,24.85,,996.86,,"{""type"":""sensor_data"",""sensor_name"":""Sensor_A"",""node_id"":1623979917,""sequence"":14,""mesh_time_us"":3413784845,""uptime_ms"":66893,""bmp280_connected"":true,""temperature_c"":24.85,""pressure_hpa"":996.86,""bmp280_address"":""0x76""}"
2026-09-20T23:05:10.496,2026-09-20 00:00:00,1789909510496,sensor_data,Sensor_B,1611764737,64054,3415653468,320267784,True,26.34,,996.44,,"{""type"":""sensor_data"",""sensor_name"":""Sensor_B"",""node_id"":1611764737,""sequence"":64054,""mesh_time_us"":3415653468,""uptime_ms"":320267784,""bmp280_connected"":true,""temperature_c"":26.34,""pressure_hpa"":996.44,""bmp280_address"":""0x76""}"
2026-09-20T23:05:13.688,2026-09-20 00:00:00,1789909513688,sensor_data,Sensor_A,1623979917,15,3418784849,71893,True,24.89,,996.85,,"{""type"":""sensor_data"",""sensor_name"":""Sensor_A"",""node_id"":1623979917,""sequence"":15,""mesh_time_us"":3418784849,""uptime_ms"":71893,""bmp280_connected"":true,""temperature_c"":24.89,""pressure_hpa"":996.85,""bmp280_address"":""0x76""}"
2026-09-20T23:05:29.622,2026-09-20 00:00:00,1789909529622,sensor_data,Sensor_B,1611764737,64055,3420653453,320272784,True,26.35,,996.45,,"{""type"":""sensor_data"",""sensor_name"":""Sensor_B"",""node_id"":1611764737,""sequence"":64055,""mesh_time_us"":3420653453,""uptime_ms"":320272784,""bmp280_connected"":true,""temperature_c"":26.35,""pressure_hpa"":996.45,""bmp280_address"":""0x76""}"
2026-09-20T23:06:09.920,2026-09-20 00:00:00,1789909569920,sensor_data,Sensor_A,1623979917,16,3423784824,76893,True,24.95,,996.85,,"{""type"":""sensor_data"",""sensor_name"":""Sensor_A"",""node_id"":1623979917,""sequence"":16,""mesh_time_us"":3423784824,""uptime_ms"":76893,""bmp280_connected"":true,""temperature_c"":24.95,""pressure_hpa"":996.85,""bmp280_address"":""0x76""}"
2026-09-20T23:06:09.950,2026-09-20 00:00:00,1789909569950,sensor_data,Sensor_B,1611764737,64056,3425653474,320277784,True,26.33,,996.42,,"{""type"":""sensor_data"",""sensor_name"":""Sensor_B"",""node_id"":1611764737,""sequence"":64056,""mesh_time_us"":3425653474,""uptime_ms"":320277784,""bmp280_connected"":true,""temperature_c"":26.33,""pressure_hpa"":996.42,""bmp280_address"":""0x76""}"
2026-09-20T23:06:09.978,2026-09-20 00:00:00,1789909569978,sensor_data,Sensor_A,1623979917,17,3428784847,81893,True,24.99,,996.85,,"{""type"":""sensor_data"",""sensor_name"":""Sensor_A"",""node_id"":1623979917,""sequence"":17,""mesh_time_us"":3428784847,""uptime_ms"":81893,""bmp280_connected"":true,""temperature_c"":24.99,""pressure_hpa"":996.85,""bmp280_address"":""0x76""}"
2026-09-20T23:06:09.998,2026-09-20 00:00:00,1789909569998,sensor_data,Sensor_B,1611764737,64057,3430653518,320282784,True,26.33,,996.4,,"{""type"":""sensor_data"",""sensor_name"":""Sensor_B"",""node_id"":1611764737,""sequence"":64057,""mesh_time_us"":3430653518,""uptime_ms"":320282784,""bmp280_connected"":true,""temperature_c"":26.33,""pressure_hpa"":996.40,""bmp280_address"":""0x76""}"
2026-09-20T23:06:10.017,2026-09-20 00:00:00,1789909570017,sensor_data,Sensor_A,1623979917,18,3433784853,86893,True,24.99,,996.78,,"{""type"":""sensor_data"",""sensor_name"":""Sensor_A"",""node_id"":1623979917,""sequence"":18,""mesh_time_us"":3433784853,""uptime_ms"":86893,""bmp280_connected"":true,""temperature_c"":24.99,""pressure_hpa"":996.78,""bmp280_address"":""0x76""}"
2026-09-20T23:06:10.039,2026-09-20 00:00:00,1789909570039,sensor_data,Sensor_B,1611764737,64058,3435653473,320287784,True,26.34,,996.42,,"{""type"":""sensor_data"",""sensor_name"":""Sensor_B"",""node_id"":1611764737,""sequence"":64058,""mesh_time_us"":3435653473,""uptime_ms"":320287784,""bmp280_connected"":true,""temperature_c"":26.34,""pressure_hpa"":996.42,""bmp280_address"":""0x76""}"
2026-09-20T23:06:10.057,2026-09-20 00:00:00,1789909570057,sensor_data,Sensor_A,1623979917,19,3438784848,91893,True,25.02,,996.77,,"{""type"":""sensor_data"",""sensor_name"":""Sensor_A"",""node_id"":1623979917,""sequence"":19,""mesh_time_us"":3438784848,""uptime_ms"":91893,""bmp280_connected"":true,""temperature_c"":25.02,""pressure_hpa"":996.77,""bmp280_address"":""0x76""}"
2026-09-20T23:06:10.077,2026-09-20 00:00:00,1789909570077,sensor_data,Sensor_B,1611764737,64059,3440653469,320292784,True,26.33,,996.41,,"{""type"":""sensor_data"",""sensor_name"":""Sensor_B"",""node_id"":1611764737,""sequence"":64059,""mesh_time_us"":3440653469,""uptime_ms"":320292784,""bmp280_connected"":true,""temperature_c"":26.33,""pressure_hpa"":996.41,""bmp280_address"":""0x76""}"
2026-09-20T23:06:10.095,2026-09-20 00:00:00,1789909570095,sensor_data,Sensor_A,1623979917,20,3443784817,96893,True,25.07,,996.8,,"{""type"":""sensor_data"",""sensor_name"":""Sensor_A"",""node_id"":1623979917,""sequence"":20,""mesh_time_us"":3443784817,""uptime_ms"":96893,""bmp280_connected"":true,""temperature_c"":25.07,""pressure_hpa"":996.80,""bmp280_address"":""0x76""}"
2026-09-20T23:06:10.113,2026-09-20 00:00:00,1789909570113,sensor_data,Sensor_B,1611764737,64060,3445653447,320297784,True,26.34,,996.42,,"{""type"":""sensor_data"",""sensor_name"":""Sensor_B"",""node_id"":1611764737,""sequence"":64060,""mesh_time_us"":3445653447,""uptime_ms"":320297784,""bmp280_connected"":true,""temperature_c"":26.34,""pressure_hpa"":996.42,""bmp280_address"":""0x76""}"
2026-09-20T23:06:10.131,2026-09-20 00:00:00,1789909570131,sensor_data,Sensor_A,1623979917,21,3448784819,101893,True,25.12,,996.81,,"{""type"":""sensor_data"",""sensor_name"":""Sensor_A"",""node_id"":1623979917,""sequence"":21,""mesh_time_us"":3448784819,""uptime_ms"":101893,""bmp280_connected"":true,""temperature_c"":25.12,""pressure_hpa"":996.81,""bmp280_address"":""0x76""}"
2026-09-20T23:06:10.150,2026-09-20 00:00:00,1789909570150,sensor_data,Sensor_B,1611764737,64061,3450653451,320302784,True,26.34,,996.42,,"{""type"":""sensor_data"",""sensor_name"":""Sensor_B"",""node_id"":1611764737,""sequence"":64061,""mesh_time_us"":3450653451,""uptime_ms"":320302784,""bmp280_connected"":true,""temperature_c"":26.34,""pressure_hpa"":996.42,""bmp280_address"":""0x76""}"
2026-09-20T23:06:10.167,2026-09-20 00:00:00,1789909570167,sensor_data,Sensor_A,1623979917,22,3453784831,106893,True,25.15,,996.82,,"{""type"":""sensor_data"",""sensor_name"":""Sensor_A"",""node_id"":1623979917,""sequence"":22,""mesh_time_us"":3453784831,""uptime_ms"":106893,""bmp280_connected"":true,""temperature_c"":25.15,""pressure_hpa"":996.82,""bmp280_address"":""0x76""}"
2026-09-20T23:06:10.185,2026-09-20 00:00:00,1789909570185,sensor_data,Sensor_B,1611764737,64062,3455653502,320307784,True,26.34,,996.41,,"{""type"":""sensor_data"",""sensor_name"":""Sensor_B"",""node_id"":1611764737,""sequence"":64062,""mesh_time_us"":3455653502,""uptime_ms"":320307784,""bmp280_connected"":true,""temperature_c"":26.34,""pressure_hpa"":996.41,""bmp280_address"":""0x76""}"
2026-09-20T23:06:10.211,2026-09-20 00:00:00,1789909570211,sensor_data,Sensor_A,1623979917,23,3458784875,111893,True,25.15,,996.77,,"{""type"":""sensor_data"",""sensor_name"":""Sensor_A"",""node_id"":1623979917,""sequence"":23,""mesh_time_us"":3458784875,""uptime_ms"":111893,""bmp280_connected"":true,""temperature_c"":25.15,""pressure_hpa"":996.77,""bmp280_address"":""0x76""}"
2026-09-20T23:06:10.230,2026-09-20 00:00:00,1789909570230,sensor_data,Sensor_B,1611764737,64063,3460653515,320312784,True,26.34,,996.41,,"{""type"":""sensor_data"",""sensor_name"":""Sensor_B"",""node_id"":1611764737,""sequence"":64063,""mesh_time_us"":3460653515,""uptime_ms"":320312784,""bmp280_connected"":true,""temperature_c"":26.34,""pressure_hpa"":996.41,""bmp280_address"":""0x76""}"
2026-09-20T23:06:10.252,2026-09-20 00:00:00,1789909570252,sensor_data,Sensor_A,1623979917,24,3463784865,116893,True,25.16,,996.74,,"{""type"":""sensor_data"",""sensor_name"":""Sensor_A"",""node_id"":1623979917,""sequence"":24,""mesh_time_us"":3463784865,""uptime_ms"":116893,""bmp280_connected"":true,""temperature_c"":25.16,""pressure_hpa"":996.74,""bmp280_address"":""0x76""}"
2026-09-20T23:06:10.271,2026-09-20 00:00:00,1789909570271,sensor_data,Sensor_B,1611764737,64064,3465653512,320317784,True,26.32,,996.39,,"{""type"":""sensor_data"",""sensor_name"":""Sensor_B"",""node_id"":1611764737,""sequence"":64064,""mesh_time_us"":3465653512,""uptime_ms"":320317784,""bmp280_connected"":true,""temperature_c"":26.32,""pressure_hpa"":996.39,""bmp280_address"":""0x76""}"
2026-09-20T23:06:10.291,2026-09-20 00:00:00,1789909570291,sensor_data,Sensor_A,1623979917,25,3468784847,121893,True,25.18,,996.72,,"{""type"":""sensor_data"",""sensor_name"":""Sensor_A"",""node_id"":1623979917,""sequence"":25,""mesh_time_us"":3468784847,""uptime_ms"":121893,""bmp280_connected"":true,""temperature_c"":25.18,""pressure_hpa"":996.72,""bmp280_address"":""0x76""}"
2026-09-20T23:06:11.476,2026-09-20 00:00:00,1789909571476,sensor_data,Sensor_B,1611764737,64065,3470653471,320322784,True,26.31,,996.37,,"{""type"":""sensor_data"",""sensor_name"":""Sensor_B"",""node_id"":1611764737,""sequence"":64065,""mesh_time_us"":3470653471,""uptime_ms"":320322784,""bmp280_connected"":true,""temperature_c"":26.31,""pressure_hpa"":996.37,""bmp280_address"":""0x76""}"
2026-09-20T23:06:11.494,2026-09-20 00:00:00,1789909571494,sensor_data,Sensor_A,1623979917,26,3473785686,126893,True,25.19,,996.71,,"{""type"":""sensor_data"",""sensor_name"":""Sensor_A"",""node_id"":1623979917,""sequence"":26,""mesh_time_us"":3473785686,""uptime_ms"":126893,""bmp280_connected"":true,""temperature_c"":25.19,""pressure_hpa"":996.71,""bmp280_address"":""0x76""}"
2026-09-20T23:06:11.514,2026-09-20 00:00:00,1789909571514,sensor_data,Sensor_B,1611764737,64066,3475653431,320327784,True,26.31,,996.35,,"{""type"":""sensor_data"",""sensor_name"":""Sensor_B"",""node_id"":1611764737,""sequence"":64066,""mesh_time_us"":3475653431,""uptime_ms"":320327784,""bmp280_connected"":true,""temperature_c"":26.31,""pressure_hpa"":996.35,""bmp280_address"":""0x76""}"
2026-09-20T23:06:13.709,2026-09-20 00:00:00,1789909573709,sensor_data,Sensor_A,1623979917,27,3478785657,131893,True,25.24,,996.74,,"{""type"":""sensor_data"",""sensor_name"":""Sensor_A"",""node_id"":1623979917,""sequence"":27,""mesh_time_us"":3478785657,""uptime_ms"":131893,""bmp280_connected"":true,""temperature_c"":25.24,""pressure_hpa"":996.74,""bmp280_address"":""0x76""}"
2026-09-20T23:06:16.229,2026-09-20 00:00:00,1789909576229,sensor_data,Sensor_B,1611764737,64067,3480653519,320332784,True,26.31,,996.33,,"{""type"":""sensor_data"",""sensor_name"":""Sensor_B"",""node_id"":1611764737,""sequence"":64067,""mesh_time_us"":3480653519,""uptime_ms"":320332784,""bmp280_connected"":true,""temperature_c"":26.31,""pressure_hpa"":996.33,""bmp280_address"":""0x76""}"
2026-09-20T23:06:19.429,2026-09-20 00:00:00,1789909579429,sensor_data,Sensor_A,1623979917,28,3483785661,136893,True,25.26,,996.75,,"{""type"":""sensor_data"",""sensor_name"":""Sensor_A"",""node_id"":1623979917,""sequence"":28,""mesh_time_us"":3483785661,""uptime_ms"":136893,""bmp280_connected"":true,""temperature_c"":25.26,""pressure_hpa"":996.75,""bmp280_address"":""0x76""}"
2026-09-20T23:06:20.501,2026-09-20 00:00:00,1789909580501,sensor_data,Sensor_B,1611764737,64068,3485653473,320337784,True,26.33,,996.33,,"{""type"":""sensor_data"",""sensor_name"":""Sensor_B"",""node_id"":1611764737,""sequence"":64068,""mesh_time_us"":3485653473,""uptime_ms"":320337784,""bmp280_connected"":true,""temperature_c"":26.33,""pressure_hpa"":996.33,""bmp280_address"":""0x76""}"
2026-09-20T23:06:25.123,2026-09-20 00:00:00,1789909585123,sensor_data,Sensor_A,1623979917,29,3488785690,141893,True,25.29,,996.77,,"{""type"":""sensor_data"",""sensor_name"":""Sensor_A"",""node_id"":1623979917,""sequence"":29,""mesh_time_us"":3488785690,""uptime_ms"":141893,""bmp280_connected"":true,""temperature_c"":25.29,""pressure_hpa"":996.77,""bmp280_address"":""0x76""}"
2026-09-20T23:06:26.774,2026-09-20 00:00:00,1789909586774,sensor_data,Sensor_B,1611764737,64069,3490653489,320342784,True,26.35,,996.33,,"{""type"":""sensor_data"",""sensor_name"":""Sensor_B"",""node_id"":1611764737,""sequence"":64069,""mesh_time_us"":3490653489,""uptime_ms"":320342784,""bmp280_connected"":true,""temperature_c"":26.35,""pressure_hpa"":996.33,""bmp280_address"":""0x76""}"
2026-09-20T23:06:28.770,2026-09-20 00:00:00,1789909588770,sensor_data,Sensor_A,1623979917,30,3493785681,146893,True,25.31,,996.78,,"{""type"":""sensor_data"",""sensor_name"":""Sensor_A"",""node_id"":1623979917,""sequence"":30,""mesh_time_us"":3493785681,""uptime_ms"":146893,""bmp280_connected"":true,""temperature_c"":25.31,""pressure_hpa"":996.78,""bmp280_address"":""0x76""}"
2026-09-20T23:06:30.709,2026-09-20 00:00:00,1789909590709,sensor_data,Sensor_B,1611764737,64070,3495653467,320347784,True,26.37,,996.34,,"{""type"":""sensor_data"",""sensor_name"":""Sensor_B"",""node_id"":1611764737,""sequence"":64070,""mesh_time_us"":3495653467,""uptime_ms"":320347784,""bmp280_connected"":true,""temperature_c"":26.37,""pressure_hpa"":996.34,""bmp280_address"":""0x76""}"
2026-09-20T23:06:33.826,2026-09-20 00:00:00,1789909593826,sensor_data,Sensor_A,1623979917,31,3498785644,151893,True,25.32,,996.78,,"{""type"":""sensor_data"",""sensor_name"":""Sensor_A"",""node_id"":1623979917,""sequence"":31,""mesh_time_us"":3498785644,""uptime_ms"":151893,""bmp280_connected"":true,""temperature_c"":25.32,""pressure_hpa"":996.78,""bmp280_address"":""0x76""}"
2026-09-20T23:06:35.500,2026-09-20 00:00:00,1789909595500,sensor_data,Sensor_B,1611764737,64071,3500653502,320352784,True,26.37,,996.33,,"{""type"":""sensor_data"",""sensor_name"":""Sensor_B"",""node_id"":1611764737,""sequence"":64071,""mesh_time_us"":3500653502,""uptime_ms"":320352784,""bmp280_connected"":true,""temperature_c"":26.37,""pressure_hpa"":996.33,""bmp280_address"":""0x76""}"
2026-09-20T23:06:58.394,2026-09-20 00:00:00,1789909618394,sensor_data,Sensor_A,1623979917,32,3503785655,156893,True,25.33,,996.77,,"{""type"":""sensor_data"",""sensor_name"":""Sensor_A"",""node_id"":1623979917,""sequence"":32,""mesh_time_us"":3503785655,""uptime_ms"":156893,""bmp280_connected"":true,""temperature_c"":25.33,""pressure_hpa"":996.77,""bmp280_address"":""0x76""}"
2026-09-20T23:06:58.661,2026-09-20 00:00:00,1789909618661,sensor_data,Sensor_B,1611764737,64072,3505653493,320357784,True,26.36,,996.3,,"{""type"":""sensor_data"",""sensor_name"":""Sensor_B"",""node_id"":1611764737,""sequence"":64072,""mesh_time_us"":3505653493,""uptime_ms"":320357784,""bmp280_connected"":true,""temperature_c"":26.36,""pressure_hpa"":996.30,""bmp280_address"":""0x76""}"
2026-09-20T23:06:58.686,2026-09-20 00:00:00,1789909618686,sensor_data,Sensor_A,1623979917,33,3508785644,161893,True,25.33,,996.75,,"{""type"":""sensor_data"",""sensor_name"":""Sensor_A"",""node_id"":1623979917,""sequence"":33,""mesh_time_us"":3508785644,""uptime_ms"":161893,""bmp280_connected"":true,""temperature_c"":25.33,""pressure_hpa"":996.75,""bmp280_address"":""0x76""}"
2026-09-20T23:06:58.709,2026-09-20 00:00:00,1789909618709,sensor_data,Sensor_B,1611764737,64073,3510653509,320362784,True,26.38,,996.33,,"{""type"":""sensor_data"",""sensor_name"":""Sensor_B"",""node_id"":1611764737,""sequence"":64073,""mesh_time_us"":3510653509,""uptime_ms"":320362784,""bmp280_connected"":true,""temperature_c"":26.38,""pressure_hpa"":996.33,""bmp280_address"":""0x76""}"
2026-09-20T23:06:58.729,2026-09-20 00:00:00,1789909618729,sensor_data,Sensor_A,1623979917,34,3513785655,166893,True,25.31,,996.71,,"{""type"":""sensor_data"",""sensor_name"":""Sensor_A"",""node_id"":1623979917,""sequence"":34,""mesh_time_us"":3513785655,""uptime_ms"":166893,""bmp280_connected"":true,""temperature_c"":25.31,""pressure_hpa"":996.71,""bmp280_address"":""0x76""}"
2026-09-20T23:06:58.833,2026-09-20 00:00:00,1789909618833,sensor_data,Sensor_B,1611764737,64074,3515653412,320367784,True,26.39,,996.33,,"{""type"":""sensor_data"",""sensor_name"":""Sensor_B"",""node_id"":1611764737,""sequence"":64074,""mesh_time_us"":3515653412,""uptime_ms"":320367784,""bmp280_connected"":true,""temperature_c"":26.39,""pressure_hpa"":996.33,""bmp280_address"":""0x76""}"
2026-09-20T23:06:58.862,2026-09-20 00:00:00,1789909618862,sensor_data,Sensor_A,1623979917,35,3518785689,171893,True,25.33,,996.72,,"{""type"":""sensor_data"",""sensor_name"":""Sensor_A"",""node_id"":1623979917,""sequence"":35,""mesh_time_us"":3518785689,""uptime_ms"":171893,""bmp280_connected"":true,""temperature_c"":25.33,""pressure_hpa"":996.72,""bmp280_address"":""0x76""}"
2026-09-20T23:06:58.886,2026-09-20 00:00:00,1789909618886,sensor_data,Sensor_B,1611764737,64075,3520653503,320372784,True,26.39,,996.35,,"{""type"":""sensor_data"",""sensor_name"":""Sensor_B"",""node_id"":1611764737,""sequence"":64075,""mesh_time_us"":3520653503,""uptime_ms"":320372784,""bmp280_connected"":true,""temperature_c"":26.39,""pressure_hpa"":996.35,""bmp280_address"":""0x76""}"
2026-09-20T23:06:58.910,2026-09-20 00:00:00,1789909618910,sensor_data,Sensor_A,1623979917,36,3523785642,176893,True,25.31,,996.7,,"{""type"":""sensor_data"",""sensor_name"":""Sensor_A"",""node_id"":1623979917,""sequence"":36,""mesh_time_us"":3523785642,""uptime_ms"":176893,""bmp280_connected"":true,""temperature_c"":25.31,""pressure_hpa"":996.70,""bmp280_address"":""0x76""}"
2026-09-20T23:07:05.756,2026-09-20 00:00:00,1789909625756,sensor_data,Sensor_B,1611764737,64076,3525653519,320377784,True,26.39,,996.37,,"{""type"":""sensor_data"",""sensor_name"":""Sensor_B"",""node_id"":1611764737,""sequence"":64076,""mesh_time_us"":3525653519,""uptime_ms"":320377784,""bmp280_connected"":true,""temperature_c"":26.39,""pressure_hpa"":996.37,""bmp280_address"":""0x76""}"
2026-09-20T23:07:06.033,2026-09-20 00:00:00,1789909626033,sensor_data,Sensor_A,1623979917,37,3528785669,181893,True,25.31,,996.69,,"{""type"":""sensor_data"",""sensor_name"":""Sensor_A"",""node_id"":1623979917,""sequence"":37,""mesh_time_us"":3528785669,""uptime_ms"":181893,""bmp280_connected"":true,""temperature_c"":25.31,""pressure_hpa"":996.69,""bmp280_address"":""0x76""}"
2026-09-20T23:07:06.058,2026-09-20 00:00:00,1789909626058,sensor_data,Sensor_B,1611764737,64077,3530653536,320382784,True,26.36,,996.36,,"{""type"":""sensor_data"",""sensor_name"":""Sensor_B"",""node_id"":1611764737,""sequence"":64077,""mesh_time_us"":3530653536,""uptime_ms"":320382784,""bmp280_connected"":true,""temperature_c"":26.36,""pressure_hpa"":996.36,""bmp280_address"":""0x76""}"
2026-09-20T23:07:12.741,2026-09-20 00:00:00,1789909632741,sensor_data,Sensor_A,1623979917,38,3533786099,186893,True,25.31,,996.7,,"{""type"":""sensor_data"",""sensor_name"":""Sensor_A"",""node_id"":1623979917,""sequence"":38,""mesh_time_us"":3533786099,""uptime_ms"":186893,""bmp280_connected"":true,""temperature_c"":25.31,""pressure_hpa"":996.70,""bmp280_address"":""0x76""}"
2026-09-20T23:07:13.202,2026-09-20 00:00:00,1789909633202,sensor_data,Sensor_B,1611764737,64078,3535653476,320387784,True,26.35,,996.38,,"{""type"":""sensor_data"",""sensor_name"":""Sensor_B"",""node_id"":1611764737,""sequence"":64078,""mesh_time_us"":3535653476,""uptime_ms"":320387784,""bmp280_connected"":true,""temperature_c"":26.35,""pressure_hpa"":996.38,""bmp280_address"":""0x76""}"
2026-09-20T23:07:13.733,2026-09-20 00:00:00,1789909633733,sensor_data,Sensor_A,1623979917,39,3538786087,191893,True,25.31,,996.7,,"{""type"":""sensor_data"",""sensor_name"":""Sensor_A"",""node_id"":1623979917,""sequence"":39,""mesh_time_us"":3538786087,""uptime_ms"":191893,""bmp280_connected"":true,""temperature_c"":25.31,""pressure_hpa"":996.70,""bmp280_address"":""0x76""}"
2026-09-20T23:07:26.367,2026-09-20 00:00:00,1789909646367,sensor_data,Sensor_B,1611764737,64079,3540653485,320392784,True,26.34,,996.42,,"{""type"":""sensor_data"",""sensor_name"":""Sensor_B"",""node_id"":1611764737,""sequence"":64079,""mesh_time_us"":3540653485,""uptime_ms"":320392784,""bmp280_connected"":true,""temperature_c"":26.34,""pressure_hpa"":996.42,""bmp280_address"":""0x76""}"
2026-09-20T23:07:27.746,2026-09-20 00:00:00,1789909647746,sensor_data,Sensor_A,1623979917,40,3543786036,196893,True,25.36,,996.78,,"{""type"":""sensor_data"",""sensor_name"":""Sensor_A"",""node_id"":1623979917,""sequence"":40,""mesh_time_us"":3543786036,""uptime_ms"":196893,""bmp280_connected"":true,""temperature_c"":25.36,""pressure_hpa"":996.78,""bmp280_address"":""0x76""}"
2026-09-20T23:07:27.778,2026-09-20 00:00:00,1789909647778,sensor_data,Sensor_B,1611764737,64080,3545653491,320397784,True,26.34,,996.43,,"{""type"":""sensor_data"",""sensor_name"":""Sensor_B"",""node_id"":1611764737,""sequence"":64080,""mesh_time_us"":3545653491,""uptime_ms"":320397784,""bmp280_connected"":true,""temperature_c"":26.34,""pressure_hpa"":996.43,""bmp280_address"":""0x76""}"
2026-09-20T23:07:27.805,2026-09-20 00:00:00,1789909647805,sensor_data,Sensor_A,1623979917,41,3548786046,201893,True,25.39,,996.83,,"{""type"":""sensor_data"",""sensor_name"":""Sensor_A"",""node_id"":1623979917,""sequence"":41,""mesh_time_us"":3548786046,""uptime_ms"":201893,""bmp280_connected"":true,""temperature_c"":25.39,""pressure_hpa"":996.83,""bmp280_address"":""0x76""}"
2026-09-20T23:07:27.823,2026-09-20 00:00:00,1789909647823,sensor_data,Sensor_B,1611764737,64081,3550653438,320402784,True,26.34,,996.46,,"{""type"":""sensor_data"",""sensor_name"":""Sensor_B"",""node_id"":1611764737,""sequence"":64081,""mesh_time_us"":3550653438,""uptime_ms"":320402784,""bmp280_connected"":true,""temperature_c"":26.34,""pressure_hpa"":996.46,""bmp280_address"":""0x76""}"
2026-09-20T23:07:28.660,2026-09-20 00:00:00,1789909648660,sensor_data,Sensor_A,1623979917,42,3553786029,206893,True,25.41,,996.86,,"{""type"":""sensor_data"",""sensor_name"":""Sensor_A"",""node_id"":1623979917,""sequence"":42,""mesh_time_us"":3553786029,""uptime_ms"":206893,""bmp280_connected"":true,""temperature_c"":25.41,""pressure_hpa"":996.86,""bmp280_address"":""0x76""}"
2026-09-20T23:07:30.499,2026-09-20 00:00:00,1789909650499,sensor_data,Sensor_B,1611764737,64082,3555653471,320407784,True,26.34,,996.47,,"{""type"":""sensor_data"",""sensor_name"":""Sensor_B"",""node_id"":1611764737,""sequence"":64082,""mesh_time_us"":3555653471,""uptime_ms"":320407784,""bmp280_connected"":true,""temperature_c"":26.34,""pressure_hpa"":996.47,""bmp280_address"":""0x76""}"
2026-09-20T23:07:59.480,2026-09-20 00:00:00,1789909679480,sensor_data,Sensor_A,1623979917,43,3558786035,211893,True,25.42,,996.89,,"{""type"":""sensor_data"",""sensor_name"":""Sensor_A"",""node_id"":1623979917,""sequence"":43,""mesh_time_us"":3558786035,""uptime_ms"":211893,""bmp280_connected"":true,""temperature_c"":25.42,""pressure_hpa"":996.89,""bmp280_address"":""0x76""}"
2026-09-20T23:07:59.516,2026-09-20 00:00:00,1789909679516,sensor_data,Sensor_B,1611764737,64083,3560653463,320412784,True,26.31,,996.42,,"{""type"":""sensor_data"",""sensor_name"":""Sensor_B"",""node_id"":1611764737,""sequence"":64083,""mesh_time_us"":3560653463,""uptime_ms"":320412784,""bmp280_connected"":true,""temperature_c"":26.31,""pressure_hpa"":996.42,""bmp280_address"":""0x76""}"
2026-09-20T23:07:59.539,2026-09-20 00:00:00,1789909679539,sensor_data,Sensor_A,1623979917,44,3563786044,216893,True,25.43,,996.91,,"{""type"":""sensor_data"",""sensor_name"":""Sensor_A"",""node_id"":1623979917,""sequence"":44,""mesh_time_us"":3563786044,""uptime_ms"":216893,""bmp280_connected"":true,""temperature_c"":25.43,""pressure_hpa"":996.91,""bmp280_address"":""0x76""}"
2026-09-20T23:07:59.563,2026-09-20 00:00:00,1789909679563,sensor_data,Sensor_B,1611764737,64084,3565653494,320417784,True,26.33,,996.44,,"{""type"":""sensor_data"",""sensor_name"":""Sensor_B"",""node_id"":1611764737,""sequence"":64084,""mesh_time_us"":3565653494,""uptime_ms"":320417784,""bmp280_connected"":true,""temperature_c"":26.33,""pressure_hpa"":996.44,""bmp280_address"":""0x76""}"
2026-09-20T23:07:59.585,2026-09-20 00:00:00,1789909679585,sensor_data,Sensor_A,1623979917,45,3568786047,221893,True,25.44,,996.93,,"{""type"":""sensor_data"",""sensor_name"":""Sensor_A"",""node_id"":1623979917,""sequence"":45,""mesh_time_us"":3568786047,""uptime_ms"":221893,""bmp280_connected"":true,""temperature_c"":25.44,""pressure_hpa"":996.93,""bmp280_address"":""0x76""}"
2026-09-20T23:07:59.607,2026-09-20 00:00:00,1789909679607,sensor_data,Sensor_B,1611764737,64085,3570653500,320422784,True,26.34,,996.45,,"{""type"":""sensor_data"",""sensor_name"":""Sensor_B"",""node_id"":1611764737,""sequence"":64085,""mesh_time_us"":3570653500,""uptime_ms"":320422784,""bmp280_connected"":true,""temperature_c"":26.34,""pressure_hpa"":996.45,""bmp280_address"":""0x76""}"
2026-09-20T23:07:59.629,2026-09-20 00:00:00,1789909679629,sensor_data,Sensor_A,1623979917,46,3573786045,226893,True,25.45,,996.93,,"{""type"":""sensor_data"",""sensor_name"":""Sensor_A"",""node_id"":1623979917,""sequence"":46,""mesh_time_us"":3573786045,""uptime_ms"":226893,""bmp280_connected"":true,""temperature_c"":25.45,""pressure_hpa"":996.93,""bmp280_address"":""0x76""}"
2026-09-20T23:07:59.647,2026-09-20 00:00:00,1789909679647,sensor_data,Sensor_B,1611764737,64086,3575653427,320427784,True,26.35,,996.48,,"{""type"":""sensor_data"",""sensor_name"":""Sensor_B"",""node_id"":1611764737,""sequence"":64086,""mesh_time_us"":3575653427,""uptime_ms"":320427784,""bmp280_connected"":true,""temperature_c"":26.35,""pressure_hpa"":996.48,""bmp280_address"":""0x76""}"
2026-09-20T23:07:59.665,2026-09-20 00:00:00,1789909679665,sensor_data,Sensor_A,1623979917,47,3578786080,231893,True,25.45,,996.93,,"{""type"":""sensor_data"",""sensor_name"":""Sensor_A"",""node_id"":1623979917,""sequence"":47,""mesh_time_us"":3578786080,""uptime_ms"":231893,""bmp280_connected"":true,""temperature_c"":25.45,""pressure_hpa"":996.93,""bmp280_address"":""0x76""}"
2026-09-20T23:07:59.683,2026-09-20 00:00:00,1789909679683,sensor_data,Sensor_B,1611764737,64087,3580653504,320432784,True,26.36,,996.49,,"{""type"":""sensor_data"",""sensor_name"":""Sensor_B"",""node_id"":1611764737,""sequence"":64087,""mesh_time_us"":3580653504,""uptime_ms"":320432784,""bmp280_connected"":true,""temperature_c"":26.36,""pressure_hpa"":996.49,""bmp280_address"":""0x76""}"
2026-09-20T23:07:59.701,2026-09-20 00:00:00,1789909679701,sensor_data,Sensor_A,1623979917,48,3583786058,236893,True,25.47,,996.96,,"{""type"":""sensor_data"",""sensor_name"":""Sensor_A"",""node_id"":1623979917,""sequence"":48,""mesh_time_us"":3583786058,""uptime_ms"":236893,""bmp280_connected"":true,""temperature_c"":25.47,""pressure_hpa"":996.96,""bmp280_address"":""0x76""}"
2026-09-20T23:08:00.596,2026-09-20 00:00:00,1789909680596,sensor_data,Sensor_B,1611764737,64088,3585653443,320437784,True,26.36,,996.53,,"{""type"":""sensor_data"",""sensor_name"":""Sensor_B"",""node_id"":1611764737,""sequence"":64088,""mesh_time_us"":3585653443,""uptime_ms"":320437784,""bmp280_connected"":true,""temperature_c"":26.36,""pressure_hpa"":996.53,""bmp280_address"":""0x76""}"
2026-09-20T23:08:06.741,2026-09-20 00:00:00,1789909686741,sensor_data,Sensor_A,1623979917,49,3588786061,241893,True,25.48,,996.98,,"{""type"":""sensor_data"",""sensor_name"":""Sensor_A"",""node_id"":1623979917,""sequence"":49,""mesh_time_us"":3588786061,""uptime_ms"":241893,""bmp280_connected"":true,""temperature_c"":25.48,""pressure_hpa"":996.98,""bmp280_address"":""0x76""}"
2026-09-20T23:08:06.858,2026-09-20 00:00:00,1789909686858,sensor_data,Sensor_B,1611764737,64089,3590653530,320442784,True,26.34,,996.51,,"{""type"":""sensor_data"",""sensor_name"":""Sensor_B"",""node_id"":1611764737,""sequence"":64089,""mesh_time_us"":3590653530,""uptime_ms"":320442784,""bmp280_connected"":true,""temperature_c"":26.34,""pressure_hpa"":996.51,""bmp280_address"":""0x76""}"
2026-09-20T23:08:08.671,2026-09-20 00:00:00,1789909688671,sensor_data,Sensor_A,1623979917,50,3593784586,246893,True,25.49,,996.99,,"{""type"":""sensor_data"",""sensor_name"":""Sensor_A"",""node_id"":1623979917,""sequence"":50,""mesh_time_us"":3593784586,""uptime_ms"":246893,""bmp280_connected"":true,""temperature_c"":25.49,""pressure_hpa"":996.99,""bmp280_address"":""0x76""}"
2026-09-20T23:08:40.495,2026-09-20 00:00:00,1789909720495,sensor_data,Sensor_B,1611764737,64096,3625653461,320477784,True,26.33,,996.44,,"{""type"":""sensor_data"",""sensor_name"":""Sensor_B"",""node_id"":1611764737,""sequence"":64096,""mesh_time_us"":3625653461,""uptime_ms"":320477784,""bmp280_connected"":true,""temperature_c"":26.33,""pressure_hpa"":996.44,""bmp280_address"":""0x76""}"
2026-09-20T23:08:45.494,2026-09-20 00:00:00,1789909725494,sensor_data,Sensor_B,1611764737,64097,3630653513,320482784,True,26.33,,996.44,,"{""type"":""sensor_data"",""sensor_name"":""Sensor_B"",""node_id"":1611764737,""sequence"":64097,""mesh_time_us"":3630653513,""uptime_ms"":320482784,""bmp280_connected"":true,""temperature_c"":26.33,""pressure_hpa"":996.44,""bmp280_address"":""0x76""}"
2026-09-20T23:08:51.357,2026-09-20 00:00:00,1789909731357,sensor_data,Sensor_B,1611764737,64098,3635653465,320487784,True,26.33,,996.42,,"{""type"":""sensor_data"",""sensor_name"":""Sensor_B"",""node_id"":1611764737,""sequence"":64098,""mesh_time_us"":3635653465,""uptime_ms"":320487784,""bmp280_connected"":true,""temperature_c"":26.33,""pressure_hpa"":996.42,""bmp280_address"":""0x76""}"
2026-09-20T23:08:55.536,2026-09-20 00:00:00,1789909735536,sensor_data,Sensor_B,1611764737,64099,3640653430,320492784,True,26.34,,996.44,,"{""type"":""sensor_data"",""sensor_name"":""Sensor_B"",""node_id"":1611764737,""sequence"":64099,""mesh_time_us"":3640653430,""uptime_ms"":320492784,""bmp280_connected"":true,""temperature_c"":26.34,""pressure_hpa"":996.44,""bmp280_address"":""0x76""}"
2026-09-20T23:09:00.652,2026-09-20 00:00:00,1789909740652,sensor_data,Sensor_B,1611764737,64100,3645653437,320497784,True,26.35,,996.44,,"{""type"":""sensor_data"",""sensor_name"":""Sensor_B"",""node_id"":1611764737,""sequence"":64100,""mesh_time_us"":3645653437,""uptime_ms"":320497784,""bmp280_connected"":true,""temperature_c"":26.35,""pressure_hpa"":996.44,""bmp280_address"":""0x76""}"
2026-09-20T23:09:06.591,2026-09-20 00:00:00,1789909746591,sensor_data,Sensor_B,1611764737,64101,3650653463,320502784,True,26.36,,996.44,,"{""type"":""sensor_data"",""sensor_name"":""Sensor_B"",""node_id"":1611764737,""sequence"":64101,""mesh_time_us"":3650653463,""uptime_ms"":320502784,""bmp280_connected"":true,""temperature_c"":26.36,""pressure_hpa"":996.44,""bmp280_address"":""0x76""}"
2026-09-20T23:09:18.279,2026-09-20 00:00:00,1789909758279,sensor_data,Sensor_B,1611764737,64102,3655653444,320507784,True,26.34,,996.37,,"{""type"":""sensor_data"",""sensor_name"":""Sensor_B"",""node_id"":1611764737,""sequence"":64102,""mesh_time_us"":3655653444,""uptime_ms"":320507784,""bmp280_connected"":true,""temperature_c"":26.34,""pressure_hpa"":996.37,""bmp280_address"":""0x76""}"
2026-09-20T23:09:18.538,2026-09-20 00:00:00,1789909758538,sensor_data,Sensor_B,1611764737,64103,3660653446,320512784,True,26.36,,996.37,,"{""type"":""sensor_data"",""sensor_name"":""Sensor_B"",""node_id"":1611764737,""sequence"":64103,""mesh_time_us"":3660653446,""uptime_ms"":320512784,""bmp280_connected"":true,""temperature_c"":26.36,""pressure_hpa"":996.37,""bmp280_address"":""0x76""}"
2026-09-20T23:09:20.493,2026-09-20 00:00:00,1789909760493,sensor_data,Sensor_B,1611764737,64104,3665653473,320517784,True,26.37,,996.36,,"{""type"":""sensor_data"",""sensor_name"":""Sensor_B"",""node_id"":1611764737,""sequence"":64104,""mesh_time_us"":3665653473,""uptime_ms"":320517784,""bmp280_connected"":true,""temperature_c"":26.37,""pressure_hpa"":996.36,""bmp280_address"":""0x76""}"
2026-09-20T23:09:25.493,2026-09-20 00:00:00,1789909765493,sensor_data,Sensor_B,1611764737,64105,3670653450,320522784,True,26.39,,996.39,,"{""type"":""sensor_data"",""sensor_name"":""Sensor_B"",""node_id"":1611764737,""sequence"":64105,""mesh_time_us"":3670653450,""uptime_ms"":320522784,""bmp280_connected"":true,""temperature_c"":26.39,""pressure_hpa"":996.39,""bmp280_address"":""0x76""}"
2026-09-20T23:09:33.505,2026-09-20 00:00:00,1789909773505,sensor_data,Sensor_B,1611764737,64106,3675653437,320527784,True,26.4,,996.4,,"{""type"":""sensor_data"",""sensor_name"":""Sensor_B"",""node_id"":1611764737,""sequence"":64106,""mesh_time_us"":3675653437,""uptime_ms"":320527784,""bmp280_connected"":true,""temperature_c"":26.40,""pressure_hpa"":996.40,""bmp280_address"":""0x76""}"
2026-09-20T23:09:35.880,2026-09-20 00:00:00,1789909775880,sensor_data,Sensor_B,1611764737,64107,3680653442,320532784,True,26.39,,996.42,,"{""type"":""sensor_data"",""sensor_name"":""Sensor_B"",""node_id"":1611764737,""sequence"":64107,""mesh_time_us"":3680653442,""uptime_ms"":320532784,""bmp280_connected"":true,""temperature_c"":26.39,""pressure_hpa"":996.42,""bmp280_address"":""0x76""}"
2026-09-20T23:09:40.522,2026-09-20 00:00:00,1789909780522,sensor_data,Sensor_B,1611764737,64108,3685659940,320537784,True,26.34,,996.4,,"{""type"":""sensor_data"",""sensor_name"":""Sensor_B"",""node_id"":1611764737,""sequence"":64108,""mesh_time_us"":3685659940,""uptime_ms"":320537784,""bmp280_connected"":true,""temperature_c"":26.34,""pressure_hpa"":996.40,""bmp280_address"":""0x76""}"
2026-09-20T23:09:48.787,2026-09-20 00:00:00,1789909788787,sensor_data,Sensor_B,1611764737,64109,3690659960,320542784,True,26.32,,996.43,,"{""type"":""sensor_data"",""sensor_name"":""Sensor_B"",""node_id"":1611764737,""sequence"":64109,""mesh_time_us"":3690659960,""uptime_ms"":320542784,""bmp280_connected"":true,""temperature_c"":26.32,""pressure_hpa"":996.43,""bmp280_address"":""0x76""}"
2026-09-20T23:09:54.174,2026-09-20 00:00:00,1789909794174,sensor_data,Sensor_B,1611764737,64110,3695659943,320547784,True,26.3,,996.43,,"{""type"":""sensor_data"",""sensor_name"":""Sensor_B"",""node_id"":1611764737,""sequence"":64110,""mesh_time_us"":3695659943,""uptime_ms"":320547784,""bmp280_connected"":true,""temperature_c"":26.30,""pressure_hpa"":996.43,""bmp280_address"":""0x76""}"
2026-09-20T23:09:55.759,2026-09-20 00:00:00,1789909795759,sensor_data,Sensor_B,1611764737,64111,3700659911,320552784,True,26.31,,996.44,,"{""type"":""sensor_data"",""sensor_name"":""Sensor_B"",""node_id"":1611764737,""sequence"":64111,""mesh_time_us"":3700659911,""uptime_ms"":320552784,""bmp280_connected"":true,""temperature_c"":26.31,""pressure_hpa"":996.44,""bmp280_address"":""0x76""}"
2026-09-20T23:10:11.292,2026-09-20 00:00:00,1789909811292,sensor_data,Sensor_B,1611764737,64112,3705659963,320557784,True,26.31,,996.44,,"{""type"":""sensor_data"",""sensor_name"":""Sensor_B"",""node_id"":1611764737,""sequence"":64112,""mesh_time_us"":3705659963,""uptime_ms"":320557784,""bmp280_connected"":true,""temperature_c"":26.31,""pressure_hpa"":996.44,""bmp280_address"":""0x76""}"
2026-09-20T23:10:11.582,2026-09-20 00:00:00,1789909811582,sensor_data,Sensor_B,1611764737,64113,3710659981,320562784,True,26.32,,996.41,,"{""type"":""sensor_data"",""sensor_name"":""Sensor_B"",""node_id"":1611764737,""sequence"":64113,""mesh_time_us"":3710659981,""uptime_ms"":320562784,""bmp280_connected"":true,""temperature_c"":26.32,""pressure_hpa"":996.41,""bmp280_address"":""0x76""}"
2026-09-20T23:10:11.611,2026-09-20 00:00:00,1789909811611,sensor_data,Sensor_B,1611764737,64114,3715659922,320567784,True,26.34,,996.41,,"{""type"":""sensor_data"",""sensor_name"":""Sensor_B"",""node_id"":1611764737,""sequence"":64114,""mesh_time_us"":3715659922,""uptime_ms"":320567784,""bmp280_connected"":true,""temperature_c"":26.34,""pressure_hpa"":996.41,""bmp280_address"":""0x76""}"
2026-09-20T23:10:19.009,2026-09-20 00:00:00,1789909819009,sensor_data,Sensor_B,1611764737,64115,3720659942,320572784,True,26.36,,996.4,,"{""type"":""sensor_data"",""sensor_name"":""Sensor_B"",""node_id"":1611764737,""sequence"":64115,""mesh_time_us"":3720659942,""uptime_ms"":320572784,""bmp280_connected"":true,""temperature_c"":26.36,""pressure_hpa"":996.40,""bmp280_address"":""0x76""}"
2026-09-20T23:10:23.296,2026-09-20 00:00:00,1789909823296,sensor_data,Sensor_B,1611764737,64116,3725659927,320577784,True,26.32,,996.34,,"{""type"":""sensor_data"",""sensor_name"":""Sensor_B"",""node_id"":1611764737,""sequence"":64116,""mesh_time_us"":3725659927,""uptime_ms"":320577784,""bmp280_connected"":true,""temperature_c"":26.32,""pressure_hpa"":996.34,""bmp280_address"":""0x76""}"
2026-09-20T23:10:25.511,2026-09-20 00:00:00,1789909825511,sensor_data,Sensor_B,1611764737,64117,3730659958,320582784,True,26.31,,996.31,,"{""type"":""sensor_data"",""sensor_name"":""Sensor_B"",""node_id"":1611764737,""sequence"":64117,""mesh_time_us"":3730659958,""uptime_ms"":320582784,""bmp280_connected"":true,""temperature_c"":26.31,""pressure_hpa"":996.31,""bmp280_address"":""0x76""}"
2026-09-20T23:10:30.687,2026-09-20 00:00:00,1789909830687,sensor_data,Sensor_B,1611764737,64118,3735659959,320587784,True,26.31,,996.35,,"{""type"":""sensor_data"",""sensor_name"":""Sensor_B"",""node_id"":1611764737,""sequence"":64118,""mesh_time_us"":3735659959,""uptime_ms"":320587784,""bmp280_connected"":true,""temperature_c"":26.31,""pressure_hpa"":996.35,""bmp280_address"":""0x76""}"
